2026-07-31 12:07:59.584 +06:00 [INF] Now listening on: https://localhost:7024
2026-07-31 12:07:59.695 +06:00 [INF] Now listening on: http://localhost:5041
2026-07-31 12:07:59.906 +06:00 [INF] Application started. Press Ctrl+C to shut down.
2026-07-31 12:07:59.910 +06:00 [INF] Hosting environment: Development
2026-07-31 12:07:59.923 +06:00 [INF] Content root path: D:\Projects\2026\private-messenger\backend\PrivateMessenger.Presentation
2026-07-31 12:08:13.929 +06:00 [INF] Request starting HTTP/2 GET https://localhost:7024/swagger/ - null null
2026-07-31 12:08:14.390 +06:00 [INF] Request finished HTTP/2 GET https://localhost:7024/swagger/ - 301 null null 469.0509ms
2026-07-31 12:08:14.434 +06:00 [INF] Request starting HTTP/2 GET https://localhost:7024/swagger/index.html - null null
2026-07-31 12:08:14.739 +06:00 [INF] Request finished HTTP/2 GET https://localhost:7024/swagger/index.html - 304 null null 305.2676ms
2026-07-31 12:08:15.752 +06:00 [INF] Request starting HTTP/2 GET https://localhost:7024/_framework/aspnetcore-browser-refresh.js - null null
2026-07-31 12:08:15.827 +06:00 [INF] Request starting HTTP/2 GET https://localhost:7024/swagger/swagger-ui.css - null null
2026-07-31 12:08:15.827 +06:00 [INF] Request starting HTTP/2 GET https://localhost:7024/swagger/index.css - null null
2026-07-31 12:08:15.831 +06:00 [INF] Request starting HTTP/2 GET https://localhost:7024/swagger/swagger-ui-standalone-preset.js - null null
2026-07-31 12:08:15.869 +06:00 [INF] Request starting HTTP/2 GET https://localhost:7024/swagger/swagger-ui-bundle.js - null null
2026-07-31 12:08:15.968 +06:00 [INF] Request finished HTTP/2 GET https://localhost:7024/swagger/index.css - 304 null null 140.7794ms
2026-07-31 12:08:15.969 +06:00 [INF] Request finished HTTP/2 GET https://localhost:7024/swagger/swagger-ui.css - 304 null null 141.7792ms
2026-07-31 12:08:16.013 +06:00 [INF] Request starting HTTP/2 GET https://localhost:7024/_vs/browserLink - null null
2026-07-31 12:08:16.021 +06:00 [INF] Request finished HTTP/2 GET https://localhost:7024/swagger/swagger-ui-bundle.js - 304 null null 151.996ms
2026-07-31 12:08:15.983 +06:00 [INF] Request finished HTTP/2 GET https://localhost:7024/swagger/swagger-ui-standalone-preset.js - 304 null null 150.9098ms
2026-07-31 12:08:16.005 +06:00 [INF] Request starting HTTP/2 GET https://localhost:7024/swagger/index.js - null null
2026-07-31 12:08:16.040 +06:00 [INF] Request starting HTTP/2 GET https://localhost:7024/.well-known/appspecific/com.chrome.devtools.json - null null
2026-07-31 12:08:16.133 +06:00 [INF] Request finished HTTP/2 GET https://localhost:7024/_framework/aspnetcore-browser-refresh.js - 200 14963 application/javascript; charset=utf-8 380.7937ms
2026-07-31 12:08:16.679 +06:00 [INF] Request finished HTTP/2 GET https://localhost:7024/_vs/browserLink - 200 null text/javascript; charset=UTF-8 665.5365ms
2026-07-31 12:08:16.687 +06:00 [INF] Request finished HTTP/2 GET https://localhost:7024/swagger/index.js - 304 null null 682.4106ms
2026-07-31 12:08:16.740 +06:00 [INF] Request finished HTTP/2 GET https://localhost:7024/.well-known/appspecific/com.chrome.devtools.json - 404 0 null 699.6531ms
2026-07-31 12:08:16.811 +06:00 [INF] Request reached the end of the middleware pipeline without being handled by application code. Request path: GET https://localhost:7024/.well-known/appspecific/com.chrome.devtools.json, Response status code: 404
2026-07-31 12:08:18.427 +06:00 [INF] Request starting HTTP/2 GET https://localhost:7024/swagger/v1/swagger.json - null null
2026-07-31 12:08:18.700 +06:00 [ERR] An unhandled exception has occurred while executing the request.
System.MissingMethodException: Method not found: 'System.Collections.Generic.IDictionary`2<System.String,Microsoft.OpenApi.OpenApiMediaType> Microsoft.OpenApi.IOpenApiRequestBody.get_Content()'.
   at Swashbuckle.AspNetCore.SwaggerGen.SwaggerGenerator.GenerateOpenApiOperationFromMetadataAsync(ApiDescription apiDescription, SchemaRepository schemaRepository, OpenApiDocument document)
   at Swashbuckle.AspNetCore.SwaggerGen.SwaggerGenerator.GenerateOpenApiOperationFromMetadataAsync(ApiDescription apiDescription, SchemaRepository schemaRepository, OpenApiDocument document)
   at System.Runtime.CompilerServices.AsyncMethodBuilderCore.Start[TStateMachine](TStateMachine& stateMachine)
   at Swashbuckle.AspNetCore.SwaggerGen.SwaggerGenerator.GenerateOpenApiOperationFromMetadataAsync(ApiDescription apiDescription, SchemaRepository schemaRepository, OpenApiDocument document)
   at Swashbuckle.AspNetCore.SwaggerGen.SwaggerGenerator.GenerateOperationAsync(OpenApiDocument document, ApiDescription apiDescription, SchemaRepository schemaRepository, Func`4 parametersGenerator, Func`4 bodyGenerator, Func`3 applyFilters)
   at Swashbuckle.AspNetCore.SwaggerGen.SwaggerGenerator.GenerateOperationAsync(OpenApiDocument document, ApiDescription apiDescription, SchemaRepository schemaRepository)
   at Swashbuckle.AspNetCore.SwaggerGen.SwaggerGenerator.GenerateOperationsAsync(OpenApiDocument document, IEnumerable`1 apiDescriptions, SchemaRepository schemaRepository)
   at Swashbuckle.AspNetCore.SwaggerGen.SwaggerGenerator.GeneratePathsAsync(OpenApiDocument document, IEnumerable`1 apiDescriptions, SchemaRepository schemaRepository, Func`4 operationsGenerator)
   at Swashbuckle.AspNetCore.SwaggerGen.SwaggerGenerator.GeneratePathsAsync(OpenApiDocument document, IEnumerable`1 apiDescriptions, SchemaRepository schemaRepository)
   at Swashbuckle.AspNetCore.SwaggerGen.SwaggerGenerator.GetSwaggerAsync(String documentName, String host, String basePath)
   at Swashbuckle.AspNetCore.Swagger.SwaggerMiddleware.Invoke(HttpContext httpContext, ISwaggerProvider swaggerProvider)
   at Microsoft.AspNetCore.Authentication.AuthenticationMiddleware.Invoke(HttpContext context)
   at Microsoft.AspNetCore.Diagnostics.DeveloperExceptionPageMiddlewareImpl.Invoke(HttpContext context)
2026-07-31 12:08:18.821 +06:00 [INF] Request finished HTTP/2 GET https://localhost:7024/swagger/v1/swagger.json - 500 null text/plain; charset=utf-8 394.4356ms
2026-07-31 12:08:19.859 +06:00 [INF] Request starting HTTP/2 GET https://localhost:7024/_framework/aspnetcore-browser-refresh.js - null null
2026-07-31 12:08:19.859 +06:00 [INF] Request starting HTTP/2 GET https://localhost:7024/swagger/swagger-ui-bundle.js - null null
2026-07-31 12:08:19.859 +06:00 [INF] Request starting HTTP/2 GET https://localhost:7024/_vs/browserLink - null null
2026-07-31 12:08:19.859 +06:00 [INF] Request starting HTTP/2 GET https://localhost:7024/swagger/swagger-ui-standalone-preset.js - null null
2026-07-31 12:08:19.865 +06:00 [INF] Request starting HTTP/2 GET https://localhost:7024/swagger/index.js - null null
2026-07-31 12:08:19.875 +06:00 [INF] Request finished HTTP/2 GET https://localhost:7024/swagger/swagger-ui-bundle.js - 304 null null 16.3967ms
2026-07-31 12:08:19.884 +06:00 [INF] Request finished HTTP/2 GET https://localhost:7024/_framework/aspnetcore-browser-refresh.js - 200 14963 application/javascript; charset=utf-8 24.8641ms
2026-07-31 12:08:19.893 +06:00 [INF] Request finished HTTP/2 GET https://localhost:7024/swagger/swagger-ui-standalone-preset.js - 304 null null 33.9523ms
2026-07-31 12:08:19.900 +06:00 [INF] Request finished HTTP/2 GET https://localhost:7024/swagger/index.js - 304 null null 34.8443ms
2026-07-31 12:08:19.931 +06:00 [INF] Request finished HTTP/2 GET https://localhost:7024/_vs/browserLink - 200 null text/javascript; charset=UTF-8 71.995ms
2026-07-31 12:16:28.259 +06:00 [INF] Now listening on: https://localhost:7024
2026-07-31 12:16:28.427 +06:00 [INF] Now listening on: http://localhost:5041
2026-07-31 12:16:29.245 +06:00 [INF] Application started. Press Ctrl+C to shut down.
2026-07-31 12:16:29.248 +06:00 [INF] Hosting environment: Development
2026-07-31 12:16:29.250 +06:00 [INF] Content root path: D:\Projects\2026\private-messenger\backend\PrivateMessenger.Presentation
2026-07-31 12:16:36.025 +06:00 [INF] Request starting HTTP/2 GET https://localhost:7024/WeatherForecast - null null
2026-07-31 12:16:36.348 +06:00 [INF] Executing endpoint 'PrivateMessenger.Presentation.Controllers.WeatherForecastController.Get (PrivateMessenger.Presentation)'
2026-07-31 12:16:36.380 +06:00 [INF] Route matched with {action = "Get", controller = "WeatherForecast"}. Executing controller action with signature System.Collections.Generic.IEnumerable`1[PrivateMessenger.Presentation.WeatherForecast] Get() on controller PrivateMessenger.Presentation.Controllers.WeatherForecastController (PrivateMessenger.Presentation).
2026-07-31 12:16:36.413 +06:00 [INF] Executing ObjectResult, writing value of type 'PrivateMessenger.Presentation.WeatherForecast[]'.
2026-07-31 12:16:36.480 +06:00 [INF] Executed action PrivateMessenger.Presentation.Controllers.WeatherForecastController.Get (PrivateMessenger.Presentation) in 84.7977ms
2026-07-31 12:16:36.486 +06:00 [INF] Executed endpoint 'PrivateMessenger.Presentation.Controllers.WeatherForecastController.Get (PrivateMessenger.Presentation)'
2026-07-31 12:16:36.513 +06:00 [INF] Request finished HTTP/2 GET https://localhost:7024/WeatherForecast - 200 null application/json; charset=utf-8 494.9668ms
2026-07-31 12:16:36.898 +06:00 [INF] Request starting HTTP/2 GET https://localhost:7024/.well-known/appspecific/com.chrome.devtools.json - null null
2026-07-31 12:16:36.935 +06:00 [INF] Request finished HTTP/2 GET https://localhost:7024/.well-known/appspecific/com.chrome.devtools.json - 404 0 null 36.591ms
2026-07-31 12:16:36.951 +06:00 [INF] Request reached the end of the middleware pipeline without being handled by application code. Request path: GET https://localhost:7024/.well-known/appspecific/com.chrome.devtools.json, Response status code: 404
2026-07-31 12:16:40.935 +06:00 [INF] Request starting HTTP/2 GET https://localhost:7024/swagger/index.html - null null
2026-07-31 12:16:41.216 +06:00 [INF] Request finished HTTP/2 GET https://localhost:7024/swagger/index.html - 304 null null 281.1007ms
2026-07-31 12:16:41.357 +06:00 [INF] Request starting HTTP/2 GET https://localhost:7024/_framework/aspnetcore-browser-refresh.js - null null
2026-07-31 12:16:41.360 +06:00 [INF] Request starting HTTP/2 GET https://localhost:7024/swagger/swagger-ui-bundle.js - null null
2026-07-31 12:16:41.361 +06:00 [INF] Request starting HTTP/2 GET https://localhost:7024/swagger/swagger-ui-standalone-preset.js - null null
2026-07-31 12:16:41.361 +06:00 [INF] Request starting HTTP/2 GET https://localhost:7024/swagger/index.js - null null
2026-07-31 12:16:41.408 +06:00 [INF] Request finished HTTP/2 GET https://localhost:7024/swagger/index.js - 304 null null 46.969ms
2026-07-31 12:16:41.422 +06:00 [INF] Request starting HTTP/2 GET https://localhost:7024/swagger/swagger-ui.css - null null
2026-07-31 12:16:41.484 +06:00 [INF] Request starting HTTP/2 GET https://localhost:7024/swagger/index.css - null null
2026-07-31 12:16:41.488 +06:00 [INF] Request finished HTTP/2 GET https://localhost:7024/swagger/swagger-ui.css - 304 null null 65.9925ms
2026-07-31 12:16:41.488 +06:00 [INF] Request finished HTTP/2 GET https://localhost:7024/swagger/swagger-ui-standalone-preset.js - 304 null null 127.3901ms
2026-07-31 12:16:41.492 +06:00 [INF] Request finished HTTP/2 GET https://localhost:7024/swagger/swagger-ui-bundle.js - 304 null null 131.8651ms
2026-07-31 12:16:41.501 +06:00 [INF] Request finished HTTP/2 GET https://localhost:7024/swagger/index.css - 304 null null 16.2458ms
2026-07-31 12:16:41.512 +06:00 [INF] Request starting HTTP/2 GET https://localhost:7024/_vs/browserLink - null null
2026-07-31 12:16:41.554 +06:00 [INF] Request finished HTTP/2 GET https://localhost:7024/_framework/aspnetcore-browser-refresh.js - 200 14963 application/javascript; charset=utf-8 197.0844ms
2026-07-31 12:16:41.711 +06:00 [INF] Request starting HTTP/2 GET https://localhost:7024/.well-known/appspecific/com.chrome.devtools.json - null null
2026-07-31 12:16:41.988 +06:00 [INF] Request finished HTTP/2 GET https://localhost:7024/_vs/browserLink - 200 null text/javascript; charset=UTF-8 475.641ms
2026-07-31 12:16:42.071 +06:00 [INF] Request finished HTTP/2 GET https://localhost:7024/.well-known/appspecific/com.chrome.devtools.json - 404 0 null 359.933ms
2026-07-31 12:16:42.588 +06:00 [INF] Request reached the end of the middleware pipeline without being handled by application code. Request path: GET https://localhost:7024/.well-known/appspecific/com.chrome.devtools.json, Response status code: 404
2026-07-31 12:16:43.473 +06:00 [INF] Request starting HTTP/2 GET https://localhost:7024/swagger/v1/swagger.json - null null
2026-07-31 12:16:43.814 +06:00 [INF] Request finished HTTP/2 GET https://localhost:7024/swagger/v1/swagger.json - 200 null application/json;charset=utf-8 340.7456ms
2026-07-31 12:16:46.804 +06:00 [INF] Request starting HTTP/2 GET https://localhost:7024/_framework/aspnetcore-browser-refresh.js - null null
2026-07-31 12:16:46.804 +06:00 [INF] Request starting HTTP/2 GET https://localhost:7024/_vs/browserLink - null null
2026-07-31 12:16:46.804 +06:00 [INF] Request starting HTTP/2 GET https://localhost:7024/swagger/swagger-ui-standalone-preset.js - null null
2026-07-31 12:16:46.804 +06:00 [INF] Request starting HTTP/2 GET https://localhost:7024/swagger/swagger-ui-bundle.js - null null
2026-07-31 12:16:46.811 +06:00 [INF] Request starting HTTP/2 GET https://localhost:7024/swagger/index.js - null null
2026-07-31 12:16:46.823 +06:00 [INF] Request finished HTTP/2 GET https://localhost:7024/_framework/aspnetcore-browser-refresh.js - 200 14963 application/javascript; charset=utf-8 19.2738ms
2026-07-31 12:16:46.828 +06:00 [INF] Request finished HTTP/2 GET https://localhost:7024/swagger/swagger-ui-standalone-preset.js - 304 null null 24.3504ms
2026-07-31 12:16:46.840 +06:00 [INF] Request finished HTTP/2 GET https://localhost:7024/swagger/swagger-ui-bundle.js - 304 null null 36.356ms
2026-07-31 12:16:46.857 +06:00 [INF] Request finished HTTP/2 GET https://localhost:7024/swagger/index.js - 304 null null 45.1769ms
2026-07-31 12:16:46.906 +06:00 [INF] Request finished HTTP/2 GET https://localhost:7024/_vs/browserLink - 200 null text/javascript; charset=UTF-8 102.3084ms
2026-07-31 12:25:15.265 +06:00 [INF] Now listening on: https://localhost:7024
2026-07-31 12:25:15.368 +06:00 [INF] Now listening on: http://localhost:5041
2026-07-31 12:25:15.529 +06:00 [INF] Application started. Press Ctrl+C to shut down.
2026-07-31 12:25:15.568 +06:00 [INF] Hosting environment: Development
2026-07-31 12:25:15.570 +06:00 [INF] Content root path: D:\Projects\2026\private-messenger\backend\PrivateMessenger.Presentation
2026-07-31 12:27:45.527 +06:00 [INF] Request starting HTTP/2 OPTIONS https://localhost:7024/api/auth/login - null null
2026-07-31 12:27:45.670 +06:00 [INF] CORS policy execution successful.
2026-07-31 12:27:45.683 +06:00 [INF] Request finished HTTP/2 OPTIONS https://localhost:7024/api/auth/login - 204 null null 164.9291ms
2026-07-31 12:27:45.698 +06:00 [INF] Request starting HTTP/2 POST https://localhost:7024/api/auth/login - application/json 24
2026-07-31 12:27:45.729 +06:00 [INF] CORS policy execution successful.
2026-07-31 12:27:45.751 +06:00 [INF] Executing endpoint 'AuthController.Login (PrivateMessenger.Presentation)'
2026-07-31 12:27:45.825 +06:00 [INF] Route matched with {action = "Login", controller = "Auth"}. Executing controller action with signature System.Threading.Tasks.Task`1[Microsoft.AspNetCore.Mvc.IActionResult] Login(LoginRequest) on controller AuthController (PrivateMessenger.Presentation).
2026-07-31 12:27:48.436 +06:00 [INF] Executing OkObjectResult, writing value of type '<>f__AnonymousType0`2[[System.Guid, System.Private.CoreLib, Version=10.0.0.0, Culture=neutral, PublicKeyToken=7cec85d7bea7798e],[System.String, System.Private.CoreLib, Version=10.0.0.0, Culture=neutral, PublicKeyToken=7cec85d7bea7798e]]'.
2026-07-31 12:27:48.490 +06:00 [INF] Executed action AuthController.Login (PrivateMessenger.Presentation) in 2642.37ms
2026-07-31 12:27:48.501 +06:00 [INF] Executed endpoint 'AuthController.Login (PrivateMessenger.Presentation)'
2026-07-31 12:27:48.546 +06:00 [INF] Request finished HTTP/2 POST https://localhost:7024/api/auth/login - 200 null application/json; charset=utf-8 2847.2026ms
2026-07-31 12:27:48.590 +06:00 [INF] Request starting HTTP/2 GET https://localhost:7024/api/conversations?userId=72f00161-df45-4dfc-99d8-9016aa512e43 - null null
2026-07-31 12:27:48.623 +06:00 [INF] CORS policy execution successful.
2026-07-31 12:27:48.628 +06:00 [INF] Executing endpoint 'PrivateMessengerBackend.Controllers.ConversationController.GetUserConversations (PrivateMessenger.Presentation)'
2026-07-31 12:27:48.677 +06:00 [INF] Route matched with {action = "GetUserConversations", controller = "Conversation"}. Executing controller action with signature System.Threading.Tasks.Task`1[Microsoft.AspNetCore.Mvc.IActionResult] GetUserConversations(System.Guid) on controller PrivateMessengerBackend.Controllers.ConversationController (PrivateMessenger.Presentation).
2026-07-31 12:27:49.236 +06:00 [INF] Executing OkObjectResult, writing value of type 'System.Collections.Generic.List`1[[PrivateMessengerBackend.Dtos.ConversationDto, PrivateMessenger.Presentation, Version=1.0.0.0, Culture=neutral, PublicKeyToken=null]]'.
2026-07-31 12:27:49.270 +06:00 [INF] Executed action PrivateMessengerBackend.Controllers.ConversationController.GetUserConversations (PrivateMessenger.Presentation) in 583.1825ms
2026-07-31 12:27:49.279 +06:00 [INF] Request starting HTTP/2 GET https://localhost:7024/api/conversations?userId=72f00161-df45-4dfc-99d8-9016aa512e43 - null null
2026-07-31 12:27:49.281 +06:00 [INF] Executed endpoint 'PrivateMessengerBackend.Controllers.ConversationController.GetUserConversations (PrivateMessenger.Presentation)'
2026-07-31 12:27:49.288 +06:00 [INF] CORS policy execution successful.
2026-07-31 12:27:49.292 +06:00 [INF] Request finished HTTP/2 GET https://localhost:7024/api/conversations?userId=72f00161-df45-4dfc-99d8-9016aa512e43 - 200 null application/json; charset=utf-8 701.9805ms
2026-07-31 12:27:49.296 +06:00 [INF] Executing endpoint 'PrivateMessengerBackend.Controllers.ConversationController.GetUserConversations (PrivateMessenger.Presentation)'
2026-07-31 12:27:49.315 +06:00 [INF] Route matched with {action = "GetUserConversations", controller = "Conversation"}. Executing controller action with signature System.Threading.Tasks.Task`1[Microsoft.AspNetCore.Mvc.IActionResult] GetUserConversations(System.Guid) on controller PrivateMessengerBackend.Controllers.ConversationController (PrivateMessenger.Presentation).
2026-07-31 12:27:49.373 +06:00 [INF] Executing OkObjectResult, writing value of type 'System.Collections.Generic.List`1[[PrivateMessengerBackend.Dtos.ConversationDto, PrivateMessenger.Presentation, Version=1.0.0.0, Culture=neutral, PublicKeyToken=null]]'.
2026-07-31 12:27:49.378 +06:00 [INF] Executed action PrivateMessengerBackend.Controllers.ConversationController.GetUserConversations (PrivateMessenger.Presentation) in 56.0824ms
2026-07-31 12:27:49.384 +06:00 [INF] Executed endpoint 'PrivateMessengerBackend.Controllers.ConversationController.GetUserConversations (PrivateMessenger.Presentation)'
2026-07-31 12:27:49.388 +06:00 [INF] Request finished HTTP/2 GET https://localhost:7024/api/conversations?userId=72f00161-df45-4dfc-99d8-9016aa512e43 - 200 null application/json; charset=utf-8 109.5014ms
2026-07-31 12:28:11.935 +06:00 [INF] Request starting HTTP/2 OPTIONS https://localhost:7024/api/auth/login - null null
2026-07-31 12:28:11.942 +06:00 [INF] CORS policy execution successful.
2026-07-31 12:28:11.944 +06:00 [INF] Request finished HTTP/2 OPTIONS https://localhost:7024/api/auth/login - 204 null null 8.9258ms
2026-07-31 12:28:11.949 +06:00 [INF] Request starting HTTP/2 POST https://localhost:7024/api/auth/login - application/json 25
2026-07-31 12:28:11.961 +06:00 [INF] CORS policy execution successful.
2026-07-31 12:28:11.965 +06:00 [INF] Executing endpoint 'AuthController.Login (PrivateMessenger.Presentation)'
2026-07-31 12:28:11.968 +06:00 [INF] Route matched with {action = "Login", controller = "Auth"}. Executing controller action with signature System.Threading.Tasks.Task`1[Microsoft.AspNetCore.Mvc.IActionResult] Login(LoginRequest) on controller AuthController (PrivateMessenger.Presentation).
2026-07-31 12:28:11.990 +06:00 [INF] Executing OkObjectResult, writing value of type '<>f__AnonymousType0`2[[System.Guid, System.Private.CoreLib, Version=10.0.0.0, Culture=neutral, PublicKeyToken=7cec85d7bea7798e],[System.String, System.Private.CoreLib, Version=10.0.0.0, Culture=neutral, PublicKeyToken=7cec85d7bea7798e]]'.
2026-07-31 12:28:11.996 +06:00 [INF] Executed action AuthController.Login (PrivateMessenger.Presentation) in 21.3644ms
2026-07-31 12:28:11.999 +06:00 [INF] Executed endpoint 'AuthController.Login (PrivateMessenger.Presentation)'
2026-07-31 12:28:12.002 +06:00 [INF] Request finished HTTP/2 POST https://localhost:7024/api/auth/login - 200 null application/json; charset=utf-8 53.8387ms
2026-07-31 12:28:12.044 +06:00 [INF] Request starting HTTP/2 GET https://localhost:7024/api/conversations?userId=ce6c0672-6a91-4a62-ac1a-a39b3e145138 - null null
2026-07-31 12:28:12.056 +06:00 [INF] CORS policy execution successful.
2026-07-31 12:28:12.058 +06:00 [INF] Executing endpoint 'PrivateMessengerBackend.Controllers.ConversationController.GetUserConversations (PrivateMessenger.Presentation)'
2026-07-31 12:28:12.062 +06:00 [INF] Route matched with {action = "GetUserConversations", controller = "Conversation"}. Executing controller action with signature System.Threading.Tasks.Task`1[Microsoft.AspNetCore.Mvc.IActionResult] GetUserConversations(System.Guid) on controller PrivateMessengerBackend.Controllers.ConversationController (PrivateMessenger.Presentation).
2026-07-31 12:28:12.112 +06:00 [INF] Executing OkObjectResult, writing value of type 'System.Collections.Generic.List`1[[PrivateMessengerBackend.Dtos.ConversationDto, PrivateMessenger.Presentation, Version=1.0.0.0, Culture=neutral, PublicKeyToken=null]]'.
2026-07-31 12:28:12.116 +06:00 [INF] Executed action PrivateMessengerBackend.Controllers.ConversationController.GetUserConversations (PrivateMessenger.Presentation) in 48.1159ms
2026-07-31 12:28:12.119 +06:00 [INF] Request starting HTTP/2 GET https://localhost:7024/api/conversations?userId=ce6c0672-6a91-4a62-ac1a-a39b3e145138 - null null
2026-07-31 12:28:12.121 +06:00 [INF] Executed endpoint 'PrivateMessengerBackend.Controllers.ConversationController.GetUserConversations (PrivateMessenger.Presentation)'
2026-07-31 12:28:12.128 +06:00 [INF] CORS policy execution successful.
2026-07-31 12:28:12.131 +06:00 [INF] Request finished HTTP/2 GET https://localhost:7024/api/conversations?userId=ce6c0672-6a91-4a62-ac1a-a39b3e145138 - 200 null application/json; charset=utf-8 87.2422ms
2026-07-31 12:28:12.135 +06:00 [INF] Executing endpoint 'PrivateMessengerBackend.Controllers.ConversationController.GetUserConversations (PrivateMessenger.Presentation)'
2026-07-31 12:28:12.151 +06:00 [INF] Route matched with {action = "GetUserConversations", controller = "Conversation"}. Executing controller action with signature System.Threading.Tasks.Task`1[Microsoft.AspNetCore.Mvc.IActionResult] GetUserConversations(System.Guid) on controller PrivateMessengerBackend.Controllers.ConversationController (PrivateMessenger.Presentation).
2026-07-31 12:28:12.164 +06:00 [INF] Executing OkObjectResult, writing value of type 'System.Collections.Generic.List`1[[PrivateMessengerBackend.Dtos.ConversationDto, PrivateMessenger.Presentation, Version=1.0.0.0, Culture=neutral, PublicKeyToken=null]]'.
2026-07-31 12:28:12.172 +06:00 [INF] Executed action PrivateMessengerBackend.Controllers.ConversationController.GetUserConversations (PrivateMessenger.Presentation) in 13.4378ms
2026-07-31 12:28:12.178 +06:00 [INF] Executed endpoint 'PrivateMessengerBackend.Controllers.ConversationController.GetUserConversations (PrivateMessenger.Presentation)'
2026-07-31 12:28:12.183 +06:00 [INF] Request finished HTTP/2 GET https://localhost:7024/api/conversations?userId=ce6c0672-6a91-4a62-ac1a-a39b3e145138 - 200 null application/json; charset=utf-8 63.5584ms
2026-07-31 12:28:19.000 +06:00 [INF] Request starting HTTP/2 GET https://localhost:7024/api/users/search?query=test&currentUserId=72f00161-df45-4dfc-99d8-9016aa512e43 - null null
2026-07-31 12:28:19.014 +06:00 [INF] CORS policy execution successful.
2026-07-31 12:28:19.020 +06:00 [INF] Executing endpoint 'PrivateMessengerBackend.Controllers.UserController.SearchUsers (PrivateMessenger.Presentation)'
2026-07-31 12:28:19.050 +06:00 [INF] Route matched with {action = "SearchUsers", controller = "User"}. Executing controller action with signature System.Threading.Tasks.Task`1[Microsoft.AspNetCore.Mvc.IActionResult] SearchUsers(System.String, System.Guid) on controller PrivateMessengerBackend.Controllers.UserController (PrivateMessenger.Presentation).
2026-07-31 12:28:19.101 +06:00 [INF] Executing OkObjectResult, writing value of type 'System.Collections.Generic.List`1[[PrivateMessengerBackend.Models.User, PrivateMessenger.Presentation, Version=1.0.0.0, Culture=neutral, PublicKeyToken=null]]'.
2026-07-31 12:28:19.118 +06:00 [INF] Executed action PrivateMessengerBackend.Controllers.UserController.SearchUsers (PrivateMessenger.Presentation) in 62.043ms
2026-07-31 12:28:19.123 +06:00 [INF] Executed endpoint 'PrivateMessengerBackend.Controllers.UserController.SearchUsers (PrivateMessenger.Presentation)'
2026-07-31 12:28:19.126 +06:00 [INF] Request finished HTTP/2 GET https://localhost:7024/api/users/search?query=test&currentUserId=72f00161-df45-4dfc-99d8-9016aa512e43 - 200 null application/json; charset=utf-8 126.3392ms
2026-07-31 12:28:19.784 +06:00 [INF] Request starting HTTP/2 GET https://localhost:7024/api/users/search?query=test-&currentUserId=72f00161-df45-4dfc-99d8-9016aa512e43 - null null
2026-07-31 12:28:19.795 +06:00 [INF] CORS policy execution successful.
2026-07-31 12:28:19.800 +06:00 [INF] Executing endpoint 'PrivateMessengerBackend.Controllers.UserController.SearchUsers (PrivateMessenger.Presentation)'
2026-07-31 12:28:19.804 +06:00 [INF] Route matched with {action = "SearchUsers", controller = "User"}. Executing controller action with signature System.Threading.Tasks.Task`1[Microsoft.AspNetCore.Mvc.IActionResult] SearchUsers(System.String, System.Guid) on controller PrivateMessengerBackend.Controllers.UserController (PrivateMessenger.Presentation).
2026-07-31 12:28:19.824 +06:00 [INF] Executing OkObjectResult, writing value of type 'System.Collections.Generic.List`1[[PrivateMessengerBackend.Models.User, PrivateMessenger.Presentation, Version=1.0.0.0, Culture=neutral, PublicKeyToken=null]]'.
2026-07-31 12:28:19.830 +06:00 [INF] Executed action PrivateMessengerBackend.Controllers.UserController.SearchUsers (PrivateMessenger.Presentation) in 20.1042ms
2026-07-31 12:28:19.835 +06:00 [INF] Executed endpoint 'PrivateMessengerBackend.Controllers.UserController.SearchUsers (PrivateMessenger.Presentation)'
2026-07-31 12:28:19.839 +06:00 [INF] Request finished HTTP/2 GET https://localhost:7024/api/users/search?query=test-&currentUserId=72f00161-df45-4dfc-99d8-9016aa512e43 - 200 null application/json; charset=utf-8 54.7968ms
2026-07-31 12:28:21.237 +06:00 [INF] Request starting HTTP/2 POST https://localhost:7024/api/conversations/start?currentUserId=72f00161-df45-4dfc-99d8-9016aa512e43&targetUserId=ce6c0672-6a91-4a62-ac1a-a39b3e145138 - null 0
2026-07-31 12:28:21.244 +06:00 [INF] CORS policy execution successful.
2026-07-31 12:28:21.247 +06:00 [INF] Executing endpoint 'PrivateMessengerBackend.Controllers.ConversationController.StartChat (PrivateMessenger.Presentation)'
2026-07-31 12:28:21.283 +06:00 [INF] Route matched with {action = "StartChat", controller = "Conversation"}. Executing controller action with signature System.Threading.Tasks.Task`1[Microsoft.AspNetCore.Mvc.IActionResult] StartChat(System.Guid, System.Guid) on controller PrivateMessengerBackend.Controllers.ConversationController (PrivateMessenger.Presentation).
2026-07-31 12:28:21.376 +06:00 [INF] Executing OkObjectResult, writing value of type '<>f__AnonymousType1`1[[System.Guid, System.Private.CoreLib, Version=10.0.0.0, Culture=neutral, PublicKeyToken=7cec85d7bea7798e]]'.
2026-07-31 12:28:21.383 +06:00 [INF] Executed action PrivateMessengerBackend.Controllers.ConversationController.StartChat (PrivateMessenger.Presentation) in 94.5697ms
2026-07-31 12:28:21.388 +06:00 [INF] Executed endpoint 'PrivateMessengerBackend.Controllers.ConversationController.StartChat (PrivateMessenger.Presentation)'
2026-07-31 12:28:21.393 +06:00 [INF] Request finished HTTP/2 POST https://localhost:7024/api/conversations/start?currentUserId=72f00161-df45-4dfc-99d8-9016aa512e43&targetUserId=ce6c0672-6a91-4a62-ac1a-a39b3e145138 - 200 null application/json; charset=utf-8 156.1498ms
2026-07-31 12:28:21.486 +06:00 [INF] Request starting HTTP/2 GET https://localhost:7024/api/messages/2a70ce53-4e41-4c7c-8520-2c6e9bd54ada - null null
2026-07-31 12:28:21.493 +06:00 [INF] CORS policy execution successful.
2026-07-31 12:28:21.496 +06:00 [INF] Executing endpoint 'PrivateMessengerBackend.Controllers.MessageController.GetMessages (PrivateMessenger.Presentation)'
2026-07-31 12:28:21.521 +06:00 [INF] Route matched with {action = "GetMessages", controller = "Message"}. Executing controller action with signature System.Threading.Tasks.Task`1[Microsoft.AspNetCore.Mvc.IActionResult] GetMessages(System.Guid) on controller PrivateMessengerBackend.Controllers.MessageController (PrivateMessenger.Presentation).
2026-07-31 12:28:21.541 +06:00 [INF] Executing OkObjectResult, writing value of type 'System.Collections.Generic.List`1[[PrivateMessengerBackend.Models.Message, PrivateMessenger.Presentation, Version=1.0.0.0, Culture=neutral, PublicKeyToken=null]]'.
2026-07-31 12:28:21.549 +06:00 [INF] Executed action PrivateMessengerBackend.Controllers.MessageController.GetMessages (PrivateMessenger.Presentation) in 22.6303ms
2026-07-31 12:28:21.551 +06:00 [INF] Request starting HTTP/2 GET https://localhost:7024/api/messages/2a70ce53-4e41-4c7c-8520-2c6e9bd54ada - null null
2026-07-31 12:28:21.553 +06:00 [INF] Executed endpoint 'PrivateMessengerBackend.Controllers.MessageController.GetMessages (PrivateMessenger.Presentation)'
2026-07-31 12:28:21.559 +06:00 [INF] CORS policy execution successful.
2026-07-31 12:28:21.564 +06:00 [INF] Request finished HTTP/2 GET https://localhost:7024/api/messages/2a70ce53-4e41-4c7c-8520-2c6e9bd54ada - 200 null application/json; charset=utf-8 78.2052ms
2026-07-31 12:28:21.567 +06:00 [INF] Executing endpoint 'PrivateMessengerBackend.Controllers.MessageController.GetMessages (PrivateMessenger.Presentation)'
2026-07-31 12:28:21.579 +06:00 [INF] Route matched with {action = "GetMessages", controller = "Message"}. Executing controller action with signature System.Threading.Tasks.Task`1[Microsoft.AspNetCore.Mvc.IActionResult] GetMessages(System.Guid) on controller PrivateMessengerBackend.Controllers.MessageController (PrivateMessenger.Presentation).
2026-07-31 12:28:21.597 +06:00 [INF] Executing OkObjectResult, writing value of type 'System.Collections.Generic.List`1[[PrivateMessengerBackend.Models.Message, PrivateMessenger.Presentation, Version=1.0.0.0, Culture=neutral, PublicKeyToken=null]]'.
2026-07-31 12:28:21.601 +06:00 [INF] Executed action PrivateMessengerBackend.Controllers.MessageController.GetMessages (PrivateMessenger.Presentation) in 16.6101ms
2026-07-31 12:28:21.605 +06:00 [INF] Executed endpoint 'PrivateMessengerBackend.Controllers.MessageController.GetMessages (PrivateMessenger.Presentation)'
2026-07-31 12:28:21.610 +06:00 [INF] Request finished HTTP/2 GET https://localhost:7024/api/messages/2a70ce53-4e41-4c7c-8520-2c6e9bd54ada - 200 null application/json; charset=utf-8 58.988ms
2026-07-31 12:28:30.990 +06:00 [INF] Request starting HTTP/2 OPTIONS https://localhost:7024/api/messages - null null
2026-07-31 12:28:31.001 +06:00 [INF] CORS policy execution successful.
2026-07-31 12:28:31.004 +06:00 [INF] Request finished HTTP/2 OPTIONS https://localhost:7024/api/messages - 204 null null 14.5063ms
2026-07-31 12:28:31.008 +06:00 [INF] Request starting HTTP/2 POST https://localhost:7024/api/messages - application/json 122
2026-07-31 12:28:31.022 +06:00 [INF] CORS policy execution successful.
2026-07-31 12:28:31.025 +06:00 [INF] Executing endpoint 'PrivateMessengerBackend.Controllers.MessageController.SendMessage (PrivateMessenger.Presentation)'
2026-07-31 12:28:31.045 +06:00 [INF] Route matched with {action = "SendMessage", controller = "Message"}. Executing controller action with signature System.Threading.Tasks.Task`1[Microsoft.AspNetCore.Mvc.IActionResult] SendMessage(SendMessageRequest) on controller PrivateMessengerBackend.Controllers.MessageController (PrivateMessenger.Presentation).
2026-07-31 12:28:31.101 +06:00 [INF] Executing OkObjectResult, writing value of type 'PrivateMessengerBackend.Models.Message'.
2026-07-31 12:28:31.106 +06:00 [INF] Executed action PrivateMessengerBackend.Controllers.MessageController.SendMessage (PrivateMessenger.Presentation) in 55.0491ms
2026-07-31 12:28:31.111 +06:00 [INF] Executed endpoint 'PrivateMessengerBackend.Controllers.MessageController.SendMessage (PrivateMessenger.Presentation)'
2026-07-31 12:28:31.116 +06:00 [INF] Request finished HTTP/2 POST https://localhost:7024/api/messages - 200 null application/json; charset=utf-8 106.8426ms
2026-07-31 12:28:37.491 +06:00 [INF] Request starting HTTP/2 GET https://localhost:7024/api/conversations?userId=72f00161-df45-4dfc-99d8-9016aa512e43 - null null
2026-07-31 12:28:37.506 +06:00 [INF] CORS policy execution successful.
2026-07-31 12:28:37.510 +06:00 [INF] Executing endpoint 'PrivateMessengerBackend.Controllers.ConversationController.GetUserConversations (PrivateMessenger.Presentation)'
2026-07-31 12:28:37.515 +06:00 [INF] Route matched with {action = "GetUserConversations", controller = "Conversation"}. Executing controller action with signature System.Threading.Tasks.Task`1[Microsoft.AspNetCore.Mvc.IActionResult] GetUserConversations(System.Guid) on controller PrivateMessengerBackend.Controllers.ConversationController (PrivateMessenger.Presentation).
2026-07-31 12:28:37.621 +06:00 [INF] Executing OkObjectResult, writing value of type 'System.Collections.Generic.List`1[[PrivateMessengerBackend.Dtos.ConversationDto, PrivateMessenger.Presentation, Version=1.0.0.0, Culture=neutral, PublicKeyToken=null]]'.
2026-07-31 12:28:37.633 +06:00 [INF] Executed action PrivateMessengerBackend.Controllers.ConversationController.GetUserConversations (PrivateMessenger.Presentation) in 108.8524ms
2026-07-31 12:28:37.637 +06:00 [INF] Request starting HTTP/2 GET https://localhost:7024/api/conversations?userId=72f00161-df45-4dfc-99d8-9016aa512e43 - null null
2026-07-31 12:28:37.637 +06:00 [INF] Executed endpoint 'PrivateMessengerBackend.Controllers.ConversationController.GetUserConversations (PrivateMessenger.Presentation)'
2026-07-31 12:28:37.647 +06:00 [INF] CORS policy execution successful.
2026-07-31 12:28:37.651 +06:00 [INF] Request finished HTTP/2 GET https://localhost:7024/api/conversations?userId=72f00161-df45-4dfc-99d8-9016aa512e43 - 200 null application/json; charset=utf-8 160.3828ms
2026-07-31 12:28:37.654 +06:00 [INF] Executing endpoint 'PrivateMessengerBackend.Controllers.ConversationController.GetUserConversations (PrivateMessenger.Presentation)'
2026-07-31 12:28:37.670 +06:00 [INF] Route matched with {action = "GetUserConversations", controller = "Conversation"}. Executing controller action with signature System.Threading.Tasks.Task`1[Microsoft.AspNetCore.Mvc.IActionResult] GetUserConversations(System.Guid) on controller PrivateMessengerBackend.Controllers.ConversationController (PrivateMessenger.Presentation).
2026-07-31 12:28:37.684 +06:00 [INF] Executing OkObjectResult, writing value of type 'System.Collections.Generic.List`1[[PrivateMessengerBackend.Dtos.ConversationDto, PrivateMessenger.Presentation, Version=1.0.0.0, Culture=neutral, PublicKeyToken=null]]'.
2026-07-31 12:28:37.691 +06:00 [INF] Executed action PrivateMessengerBackend.Controllers.ConversationController.GetUserConversations (PrivateMessenger.Presentation) in 13.2252ms
2026-07-31 12:28:37.698 +06:00 [INF] Executed endpoint 'PrivateMessengerBackend.Controllers.ConversationController.GetUserConversations (PrivateMessenger.Presentation)'
2026-07-31 12:28:37.702 +06:00 [INF] Request finished HTTP/2 GET https://localhost:7024/api/conversations?userId=72f00161-df45-4dfc-99d8-9016aa512e43 - 200 null application/json; charset=utf-8 64.9712ms
2026-07-31 12:28:39.020 +06:00 [INF] Request starting HTTP/2 GET https://localhost:7024/api/messages/2a70ce53-4e41-4c7c-8520-2c6e9bd54ada - null null
2026-07-31 12:28:39.036 +06:00 [INF] CORS policy execution successful.
2026-07-31 12:28:39.040 +06:00 [INF] Executing endpoint 'PrivateMessengerBackend.Controllers.MessageController.GetMessages (PrivateMessenger.Presentation)'
2026-07-31 12:28:39.047 +06:00 [INF] Route matched with {action = "GetMessages", controller = "Message"}. Executing controller action with signature System.Threading.Tasks.Task`1[Microsoft.AspNetCore.Mvc.IActionResult] GetMessages(System.Guid) on controller PrivateMessengerBackend.Controllers.MessageController (PrivateMessenger.Presentation).
2026-07-31 12:28:39.063 +06:00 [INF] Executing OkObjectResult, writing value of type 'System.Collections.Generic.List`1[[PrivateMessengerBackend.Models.Message, PrivateMessenger.Presentation, Version=1.0.0.0, Culture=neutral, PublicKeyToken=null]]'.
2026-07-31 12:28:39.066 +06:00 [INF] Executed action PrivateMessengerBackend.Controllers.MessageController.GetMessages (PrivateMessenger.Presentation) in 13.5685ms
2026-07-31 12:28:39.069 +06:00 [INF] Request starting HTTP/2 GET https://localhost:7024/api/messages/2a70ce53-4e41-4c7c-8520-2c6e9bd54ada - null null
2026-07-31 12:28:39.070 +06:00 [INF] Executed endpoint 'PrivateMessengerBackend.Controllers.MessageController.GetMessages (PrivateMessenger.Presentation)'
2026-07-31 12:28:39.077 +06:00 [INF] CORS policy execution successful.
2026-07-31 12:28:39.080 +06:00 [INF] Request finished HTTP/2 GET https://localhost:7024/api/messages/2a70ce53-4e41-4c7c-8520-2c6e9bd54ada - 200 null application/json; charset=utf-8 59.9109ms
2026-07-31 12:28:39.082 +06:00 [INF] Executing endpoint 'PrivateMessengerBackend.Controllers.MessageController.GetMessages (PrivateMessenger.Presentation)'
2026-07-31 12:28:39.095 +06:00 [INF] Route matched with {action = "GetMessages", controller = "Message"}. Executing controller action with signature System.Threading.Tasks.Task`1[Microsoft.AspNetCore.Mvc.IActionResult] GetMessages(System.Guid) on controller PrivateMessengerBackend.Controllers.MessageController (PrivateMessenger.Presentation).
2026-07-31 12:28:39.102 +06:00 [INF] Executing OkObjectResult, writing value of type 'System.Collections.Generic.List`1[[PrivateMessengerBackend.Models.Message, PrivateMessenger.Presentation, Version=1.0.0.0, Culture=neutral, PublicKeyToken=null]]'.
2026-07-31 12:28:39.108 +06:00 [INF] Executed action PrivateMessengerBackend.Controllers.MessageController.GetMessages (PrivateMessenger.Presentation) in 7.2783ms
2026-07-31 12:28:39.111 +06:00 [INF] Executed endpoint 'PrivateMessengerBackend.Controllers.MessageController.GetMessages (PrivateMessenger.Presentation)'
2026-07-31 12:28:39.115 +06:00 [INF] Request finished HTTP/2 GET https://localhost:7024/api/messages/2a70ce53-4e41-4c7c-8520-2c6e9bd54ada - 200 null application/json; charset=utf-8 46.0938ms
2026-07-31 12:28:44.865 +06:00 [INF] Request starting HTTP/2 GET https://localhost:7024/api/conversations?userId=ce6c0672-6a91-4a62-ac1a-a39b3e145138 - null null
2026-07-31 12:28:44.882 +06:00 [INF] CORS policy execution successful.
2026-07-31 12:28:44.909 +06:00 [INF] Executing endpoint 'PrivateMessengerBackend.Controllers.ConversationController.GetUserConversations (PrivateMessenger.Presentation)'
2026-07-31 12:28:44.926 +06:00 [INF] Route matched with {action = "GetUserConversations", controller = "Conversation"}. Executing controller action with signature System.Threading.Tasks.Task`1[Microsoft.AspNetCore.Mvc.IActionResult] GetUserConversations(System.Guid) on controller PrivateMessengerBackend.Controllers.ConversationController (PrivateMessenger.Presentation).
2026-07-31 12:28:44.997 +06:00 [INF] Executing OkObjectResult, writing value of type 'System.Collections.Generic.List`1[[PrivateMessengerBackend.Dtos.ConversationDto, PrivateMessenger.Presentation, Version=1.0.0.0, Culture=neutral, PublicKeyToken=null]]'.
2026-07-31 12:28:45.007 +06:00 [INF] Executed action PrivateMessengerBackend.Controllers.ConversationController.GetUserConversations (PrivateMessenger.Presentation) in 74.6538ms
2026-07-31 12:28:45.014 +06:00 [INF] Executed endpoint 'PrivateMessengerBackend.Controllers.ConversationController.GetUserConversations (PrivateMessenger.Presentation)'
2026-07-31 12:28:45.019 +06:00 [INF] Request finished HTTP/2 GET https://localhost:7024/api/conversations?userId=ce6c0672-6a91-4a62-ac1a-a39b3e145138 - 200 null application/json; charset=utf-8 154.4105ms
2026-07-31 12:28:45.035 +06:00 [INF] Request starting HTTP/2 GET https://localhost:7024/api/conversations?userId=ce6c0672-6a91-4a62-ac1a-a39b3e145138 - null null
2026-07-31 12:28:45.047 +06:00 [INF] CORS policy execution successful.
2026-07-31 12:28:45.052 +06:00 [INF] Executing endpoint 'PrivateMessengerBackend.Controllers.ConversationController.GetUserConversations (PrivateMessenger.Presentation)'
2026-07-31 12:28:45.060 +06:00 [INF] Route matched with {action = "GetUserConversations", controller = "Conversation"}. Executing controller action with signature System.Threading.Tasks.Task`1[Microsoft.AspNetCore.Mvc.IActionResult] GetUserConversations(System.Guid) on controller PrivateMessengerBackend.Controllers.ConversationController (PrivateMessenger.Presentation).
2026-07-31 12:28:45.076 +06:00 [INF] Executing OkObjectResult, writing value of type 'System.Collections.Generic.List`1[[PrivateMessengerBackend.Dtos.ConversationDto, PrivateMessenger.Presentation, Version=1.0.0.0, Culture=neutral, PublicKeyToken=null]]'.
2026-07-31 12:28:45.083 +06:00 [INF] Executed action PrivateMessengerBackend.Controllers.ConversationController.GetUserConversations (PrivateMessenger.Presentation) in 12.8794ms
2026-07-31 12:28:45.087 +06:00 [INF] Executed endpoint 'PrivateMessengerBackend.Controllers.ConversationController.GetUserConversations (PrivateMessenger.Presentation)'
2026-07-31 12:28:45.091 +06:00 [INF] Request finished HTTP/2 GET https://localhost:7024/api/conversations?userId=ce6c0672-6a91-4a62-ac1a-a39b3e145138 - 200 null application/json; charset=utf-8 56.1235ms
2026-07-31 12:28:46.263 +06:00 [INF] Request starting HTTP/2 GET https://localhost:7024/api/messages/2a70ce53-4e41-4c7c-8520-2c6e9bd54ada - null null
2026-07-31 12:28:46.283 +06:00 [INF] CORS policy execution successful.
2026-07-31 12:28:46.285 +06:00 [INF] Executing endpoint 'PrivateMessengerBackend.Controllers.MessageController.GetMessages (PrivateMessenger.Presentation)'
2026-07-31 12:28:46.290 +06:00 [INF] Route matched with {action = "GetMessages", controller = "Message"}. Executing controller action with signature System.Threading.Tasks.Task`1[Microsoft.AspNetCore.Mvc.IActionResult] GetMessages(System.Guid) on controller PrivateMessengerBackend.Controllers.MessageController (PrivateMessenger.Presentation).
2026-07-31 12:28:46.312 +06:00 [INF] Executing OkObjectResult, writing value of type 'System.Collections.Generic.List`1[[PrivateMessengerBackend.Models.Message, PrivateMessenger.Presentation, Version=1.0.0.0, Culture=neutral, PublicKeyToken=null]]'.
2026-07-31 12:28:46.317 +06:00 [INF] Executed action PrivateMessengerBackend.Controllers.MessageController.GetMessages (PrivateMessenger.Presentation) in 16.7772ms
2026-07-31 12:28:46.320 +06:00 [INF] Request starting HTTP/2 GET https://localhost:7024/api/messages/2a70ce53-4e41-4c7c-8520-2c6e9bd54ada - null null
2026-07-31 12:28:46.325 +06:00 [INF] Executed endpoint 'PrivateMessengerBackend.Controllers.MessageController.GetMessages (PrivateMessenger.Presentation)'
2026-07-31 12:28:46.333 +06:00 [INF] CORS policy execution successful.
2026-07-31 12:28:46.336 +06:00 [INF] Request finished HTTP/2 GET https://localhost:7024/api/messages/2a70ce53-4e41-4c7c-8520-2c6e9bd54ada - 200 null application/json; charset=utf-8 73.3808ms
2026-07-31 12:28:46.340 +06:00 [INF] Executing endpoint 'PrivateMessengerBackend.Controllers.MessageController.GetMessages (PrivateMessenger.Presentation)'
2026-07-31 12:28:46.352 +06:00 [INF] Route matched with {action = "GetMessages", controller = "Message"}. Executing controller action with signature System.Threading.Tasks.Task`1[Microsoft.AspNetCore.Mvc.IActionResult] GetMessages(System.Guid) on controller PrivateMessengerBackend.Controllers.MessageController (PrivateMessenger.Presentation).
2026-07-31 12:28:46.368 +06:00 [INF] Executing OkObjectResult, writing value of type 'System.Collections.Generic.List`1[[PrivateMessengerBackend.Models.Message, PrivateMessenger.Presentation, Version=1.0.0.0, Culture=neutral, PublicKeyToken=null]]'.
2026-07-31 12:28:46.374 +06:00 [INF] Executed action PrivateMessengerBackend.Controllers.MessageController.GetMessages (PrivateMessenger.Presentation) in 15.2765ms
2026-07-31 12:28:46.380 +06:00 [INF] Executed endpoint 'PrivateMessengerBackend.Controllers.MessageController.GetMessages (PrivateMessenger.Presentation)'
2026-07-31 12:28:46.384 +06:00 [INF] Request finished HTTP/2 GET https://localhost:7024/api/messages/2a70ce53-4e41-4c7c-8520-2c6e9bd54ada - 200 null application/json; charset=utf-8 64.0008ms
2026-07-31 12:28:50.888 +06:00 [INF] Request starting HTTP/2 OPTIONS https://localhost:7024/api/messages - null null
2026-07-31 12:28:50.897 +06:00 [INF] CORS policy execution successful.
2026-07-31 12:28:50.899 +06:00 [INF] Request finished HTTP/2 OPTIONS https://localhost:7024/api/messages - 204 null null 10.974ms
2026-07-31 12:28:50.903 +06:00 [INF] Request starting HTTP/2 POST https://localhost:7024/api/messages - application/json 125
2026-07-31 12:28:50.914 +06:00 [INF] CORS policy execution successful.
2026-07-31 12:28:50.917 +06:00 [INF] Executing endpoint 'PrivateMessengerBackend.Controllers.MessageController.SendMessage (PrivateMessenger.Presentation)'
2026-07-31 12:28:50.921 +06:00 [INF] Route matched with {action = "SendMessage", controller = "Message"}. Executing controller action with signature System.Threading.Tasks.Task`1[Microsoft.AspNetCore.Mvc.IActionResult] SendMessage(SendMessageRequest) on controller PrivateMessengerBackend.Controllers.MessageController (PrivateMessenger.Presentation).
2026-07-31 12:28:50.942 +06:00 [INF] Executing OkObjectResult, writing value of type 'PrivateMessengerBackend.Models.Message'.
2026-07-31 12:28:50.947 +06:00 [INF] Executed action PrivateMessengerBackend.Controllers.MessageController.SendMessage (PrivateMessenger.Presentation) in 19.9238ms
2026-07-31 12:28:50.951 +06:00 [INF] Executed endpoint 'PrivateMessengerBackend.Controllers.MessageController.SendMessage (PrivateMessenger.Presentation)'
2026-07-31 12:28:50.955 +06:00 [INF] Request finished HTTP/2 POST https://localhost:7024/api/messages - 200 null application/json; charset=utf-8 52.2213ms
2026-07-31 12:28:53.989 +06:00 [INF] Request starting HTTP/2 GET https://localhost:7024/api/conversations?userId=ce6c0672-6a91-4a62-ac1a-a39b3e145138 - null null
2026-07-31 12:28:54.042 +06:00 [INF] CORS policy execution successful.
2026-07-31 12:28:54.050 +06:00 [INF] Executing endpoint 'PrivateMessengerBackend.Controllers.ConversationController.GetUserConversations (PrivateMessenger.Presentation)'
2026-07-31 12:28:54.054 +06:00 [INF] Route matched with {action = "GetUserConversations", controller = "Conversation"}. Executing controller action with signature System.Threading.Tasks.Task`1[Microsoft.AspNetCore.Mvc.IActionResult] GetUserConversations(System.Guid) on controller PrivateMessengerBackend.Controllers.ConversationController (PrivateMessenger.Presentation).
2026-07-31 12:28:54.116 +06:00 [INF] Executing OkObjectResult, writing value of type 'System.Collections.Generic.List`1[[PrivateMessengerBackend.Dtos.ConversationDto, PrivateMessenger.Presentation, Version=1.0.0.0, Culture=neutral, PublicKeyToken=null]]'.
2026-07-31 12:28:54.121 +06:00 [INF] Executed action PrivateMessengerBackend.Controllers.ConversationController.GetUserConversations (PrivateMessenger.Presentation) in 53.913ms
2026-07-31 12:28:54.125 +06:00 [INF] Request starting HTTP/2 GET https://localhost:7024/api/conversations?userId=ce6c0672-6a91-4a62-ac1a-a39b3e145138 - null null
2026-07-31 12:28:54.130 +06:00 [INF] Executed endpoint 'PrivateMessengerBackend.Controllers.ConversationController.GetUserConversations (PrivateMessenger.Presentation)'
2026-07-31 12:28:54.136 +06:00 [INF] CORS policy execution successful.
2026-07-31 12:28:54.141 +06:00 [INF] Request finished HTTP/2 GET https://localhost:7024/api/conversations?userId=ce6c0672-6a91-4a62-ac1a-a39b3e145138 - 200 null application/json; charset=utf-8 151.7513ms
2026-07-31 12:28:54.147 +06:00 [INF] Executing endpoint 'PrivateMessengerBackend.Controllers.ConversationController.GetUserConversations (PrivateMessenger.Presentation)'
2026-07-31 12:28:54.164 +06:00 [INF] Route matched with {action = "GetUserConversations", controller = "Conversation"}. Executing controller action with signature System.Threading.Tasks.Task`1[Microsoft.AspNetCore.Mvc.IActionResult] GetUserConversations(System.Guid) on controller PrivateMessengerBackend.Controllers.ConversationController (PrivateMessenger.Presentation).
2026-07-31 12:28:54.179 +06:00 [INF] Executing OkObjectResult, writing value of type 'System.Collections.Generic.List`1[[PrivateMessengerBackend.Dtos.ConversationDto, PrivateMessenger.Presentation, Version=1.0.0.0, Culture=neutral, PublicKeyToken=null]]'.
2026-07-31 12:28:54.185 +06:00 [INF] Executed action PrivateMessengerBackend.Controllers.ConversationController.GetUserConversations (PrivateMessenger.Presentation) in 12.9092ms
2026-07-31 12:28:54.197 +06:00 [INF] Executed endpoint 'PrivateMessengerBackend.Controllers.ConversationController.GetUserConversations (PrivateMessenger.Presentation)'
2026-07-31 12:28:54.201 +06:00 [INF] Request finished HTTP/2 GET https://localhost:7024/api/conversations?userId=ce6c0672-6a91-4a62-ac1a-a39b3e145138 - 200 null application/json; charset=utf-8 76.0594ms
2026-07-31 12:28:54.765 +06:00 [INF] Request starting HTTP/2 GET https://localhost:7024/api/conversations?userId=72f00161-df45-4dfc-99d8-9016aa512e43 - null null
2026-07-31 12:28:54.790 +06:00 [INF] CORS policy execution successful.
2026-07-31 12:28:54.796 +06:00 [INF] Executing endpoint 'PrivateMessengerBackend.Controllers.ConversationController.GetUserConversations (PrivateMessenger.Presentation)'
2026-07-31 12:28:54.805 +06:00 [INF] Route matched with {action = "GetUserConversations", controller = "Conversation"}. Executing controller action with signature System.Threading.Tasks.Task`1[Microsoft.AspNetCore.Mvc.IActionResult] GetUserConversations(System.Guid) on controller PrivateMessengerBackend.Controllers.ConversationController (PrivateMessenger.Presentation).
2026-07-31 12:28:54.887 +06:00 [INF] Executing OkObjectResult, writing value of type 'System.Collections.Generic.List`1[[PrivateMessengerBackend.Dtos.ConversationDto, PrivateMessenger.Presentation, Version=1.0.0.0, Culture=neutral, PublicKeyToken=null]]'.
2026-07-31 12:28:54.895 +06:00 [INF] Executed action PrivateMessengerBackend.Controllers.ConversationController.GetUserConversations (PrivateMessenger.Presentation) in 70.8028ms
2026-07-31 12:28:54.898 +06:00 [INF] Request starting HTTP/2 GET https://localhost:7024/api/conversations?userId=72f00161-df45-4dfc-99d8-9016aa512e43 - null null
2026-07-31 12:28:54.901 +06:00 [INF] Executed endpoint 'PrivateMessengerBackend.Controllers.ConversationController.GetUserConversations (PrivateMessenger.Presentation)'
2026-07-31 12:28:54.910 +06:00 [INF] CORS policy execution successful.
2026-07-31 12:28:54.917 +06:00 [INF] Executing endpoint 'PrivateMessengerBackend.Controllers.ConversationController.GetUserConversations (PrivateMessenger.Presentation)'
2026-07-31 12:28:54.914 +06:00 [INF] Request finished HTTP/2 GET https://localhost:7024/api/conversations?userId=72f00161-df45-4dfc-99d8-9016aa512e43 - 200 null application/json; charset=utf-8 149.161ms
2026-07-31 12:28:54.921 +06:00 [INF] Route matched with {action = "GetUserConversations", controller = "Conversation"}. Executing controller action with signature System.Threading.Tasks.Task`1[Microsoft.AspNetCore.Mvc.IActionResult] GetUserConversations(System.Guid) on controller PrivateMessengerBackend.Controllers.ConversationController (PrivateMessenger.Presentation).
2026-07-31 12:28:54.945 +06:00 [INF] Executing OkObjectResult, writing value of type 'System.Collections.Generic.List`1[[PrivateMessengerBackend.Dtos.ConversationDto, PrivateMessenger.Presentation, Version=1.0.0.0, Culture=neutral, PublicKeyToken=null]]'.
2026-07-31 12:28:54.949 +06:00 [INF] Executed action PrivateMessengerBackend.Controllers.ConversationController.GetUserConversations (PrivateMessenger.Presentation) in 11.0703ms
2026-07-31 12:28:54.956 +06:00 [INF] Executed endpoint 'PrivateMessengerBackend.Controllers.ConversationController.GetUserConversations (PrivateMessenger.Presentation)'
2026-07-31 12:28:54.979 +06:00 [INF] Request finished HTTP/2 GET https://localhost:7024/api/conversations?userId=72f00161-df45-4dfc-99d8-9016aa512e43 - 200 null application/json; charset=utf-8 81.1391ms
2026-07-31 12:28:55.880 +06:00 [INF] Request starting HTTP/2 GET https://localhost:7024/api/messages/2a70ce53-4e41-4c7c-8520-2c6e9bd54ada - null null
2026-07-31 12:28:55.898 +06:00 [INF] CORS policy execution successful.
2026-07-31 12:28:55.902 +06:00 [INF] Executing endpoint 'PrivateMessengerBackend.Controllers.MessageController.GetMessages (PrivateMessenger.Presentation)'
2026-07-31 12:28:55.910 +06:00 [INF] Route matched with {action = "GetMessages", controller = "Message"}. Executing controller action with signature System.Threading.Tasks.Task`1[Microsoft.AspNetCore.Mvc.IActionResult] GetMessages(System.Guid) on controller PrivateMessengerBackend.Controllers.MessageController (PrivateMessenger.Presentation).
2026-07-31 12:28:55.928 +06:00 [INF] Executing OkObjectResult, writing value of type 'System.Collections.Generic.List`1[[PrivateMessengerBackend.Models.Message, PrivateMessenger.Presentation, Version=1.0.0.0, Culture=neutral, PublicKeyToken=null]]'.
2026-07-31 12:28:55.933 +06:00 [INF] Executed action PrivateMessengerBackend.Controllers.MessageController.GetMessages (PrivateMessenger.Presentation) in 17.3081ms
2026-07-31 12:28:55.937 +06:00 [INF] Request starting HTTP/2 GET https://localhost:7024/api/messages/2a70ce53-4e41-4c7c-8520-2c6e9bd54ada - null null
2026-07-31 12:28:55.941 +06:00 [INF] Executed endpoint 'PrivateMessengerBackend.Controllers.MessageController.GetMessages (PrivateMessenger.Presentation)'
2026-07-31 12:28:55.949 +06:00 [INF] CORS policy execution successful.
2026-07-31 12:28:55.954 +06:00 [INF] Request finished HTTP/2 GET https://localhost:7024/api/messages/2a70ce53-4e41-4c7c-8520-2c6e9bd54ada - 200 null application/json; charset=utf-8 74.7362ms
2026-07-31 12:28:55.957 +06:00 [INF] Executing endpoint 'PrivateMessengerBackend.Controllers.MessageController.GetMessages (PrivateMessenger.Presentation)'
2026-07-31 12:28:55.973 +06:00 [INF] Route matched with {action = "GetMessages", controller = "Message"}. Executing controller action with signature System.Threading.Tasks.Task`1[Microsoft.AspNetCore.Mvc.IActionResult] GetMessages(System.Guid) on controller PrivateMessengerBackend.Controllers.MessageController (PrivateMessenger.Presentation).
2026-07-31 12:28:55.993 +06:00 [INF] Executing OkObjectResult, writing value of type 'System.Collections.Generic.List`1[[PrivateMessengerBackend.Models.Message, PrivateMessenger.Presentation, Version=1.0.0.0, Culture=neutral, PublicKeyToken=null]]'.
2026-07-31 12:28:56.001 +06:00 [INF] Executed action PrivateMessengerBackend.Controllers.MessageController.GetMessages (PrivateMessenger.Presentation) in 21.6154ms
2026-07-31 12:28:56.009 +06:00 [INF] Executed endpoint 'PrivateMessengerBackend.Controllers.MessageController.GetMessages (PrivateMessenger.Presentation)'
2026-07-31 12:28:56.012 +06:00 [INF] Request finished HTTP/2 GET https://localhost:7024/api/messages/2a70ce53-4e41-4c7c-8520-2c6e9bd54ada - 200 null application/json; charset=utf-8 75.3836ms
2026-07-31 12:28:56.812 +06:00 [INF] Request starting HTTP/2 GET https://localhost:7024/api/messages/2a70ce53-4e41-4c7c-8520-2c6e9bd54ada - null null
2026-07-31 12:28:56.827 +06:00 [INF] CORS policy execution successful.
2026-07-31 12:28:56.829 +06:00 [INF] Executing endpoint 'PrivateMessengerBackend.Controllers.MessageController.GetMessages (PrivateMessenger.Presentation)'
2026-07-31 12:28:56.832 +06:00 [INF] Route matched with {action = "GetMessages", controller = "Message"}. Executing controller action with signature System.Threading.Tasks.Task`1[Microsoft.AspNetCore.Mvc.IActionResult] GetMessages(System.Guid) on controller PrivateMessengerBackend.Controllers.MessageController (PrivateMessenger.Presentation).
2026-07-31 12:28:56.849 +06:00 [INF] Executing OkObjectResult, writing value of type 'System.Collections.Generic.List`1[[PrivateMessengerBackend.Models.Message, PrivateMessenger.Presentation, Version=1.0.0.0, Culture=neutral, PublicKeyToken=null]]'.
2026-07-31 12:28:56.854 +06:00 [INF] Executed action PrivateMessengerBackend.Controllers.MessageController.GetMessages (PrivateMessenger.Presentation) in 16.9776ms
2026-07-31 12:28:56.859 +06:00 [INF] Executed endpoint 'PrivateMessengerBackend.Controllers.MessageController.GetMessages (PrivateMessenger.Presentation)'
2026-07-31 12:28:56.860 +06:00 [INF] Request starting HTTP/2 GET https://localhost:7024/api/messages/2a70ce53-4e41-4c7c-8520-2c6e9bd54ada - null null
2026-07-31 12:28:56.862 +06:00 [INF] Request finished HTTP/2 GET https://localhost:7024/api/messages/2a70ce53-4e41-4c7c-8520-2c6e9bd54ada - 200 null application/json; charset=utf-8 49.7061ms
2026-07-31 12:28:56.869 +06:00 [INF] CORS policy execution successful.
2026-07-31 12:28:56.882 +06:00 [INF] Executing endpoint 'PrivateMessengerBackend.Controllers.MessageController.GetMessages (PrivateMessenger.Presentation)'
2026-07-31 12:28:56.888 +06:00 [INF] Route matched with {action = "GetMessages", controller = "Message"}. Executing controller action with signature System.Threading.Tasks.Task`1[Microsoft.AspNetCore.Mvc.IActionResult] GetMessages(System.Guid) on controller PrivateMessengerBackend.Controllers.MessageController (PrivateMessenger.Presentation).
2026-07-31 12:28:56.898 +06:00 [INF] Executing OkObjectResult, writing value of type 'System.Collections.Generic.List`1[[PrivateMessengerBackend.Models.Message, PrivateMessenger.Presentation, Version=1.0.0.0, Culture=neutral, PublicKeyToken=null]]'.
2026-07-31 12:28:56.907 +06:00 [INF] Executed action PrivateMessengerBackend.Controllers.MessageController.GetMessages (PrivateMessenger.Presentation) in 12.9502ms
2026-07-31 12:28:56.913 +06:00 [INF] Executed endpoint 'PrivateMessengerBackend.Controllers.MessageController.GetMessages (PrivateMessenger.Presentation)'
2026-07-31 12:28:56.917 +06:00 [INF] Request finished HTTP/2 GET https://localhost:7024/api/messages/2a70ce53-4e41-4c7c-8520-2c6e9bd54ada - 200 null application/json; charset=utf-8 56.6461ms
2026-07-31 14:17:29.231 +06:00 [INF] Now listening on: https://localhost:7024
2026-07-31 14:17:29.343 +06:00 [INF] Now listening on: http://localhost:5041
2026-07-31 14:17:29.554 +06:00 [INF] Application started. Press Ctrl+C to shut down.
2026-07-31 14:17:29.686 +06:00 [INF] Hosting environment: Development
2026-07-31 14:17:29.689 +06:00 [INF] Content root path: D:\Projects\2026\private-messenger\backend\PrivateMessenger.Presentation
2026-07-31 14:18:52.690 +06:00 [INF] Request starting HTTP/2 GET https://localhost:7024/swagger/index.html - null null
2026-07-31 14:18:53.312 +06:00 [INF] Request finished HTTP/2 GET https://localhost:7024/swagger/index.html - 304 null null 630.8261ms
2026-07-31 14:18:53.399 +06:00 [INF] Request starting HTTP/2 GET https://localhost:7024/swagger/swagger-ui.css - null null
2026-07-31 14:18:53.452 +06:00 [INF] Request starting HTTP/2 GET https://localhost:7024/_framework/aspnetcore-browser-refresh.js - null null
2026-07-31 14:18:53.452 +06:00 [INF] Request starting HTTP/2 GET https://localhost:7024/swagger/index.css - null null
2026-07-31 14:18:53.458 +06:00 [INF] Request starting HTTP/2 GET https://localhost:7024/swagger/index.js - null null
2026-07-31 14:18:53.458 +06:00 [INF] Request starting HTTP/2 GET https://localhost:7024/swagger/swagger-ui-standalone-preset.js - null null
2026-07-31 14:18:53.459 +06:00 [INF] Request starting HTTP/2 GET https://localhost:7024/swagger/swagger-ui-bundle.js - null null
2026-07-31 14:18:53.480 +06:00 [INF] Request finished HTTP/2 GET https://localhost:7024/swagger/swagger-ui.css - 304 null null 80.5932ms
2026-07-31 14:18:53.488 +06:00 [INF] Request finished HTTP/2 GET https://localhost:7024/swagger/index.css - 304 null null 35.7967ms
2026-07-31 14:18:53.492 +06:00 [INF] Request finished HTTP/2 GET https://localhost:7024/swagger/index.js - 304 null null 34.6227ms
2026-07-31 14:18:53.502 +06:00 [INF] Request starting HTTP/2 GET https://localhost:7024/_vs/browserLink - null null
2026-07-31 14:18:53.505 +06:00 [INF] Request finished HTTP/2 GET https://localhost:7024/swagger/swagger-ui-standalone-preset.js - 304 null null 45.9673ms
2026-07-31 14:18:53.533 +06:00 [INF] Request finished HTTP/2 GET https://localhost:7024/_framework/aspnetcore-browser-refresh.js - 200 14963 application/javascript; charset=utf-8 81.6537ms
2026-07-31 14:18:53.542 +06:00 [INF] Request finished HTTP/2 GET https://localhost:7024/swagger/swagger-ui-bundle.js - 304 null null 83.4197ms
2026-07-31 14:18:53.717 +06:00 [INF] Request starting HTTP/2 GET https://localhost:7024/_framework/aspnetcore-browser-refresh.js - null null
2026-07-31 14:18:53.732 +06:00 [INF] Request finished HTTP/2 GET https://localhost:7024/_framework/aspnetcore-browser-refresh.js - 200 14963 application/javascript; charset=utf-8 15.1737ms
2026-07-31 14:18:53.780 +06:00 [INF] Request starting HTTP/2 GET https://localhost:7024/swagger/index.js - null null
2026-07-31 14:18:53.788 +06:00 [INF] Request finished HTTP/2 GET https://localhost:7024/swagger/index.js - 304 null null 8.0219ms
2026-07-31 14:18:53.882 +06:00 [INF] Request finished HTTP/2 GET https://localhost:7024/_vs/browserLink - 200 null text/javascript; charset=UTF-8 379.3374ms
2026-07-31 14:18:54.163 +06:00 [INF] Request starting HTTP/2 GET https://localhost:7024/swagger/swagger-ui-standalone-preset.js - null null
2026-07-31 14:18:54.172 +06:00 [INF] Request finished HTTP/2 GET https://localhost:7024/swagger/swagger-ui-standalone-preset.js - 304 null null 9.5799ms
2026-07-31 14:18:54.292 +06:00 [INF] Request starting HTTP/2 GET https://localhost:7024/swagger/swagger-ui-bundle.js - null null
2026-07-31 14:18:54.308 +06:00 [INF] Request finished HTTP/2 GET https://localhost:7024/swagger/swagger-ui-bundle.js - 304 null null 15.9598ms
2026-07-31 14:18:54.822 +06:00 [INF] Request starting HTTP/2 GET https://localhost:7024/swagger/v1/swagger.json - null null
2026-07-31 14:18:54.971 +06:00 [INF] Request finished HTTP/2 GET https://localhost:7024/swagger/v1/swagger.json - 200 null application/json;charset=utf-8 148.1093ms
2026-07-31 14:18:56.258 +06:00 [INF] Request starting HTTP/2 GET https://localhost:7024/_vs/browserLink - null null
2026-07-31 14:18:56.278 +06:00 [INF] Request finished HTTP/2 GET https://localhost:7024/_vs/browserLink - 200 null text/javascript; charset=UTF-8 19.4902ms
2026-07-31 14:19:14.255 +06:00 [INF] Request starting HTTP/2 POST https://localhost:7024/api/auth/login - application/json 26
2026-07-31 14:19:14.339 +06:00 [INF] CORS policy execution failed.
2026-07-31 14:19:14.343 +06:00 [INF] Request origin https://localhost:7024 does not have permission to access the resource.
2026-07-31 14:19:14.359 +06:00 [INF] Executing endpoint 'AuthController.Login (PrivateMessenger.Presentation)'
2026-07-31 14:19:14.427 +06:00 [INF] Route matched with {action = "Login", controller = "Auth"}. Executing controller action with signature System.Threading.Tasks.Task`1[Microsoft.AspNetCore.Mvc.IActionResult] Login(PrivateMessenger.Application.DTOs.LoginRequest) on controller AuthController (PrivateMessenger.Presentation).
2026-07-31 14:19:14.471 +06:00 [WRN] You do not have a valid license key for the Lucky Penny software MediatR. This is allowed for development and testing scenarios. If you are running in production you are required to have a licensed version. Please visit https://luckypennysoftware.com to obtain a valid license.
2026-07-31 14:19:19.354 +06:00 [INF] Executing OkObjectResult, writing value of type '<>f__AnonymousType0`2[[System.Guid, System.Private.CoreLib, Version=10.0.0.0, Culture=neutral, PublicKeyToken=7cec85d7bea7798e],[System.String, System.Private.CoreLib, Version=10.0.0.0, Culture=neutral, PublicKeyToken=7cec85d7bea7798e]]'.
2026-07-31 14:19:19.400 +06:00 [INF] Executed action AuthController.Login (PrivateMessenger.Presentation) in 4952.6761ms
2026-07-31 14:19:19.405 +06:00 [INF] Executed endpoint 'AuthController.Login (PrivateMessenger.Presentation)'
2026-07-31 14:19:19.414 +06:00 [INF] Request finished HTTP/2 POST https://localhost:7024/api/auth/login - 200 null application/json; charset=utf-8 5159.1786ms
2026-07-31 14:19:35.996 +06:00 [INF] Request starting HTTP/2 GET https://localhost:7024/api/conversations?userId=72f00161-df45-4dfc-99d8-9016aa512e43 - null null
2026-07-31 14:19:36.012 +06:00 [INF] CORS policy execution successful.
2026-07-31 14:19:36.015 +06:00 [INF] Executing endpoint 'PrivateMessenger.Presentation.Controllers.ConversationController.GetUserConversations (PrivateMessenger.Presentation)'
2026-07-31 14:19:36.061 +06:00 [INF] Route matched with {action = "GetUserConversations", controller = "Conversation"}. Executing controller action with signature System.Threading.Tasks.Task`1[Microsoft.AspNetCore.Mvc.IActionResult] GetUserConversations(System.Guid) on controller PrivateMessenger.Presentation.Controllers.ConversationController (PrivateMessenger.Presentation).
2026-07-31 14:19:36.248 +06:00 [INF] Executing OkObjectResult, writing value of type 'System.Collections.Generic.List`1[[PrivateMessenger.Domain.Entities.Conversation, PrivateMessenger.Domain, Version=1.0.0.0, Culture=neutral, PublicKeyToken=null]]'.
2026-07-31 14:19:36.287 +06:00 [INF] Executed action PrivateMessenger.Presentation.Controllers.ConversationController.GetUserConversations (PrivateMessenger.Presentation) in 219.2745ms
2026-07-31 14:19:36.294 +06:00 [INF] Executed endpoint 'PrivateMessenger.Presentation.Controllers.ConversationController.GetUserConversations (PrivateMessenger.Presentation)'
2026-07-31 14:19:36.295 +06:00 [INF] Request starting HTTP/2 GET https://localhost:7024/api/conversations?userId=72f00161-df45-4dfc-99d8-9016aa512e43 - null null
2026-07-31 14:19:36.299 +06:00 [INF] Request finished HTTP/2 GET https://localhost:7024/api/conversations?userId=72f00161-df45-4dfc-99d8-9016aa512e43 - 200 null application/json; charset=utf-8 302.5765ms
2026-07-31 14:19:36.322 +06:00 [INF] CORS policy execution successful.
2026-07-31 14:19:36.337 +06:00 [INF] Executing endpoint 'PrivateMessenger.Presentation.Controllers.ConversationController.GetUserConversations (PrivateMessenger.Presentation)'
2026-07-31 14:19:36.345 +06:00 [INF] Route matched with {action = "GetUserConversations", controller = "Conversation"}. Executing controller action with signature System.Threading.Tasks.Task`1[Microsoft.AspNetCore.Mvc.IActionResult] GetUserConversations(System.Guid) on controller PrivateMessenger.Presentation.Controllers.ConversationController (PrivateMessenger.Presentation).
2026-07-31 14:19:36.447 +06:00 [INF] Executing OkObjectResult, writing value of type 'System.Collections.Generic.List`1[[PrivateMessenger.Domain.Entities.Conversation, PrivateMessenger.Domain, Version=1.0.0.0, Culture=neutral, PublicKeyToken=null]]'.
2026-07-31 14:19:36.455 +06:00 [INF] Executed action PrivateMessenger.Presentation.Controllers.ConversationController.GetUserConversations (PrivateMessenger.Presentation) in 94.4215ms
2026-07-31 14:19:36.463 +06:00 [INF] Executed endpoint 'PrivateMessenger.Presentation.Controllers.ConversationController.GetUserConversations (PrivateMessenger.Presentation)'
2026-07-31 14:19:36.468 +06:00 [INF] Request finished HTTP/2 GET https://localhost:7024/api/conversations?userId=72f00161-df45-4dfc-99d8-9016aa512e43 - 200 null application/json; charset=utf-8 172.4261ms
2026-07-31 14:19:57.084 +06:00 [INF] Request starting HTTP/2 OPTIONS https://localhost:7024/api/auth/login - null null
2026-07-31 14:19:57.092 +06:00 [INF] CORS policy execution successful.
2026-07-31 14:19:57.096 +06:00 [INF] Request finished HTTP/2 OPTIONS https://localhost:7024/api/auth/login - 204 null null 11.9293ms
2026-07-31 14:19:57.101 +06:00 [INF] Request starting HTTP/2 POST https://localhost:7024/api/auth/login - application/json 20
2026-07-31 14:19:57.115 +06:00 [INF] CORS policy execution successful.
2026-07-31 14:19:57.121 +06:00 [INF] Executing endpoint 'AuthController.Login (PrivateMessenger.Presentation)'
2026-07-31 14:19:57.125 +06:00 [INF] Route matched with {action = "Login", controller = "Auth"}. Executing controller action with signature System.Threading.Tasks.Task`1[Microsoft.AspNetCore.Mvc.IActionResult] Login(PrivateMessenger.Application.DTOs.LoginRequest) on controller AuthController (PrivateMessenger.Presentation).
2026-07-31 14:19:57.159 +06:00 [INF] Executing OkObjectResult, writing value of type '<>f__AnonymousType0`2[[System.Guid, System.Private.CoreLib, Version=10.0.0.0, Culture=neutral, PublicKeyToken=7cec85d7bea7798e],[System.String, System.Private.CoreLib, Version=10.0.0.0, Culture=neutral, PublicKeyToken=7cec85d7bea7798e]]'.
2026-07-31 14:19:57.167 +06:00 [INF] Executed action AuthController.Login (PrivateMessenger.Presentation) in 34.6033ms
2026-07-31 14:19:57.172 +06:00 [INF] Executed endpoint 'AuthController.Login (PrivateMessenger.Presentation)'
2026-07-31 14:19:57.177 +06:00 [INF] Request finished HTTP/2 POST https://localhost:7024/api/auth/login - 200 null application/json; charset=utf-8 75.6835ms
2026-07-31 14:19:57.218 +06:00 [INF] Request starting HTTP/2 GET https://localhost:7024/api/conversations?userId=be3a5af8-7def-4b06-9030-94b19383cc64 - null null
2026-07-31 14:19:57.232 +06:00 [INF] CORS policy execution successful.
2026-07-31 14:19:57.234 +06:00 [INF] Executing endpoint 'PrivateMessenger.Presentation.Controllers.ConversationController.GetUserConversations (PrivateMessenger.Presentation)'
2026-07-31 14:19:57.240 +06:00 [INF] Route matched with {action = "GetUserConversations", controller = "Conversation"}. Executing controller action with signature System.Threading.Tasks.Task`1[Microsoft.AspNetCore.Mvc.IActionResult] GetUserConversations(System.Guid) on controller PrivateMessenger.Presentation.Controllers.ConversationController (PrivateMessenger.Presentation).
2026-07-31 14:19:57.308 +06:00 [INF] Executing OkObjectResult, writing value of type 'System.Collections.Generic.List`1[[PrivateMessenger.Domain.Entities.Conversation, PrivateMessenger.Domain, Version=1.0.0.0, Culture=neutral, PublicKeyToken=null]]'.
2026-07-31 14:19:57.314 +06:00 [INF] Executed action PrivateMessenger.Presentation.Controllers.ConversationController.GetUserConversations (PrivateMessenger.Presentation) in 61.0844ms
2026-07-31 14:19:57.317 +06:00 [INF] Request starting HTTP/2 GET https://localhost:7024/api/conversations?userId=be3a5af8-7def-4b06-9030-94b19383cc64 - null null
2026-07-31 14:19:57.320 +06:00 [INF] Executed endpoint 'PrivateMessenger.Presentation.Controllers.ConversationController.GetUserConversations (PrivateMessenger.Presentation)'
2026-07-31 14:19:57.333 +06:00 [INF] CORS policy execution successful.
2026-07-31 14:19:57.337 +06:00 [INF] Request finished HTTP/2 GET https://localhost:7024/api/conversations?userId=be3a5af8-7def-4b06-9030-94b19383cc64 - 200 null application/json; charset=utf-8 119.0594ms
2026-07-31 14:19:57.346 +06:00 [INF] Executing endpoint 'PrivateMessenger.Presentation.Controllers.ConversationController.GetUserConversations (PrivateMessenger.Presentation)'
2026-07-31 14:19:57.363 +06:00 [INF] Route matched with {action = "GetUserConversations", controller = "Conversation"}. Executing controller action with signature System.Threading.Tasks.Task`1[Microsoft.AspNetCore.Mvc.IActionResult] GetUserConversations(System.Guid) on controller PrivateMessenger.Presentation.Controllers.ConversationController (PrivateMessenger.Presentation).
2026-07-31 14:19:57.379 +06:00 [INF] Executing OkObjectResult, writing value of type 'System.Collections.Generic.List`1[[PrivateMessenger.Domain.Entities.Conversation, PrivateMessenger.Domain, Version=1.0.0.0, Culture=neutral, PublicKeyToken=null]]'.
2026-07-31 14:19:57.383 +06:00 [INF] Executed action PrivateMessenger.Presentation.Controllers.ConversationController.GetUserConversations (PrivateMessenger.Presentation) in 9.282ms
2026-07-31 14:19:57.392 +06:00 [INF] Executed endpoint 'PrivateMessenger.Presentation.Controllers.ConversationController.GetUserConversations (PrivateMessenger.Presentation)'
2026-07-31 14:19:57.397 +06:00 [INF] Request finished HTTP/2 GET https://localhost:7024/api/conversations?userId=be3a5af8-7def-4b06-9030-94b19383cc64 - 200 null application/json; charset=utf-8 80.5114ms
2026-07-31 14:20:01.936 +06:00 [INF] Request starting HTTP/2 OPTIONS https://localhost:7024/api/auth/login - null null
2026-07-31 14:20:01.944 +06:00 [INF] CORS policy execution successful.
2026-07-31 14:20:01.947 +06:00 [INF] Request finished HTTP/2 OPTIONS https://localhost:7024/api/auth/login - 204 null null 10.7526ms
2026-07-31 14:20:01.951 +06:00 [INF] Request starting HTTP/2 POST https://localhost:7024/api/auth/login - application/json 20
2026-07-31 14:20:01.964 +06:00 [INF] CORS policy execution successful.
2026-07-31 14:20:01.967 +06:00 [INF] Executing endpoint 'AuthController.Login (PrivateMessenger.Presentation)'
2026-07-31 14:20:01.971 +06:00 [INF] Route matched with {action = "Login", controller = "Auth"}. Executing controller action with signature System.Threading.Tasks.Task`1[Microsoft.AspNetCore.Mvc.IActionResult] Login(PrivateMessenger.Application.DTOs.LoginRequest) on controller AuthController (PrivateMessenger.Presentation).
2026-07-31 14:20:01.997 +06:00 [INF] Executing OkObjectResult, writing value of type '<>f__AnonymousType0`2[[System.Guid, System.Private.CoreLib, Version=10.0.0.0, Culture=neutral, PublicKeyToken=7cec85d7bea7798e],[System.String, System.Private.CoreLib, Version=10.0.0.0, Culture=neutral, PublicKeyToken=7cec85d7bea7798e]]'.
2026-07-31 14:20:02.002 +06:00 [INF] Executed action AuthController.Login (PrivateMessenger.Presentation) in 22.7756ms
2026-07-31 14:20:02.009 +06:00 [INF] Executed endpoint 'AuthController.Login (PrivateMessenger.Presentation)'
2026-07-31 14:20:02.013 +06:00 [INF] Request finished HTTP/2 POST https://localhost:7024/api/auth/login - 200 null application/json; charset=utf-8 61.9495ms
2026-07-31 14:20:02.071 +06:00 [INF] Request starting HTTP/2 GET https://localhost:7024/api/conversations?userId=e93ed1b5-1e13-4d15-90ed-493665bbd15f - null null
2026-07-31 14:20:02.079 +06:00 [INF] CORS policy execution successful.
2026-07-31 14:20:02.081 +06:00 [INF] Executing endpoint 'PrivateMessenger.Presentation.Controllers.ConversationController.GetUserConversations (PrivateMessenger.Presentation)'
2026-07-31 14:20:02.089 +06:00 [INF] Route matched with {action = "GetUserConversations", controller = "Conversation"}. Executing controller action with signature System.Threading.Tasks.Task`1[Microsoft.AspNetCore.Mvc.IActionResult] GetUserConversations(System.Guid) on controller PrivateMessenger.Presentation.Controllers.ConversationController (PrivateMessenger.Presentation).
2026-07-31 14:20:02.139 +06:00 [INF] Executing OkObjectResult, writing value of type 'System.Collections.Generic.List`1[[PrivateMessenger.Domain.Entities.Conversation, PrivateMessenger.Domain, Version=1.0.0.0, Culture=neutral, PublicKeyToken=null]]'.
2026-07-31 14:20:02.144 +06:00 [INF] Executed action PrivateMessenger.Presentation.Controllers.ConversationController.GetUserConversations (PrivateMessenger.Presentation) in 47.5548ms
2026-07-31 14:20:02.147 +06:00 [INF] Request starting HTTP/2 GET https://localhost:7024/api/conversations?userId=e93ed1b5-1e13-4d15-90ed-493665bbd15f - null null
2026-07-31 14:20:02.154 +06:00 [INF] Executed endpoint 'PrivateMessenger.Presentation.Controllers.ConversationController.GetUserConversations (PrivateMessenger.Presentation)'
2026-07-31 14:20:02.166 +06:00 [INF] CORS policy execution successful.
2026-07-31 14:20:02.171 +06:00 [INF] Request finished HTTP/2 GET https://localhost:7024/api/conversations?userId=e93ed1b5-1e13-4d15-90ed-493665bbd15f - 200 null application/json; charset=utf-8 99.6711ms
2026-07-31 14:20:02.174 +06:00 [INF] Executing endpoint 'PrivateMessenger.Presentation.Controllers.ConversationController.GetUserConversations (PrivateMessenger.Presentation)'
2026-07-31 14:20:02.191 +06:00 [INF] Route matched with {action = "GetUserConversations", controller = "Conversation"}. Executing controller action with signature System.Threading.Tasks.Task`1[Microsoft.AspNetCore.Mvc.IActionResult] GetUserConversations(System.Guid) on controller PrivateMessenger.Presentation.Controllers.ConversationController (PrivateMessenger.Presentation).
2026-07-31 14:20:02.213 +06:00 [INF] Executing OkObjectResult, writing value of type 'System.Collections.Generic.List`1[[PrivateMessenger.Domain.Entities.Conversation, PrivateMessenger.Domain, Version=1.0.0.0, Culture=neutral, PublicKeyToken=null]]'.
2026-07-31 14:20:02.220 +06:00 [INF] Executed action PrivateMessenger.Presentation.Controllers.ConversationController.GetUserConversations (PrivateMessenger.Presentation) in 16.9872ms
2026-07-31 14:20:02.229 +06:00 [INF] Executed endpoint 'PrivateMessenger.Presentation.Controllers.ConversationController.GetUserConversations (PrivateMessenger.Presentation)'
2026-07-31 14:20:02.236 +06:00 [INF] Request finished HTTP/2 GET https://localhost:7024/api/conversations?userId=e93ed1b5-1e13-4d15-90ed-493665bbd15f - 200 null application/json; charset=utf-8 88.5075ms
2026-07-31 14:20:06.186 +06:00 [INF] Request starting HTTP/2 GET https://localhost:7024/api/users/search?query=kamal&currentUserId=e93ed1b5-1e13-4d15-90ed-493665bbd15f - null null
2026-07-31 14:20:06.201 +06:00 [INF] CORS policy execution successful.
2026-07-31 14:20:06.204 +06:00 [INF] Executing endpoint 'PrivateMessenger.Presentation.Controllers.UserController.SearchUsers (PrivateMessenger.Presentation)'
2026-07-31 14:20:06.239 +06:00 [INF] Route matched with {action = "SearchUsers", controller = "User"}. Executing controller action with signature System.Threading.Tasks.Task`1[Microsoft.AspNetCore.Mvc.IActionResult] SearchUsers(System.String, System.Guid) on controller PrivateMessenger.Presentation.Controllers.UserController (PrivateMessenger.Presentation).
2026-07-31 14:20:06.282 +06:00 [INF] Executing OkObjectResult, writing value of type 'System.Collections.Generic.List`1[[PrivateMessenger.Domain.Entities.User, PrivateMessenger.Domain, Version=1.0.0.0, Culture=neutral, PublicKeyToken=null]]'.
2026-07-31 14:20:06.299 +06:00 [INF] Executed action PrivateMessenger.Presentation.Controllers.UserController.SearchUsers (PrivateMessenger.Presentation) in 53.0483ms
2026-07-31 14:20:06.304 +06:00 [INF] Executed endpoint 'PrivateMessenger.Presentation.Controllers.UserController.SearchUsers (PrivateMessenger.Presentation)'
2026-07-31 14:20:06.312 +06:00 [INF] Request finished HTTP/2 GET https://localhost:7024/api/users/search?query=kamal&currentUserId=e93ed1b5-1e13-4d15-90ed-493665bbd15f - 200 null application/json; charset=utf-8 125.6829ms
2026-07-31 14:20:07.195 +06:00 [INF] Request starting HTTP/2 POST https://localhost:7024/api/conversations/start?currentUserId=e93ed1b5-1e13-4d15-90ed-493665bbd15f&targetUserId=be3a5af8-7def-4b06-9030-94b19383cc64 - null 0
2026-07-31 14:20:07.203 +06:00 [INF] CORS policy execution successful.
2026-07-31 14:20:07.206 +06:00 [INF] Executing endpoint 'PrivateMessenger.Presentation.Controllers.ConversationController.StartChat (PrivateMessenger.Presentation)'
2026-07-31 14:20:07.233 +06:00 [INF] Route matched with {action = "StartChat", controller = "Conversation"}. Executing controller action with signature System.Threading.Tasks.Task`1[Microsoft.AspNetCore.Mvc.IActionResult] StartChat(PrivateMessenger.Presentation.Controllers.StartChatRequest) on controller PrivateMessenger.Presentation.Controllers.ConversationController (PrivateMessenger.Presentation).
2026-07-31 14:20:07.249 +06:00 [INF] Executing ObjectResult, writing value of type 'Microsoft.AspNetCore.Mvc.ProblemDetails'.
2026-07-31 14:20:07.287 +06:00 [INF] Executed action PrivateMessenger.Presentation.Controllers.ConversationController.StartChat (PrivateMessenger.Presentation) in 44.3764ms
2026-07-31 14:20:07.293 +06:00 [INF] Executed endpoint 'PrivateMessenger.Presentation.Controllers.ConversationController.StartChat (PrivateMessenger.Presentation)'
2026-07-31 14:20:07.297 +06:00 [INF] Request finished HTTP/2 POST https://localhost:7024/api/conversations/start?currentUserId=e93ed1b5-1e13-4d15-90ed-493665bbd15f&targetUserId=be3a5af8-7def-4b06-9030-94b19383cc64 - 415 null application/problem+json; charset=utf-8 101.401ms
2026-07-31 14:20:10.528 +06:00 [INF] Request starting HTTP/2 POST https://localhost:7024/api/conversations/start?currentUserId=e93ed1b5-1e13-4d15-90ed-493665bbd15f&targetUserId=be3a5af8-7def-4b06-9030-94b19383cc64 - null 0
2026-07-31 14:20:10.539 +06:00 [INF] CORS policy execution successful.
2026-07-31 14:20:10.543 +06:00 [INF] Executing endpoint 'PrivateMessenger.Presentation.Controllers.ConversationController.StartChat (PrivateMessenger.Presentation)'
2026-07-31 14:20:10.555 +06:00 [INF] Route matched with {action = "StartChat", controller = "Conversation"}. Executing controller action with signature System.Threading.Tasks.Task`1[Microsoft.AspNetCore.Mvc.IActionResult] StartChat(PrivateMessenger.Presentation.Controllers.StartChatRequest) on controller PrivateMessenger.Presentation.Controllers.ConversationController (PrivateMessenger.Presentation).
2026-07-31 14:20:10.570 +06:00 [INF] Executing ObjectResult, writing value of type 'Microsoft.AspNetCore.Mvc.ProblemDetails'.
2026-07-31 14:20:10.575 +06:00 [INF] Executed action PrivateMessenger.Presentation.Controllers.ConversationController.StartChat (PrivateMessenger.Presentation) in 6.4371ms
2026-07-31 14:20:10.585 +06:00 [INF] Executed endpoint 'PrivateMessenger.Presentation.Controllers.ConversationController.StartChat (PrivateMessenger.Presentation)'
2026-07-31 14:20:10.590 +06:00 [INF] Request finished HTTP/2 POST https://localhost:7024/api/conversations/start?currentUserId=e93ed1b5-1e13-4d15-90ed-493665bbd15f&targetUserId=be3a5af8-7def-4b06-9030-94b19383cc64 - 415 null application/problem+json; charset=utf-8 62.5984ms
2026-07-31 14:20:14.528 +06:00 [INF] Request starting HTTP/2 POST https://localhost:7024/api/conversations/start?currentUserId=e93ed1b5-1e13-4d15-90ed-493665bbd15f&targetUserId=be3a5af8-7def-4b06-9030-94b19383cc64 - null 0
2026-07-31 14:20:14.538 +06:00 [INF] CORS policy execution successful.
2026-07-31 14:20:14.541 +06:00 [INF] Executing endpoint 'PrivateMessenger.Presentation.Controllers.ConversationController.StartChat (PrivateMessenger.Presentation)'
2026-07-31 14:20:14.546 +06:00 [INF] Route matched with {action = "StartChat", controller = "Conversation"}. Executing controller action with signature System.Threading.Tasks.Task`1[Microsoft.AspNetCore.Mvc.IActionResult] StartChat(PrivateMessenger.Presentation.Controllers.StartChatRequest) on controller PrivateMessenger.Presentation.Controllers.ConversationController (PrivateMessenger.Presentation).
2026-07-31 14:20:14.561 +06:00 [INF] Executing ObjectResult, writing value of type 'Microsoft.AspNetCore.Mvc.ProblemDetails'.
2026-07-31 14:20:14.566 +06:00 [INF] Executed action PrivateMessenger.Presentation.Controllers.ConversationController.StartChat (PrivateMessenger.Presentation) in 5.3091ms
2026-07-31 14:20:14.576 +06:00 [INF] Executed endpoint 'PrivateMessenger.Presentation.Controllers.ConversationController.StartChat (PrivateMessenger.Presentation)'
2026-07-31 14:20:14.580 +06:00 [INF] Request finished HTTP/2 POST https://localhost:7024/api/conversations/start?currentUserId=e93ed1b5-1e13-4d15-90ed-493665bbd15f&targetUserId=be3a5af8-7def-4b06-9030-94b19383cc64 - 415 null application/problem+json; charset=utf-8 51.7627ms
2026-07-31 14:20:14.903 +06:00 [INF] Request starting HTTP/2 POST https://localhost:7024/api/conversations/start?currentUserId=e93ed1b5-1e13-4d15-90ed-493665bbd15f&targetUserId=be3a5af8-7def-4b06-9030-94b19383cc64 - null 0
2026-07-31 14:20:14.911 +06:00 [INF] CORS policy execution successful.
2026-07-31 14:20:14.914 +06:00 [INF] Executing endpoint 'PrivateMessenger.Presentation.Controllers.ConversationController.StartChat (PrivateMessenger.Presentation)'
2026-07-31 14:20:14.919 +06:00 [INF] Route matched with {action = "StartChat", controller = "Conversation"}. Executing controller action with signature System.Threading.Tasks.Task`1[Microsoft.AspNetCore.Mvc.IActionResult] StartChat(PrivateMessenger.Presentation.Controllers.StartChatRequest) on controller PrivateMessenger.Presentation.Controllers.ConversationController (PrivateMessenger.Presentation).
2026-07-31 14:20:14.934 +06:00 [INF] Executing ObjectResult, writing value of type 'Microsoft.AspNetCore.Mvc.ProblemDetails'.
2026-07-31 14:20:14.938 +06:00 [INF] Executed action PrivateMessenger.Presentation.Controllers.ConversationController.StartChat (PrivateMessenger.Presentation) in 4.314ms
2026-07-31 14:20:14.947 +06:00 [INF] Executed endpoint 'PrivateMessenger.Presentation.Controllers.ConversationController.StartChat (PrivateMessenger.Presentation)'
2026-07-31 14:20:14.952 +06:00 [INF] Request finished HTTP/2 POST https://localhost:7024/api/conversations/start?currentUserId=e93ed1b5-1e13-4d15-90ed-493665bbd15f&targetUserId=be3a5af8-7def-4b06-9030-94b19383cc64 - 415 null application/problem+json; charset=utf-8 49.0142ms
2026-07-31 14:20:15.182 +06:00 [INF] Request starting HTTP/2 POST https://localhost:7024/api/conversations/start?currentUserId=e93ed1b5-1e13-4d15-90ed-493665bbd15f&targetUserId=be3a5af8-7def-4b06-9030-94b19383cc64 - null 0
2026-07-31 14:20:15.191 +06:00 [INF] CORS policy execution successful.
2026-07-31 14:20:15.194 +06:00 [INF] Executing endpoint 'PrivateMessenger.Presentation.Controllers.ConversationController.StartChat (PrivateMessenger.Presentation)'
2026-07-31 14:20:15.202 +06:00 [INF] Route matched with {action = "StartChat", controller = "Conversation"}. Executing controller action with signature System.Threading.Tasks.Task`1[Microsoft.AspNetCore.Mvc.IActionResult] StartChat(PrivateMessenger.Presentation.Controllers.StartChatRequest) on controller PrivateMessenger.Presentation.Controllers.ConversationController (PrivateMessenger.Presentation).
2026-07-31 14:20:15.216 +06:00 [INF] Executing ObjectResult, writing value of type 'Microsoft.AspNetCore.Mvc.ProblemDetails'.
2026-07-31 14:20:15.221 +06:00 [INF] Executed action PrivateMessenger.Presentation.Controllers.ConversationController.StartChat (PrivateMessenger.Presentation) in 5.0916ms
2026-07-31 14:20:15.229 +06:00 [INF] Executed endpoint 'PrivateMessenger.Presentation.Controllers.ConversationController.StartChat (PrivateMessenger.Presentation)'
2026-07-31 14:20:15.233 +06:00 [INF] Request finished HTTP/2 POST https://localhost:7024/api/conversations/start?currentUserId=e93ed1b5-1e13-4d15-90ed-493665bbd15f&targetUserId=be3a5af8-7def-4b06-9030-94b19383cc64 - 415 null application/problem+json; charset=utf-8 50.6737ms
2026-07-31 14:20:16.020 +06:00 [INF] Request starting HTTP/2 POST https://localhost:7024/api/conversations/start?currentUserId=e93ed1b5-1e13-4d15-90ed-493665bbd15f&targetUserId=be3a5af8-7def-4b06-9030-94b19383cc64 - null 0
2026-07-31 14:20:16.028 +06:00 [INF] CORS policy execution successful.
2026-07-31 14:20:16.034 +06:00 [INF] Executing endpoint 'PrivateMessenger.Presentation.Controllers.ConversationController.StartChat (PrivateMessenger.Presentation)'
2026-07-31 14:20:16.039 +06:00 [INF] Route matched with {action = "StartChat", controller = "Conversation"}. Executing controller action with signature System.Threading.Tasks.Task`1[Microsoft.AspNetCore.Mvc.IActionResult] StartChat(PrivateMessenger.Presentation.Controllers.StartChatRequest) on controller PrivateMessenger.Presentation.Controllers.ConversationController (PrivateMessenger.Presentation).
2026-07-31 14:20:16.053 +06:00 [INF] Executing ObjectResult, writing value of type 'Microsoft.AspNetCore.Mvc.ProblemDetails'.
2026-07-31 14:20:16.057 +06:00 [INF] Executed action PrivateMessenger.Presentation.Controllers.ConversationController.StartChat (PrivateMessenger.Presentation) in 4.3114ms
2026-07-31 14:20:16.065 +06:00 [INF] Executed endpoint 'PrivateMessenger.Presentation.Controllers.ConversationController.StartChat (PrivateMessenger.Presentation)'
2026-07-31 14:20:16.070 +06:00 [INF] Request finished HTTP/2 POST https://localhost:7024/api/conversations/start?currentUserId=e93ed1b5-1e13-4d15-90ed-493665bbd15f&targetUserId=be3a5af8-7def-4b06-9030-94b19383cc64 - 415 null application/problem+json; charset=utf-8 49.8159ms
2026-07-31 14:20:20.604 +06:00 [INF] Request starting HTTP/2 GET https://localhost:7024/api/users/search?query=Zabar&currentUserId=be3a5af8-7def-4b06-9030-94b19383cc64 - null null
2026-07-31 14:20:20.613 +06:00 [INF] CORS policy execution successful.
2026-07-31 14:20:20.616 +06:00 [INF] Executing endpoint 'PrivateMessenger.Presentation.Controllers.UserController.SearchUsers (PrivateMessenger.Presentation)'
2026-07-31 14:20:20.624 +06:00 [INF] Route matched with {action = "SearchUsers", controller = "User"}. Executing controller action with signature System.Threading.Tasks.Task`1[Microsoft.AspNetCore.Mvc.IActionResult] SearchUsers(System.String, System.Guid) on controller PrivateMessenger.Presentation.Controllers.UserController (PrivateMessenger.Presentation).
2026-07-31 14:20:20.656 +06:00 [INF] Executing OkObjectResult, writing value of type 'System.Collections.Generic.List`1[[PrivateMessenger.Domain.Entities.User, PrivateMessenger.Domain, Version=1.0.0.0, Culture=neutral, PublicKeyToken=null]]'.
2026-07-31 14:20:20.661 +06:00 [INF] Executed action PrivateMessenger.Presentation.Controllers.UserController.SearchUsers (PrivateMessenger.Presentation) in 26.6934ms
2026-07-31 14:20:20.669 +06:00 [INF] Executed endpoint 'PrivateMessenger.Presentation.Controllers.UserController.SearchUsers (PrivateMessenger.Presentation)'
2026-07-31 14:20:20.673 +06:00 [INF] Request finished HTTP/2 GET https://localhost:7024/api/users/search?query=Zabar&currentUserId=be3a5af8-7def-4b06-9030-94b19383cc64 - 200 null application/json; charset=utf-8 68.7256ms
2026-07-31 14:20:22.025 +06:00 [INF] Request starting HTTP/2 POST https://localhost:7024/api/conversations/start?currentUserId=be3a5af8-7def-4b06-9030-94b19383cc64&targetUserId=e93ed1b5-1e13-4d15-90ed-493665bbd15f - null 0
2026-07-31 14:20:22.033 +06:00 [INF] CORS policy execution successful.
2026-07-31 14:20:22.036 +06:00 [INF] Executing endpoint 'PrivateMessenger.Presentation.Controllers.ConversationController.StartChat (PrivateMessenger.Presentation)'
2026-07-31 14:20:22.045 +06:00 [INF] Route matched with {action = "StartChat", controller = "Conversation"}. Executing controller action with signature System.Threading.Tasks.Task`1[Microsoft.AspNetCore.Mvc.IActionResult] StartChat(PrivateMessenger.Presentation.Controllers.StartChatRequest) on controller PrivateMessenger.Presentation.Controllers.ConversationController (PrivateMessenger.Presentation).
2026-07-31 14:20:22.052 +06:00 [INF] Executing ObjectResult, writing value of type 'Microsoft.AspNetCore.Mvc.ProblemDetails'.
2026-07-31 14:20:22.059 +06:00 [INF] Executed action PrivateMessenger.Presentation.Controllers.ConversationController.StartChat (PrivateMessenger.Presentation) in 8.2809ms
2026-07-31 14:20:22.065 +06:00 [INF] Executed endpoint 'PrivateMessenger.Presentation.Controllers.ConversationController.StartChat (PrivateMessenger.Presentation)'
2026-07-31 14:20:22.072 +06:00 [INF] Request finished HTTP/2 POST https://localhost:7024/api/conversations/start?currentUserId=be3a5af8-7def-4b06-9030-94b19383cc64&targetUserId=e93ed1b5-1e13-4d15-90ed-493665bbd15f - 415 null application/problem+json; charset=utf-8 47.0421ms
2026-07-31 14:20:38.292 +06:00 [INF] Request starting HTTP/2 POST https://localhost:7024/api/conversations/start?currentUserId=be3a5af8-7def-4b06-9030-94b19383cc64&targetUserId=e93ed1b5-1e13-4d15-90ed-493665bbd15f - null 0
2026-07-31 14:20:38.299 +06:00 [INF] CORS policy execution successful.
2026-07-31 14:20:38.303 +06:00 [INF] Executing endpoint 'PrivateMessenger.Presentation.Controllers.ConversationController.StartChat (PrivateMessenger.Presentation)'
2026-07-31 14:20:38.308 +06:00 [INF] Route matched with {action = "StartChat", controller = "Conversation"}. Executing controller action with signature System.Threading.Tasks.Task`1[Microsoft.AspNetCore.Mvc.IActionResult] StartChat(PrivateMessenger.Presentation.Controllers.StartChatRequest) on controller PrivateMessenger.Presentation.Controllers.ConversationController (PrivateMessenger.Presentation).
2026-07-31 14:20:38.316 +06:00 [INF] Executing ObjectResult, writing value of type 'Microsoft.AspNetCore.Mvc.ProblemDetails'.
2026-07-31 14:20:38.325 +06:00 [INF] Executed action PrivateMessenger.Presentation.Controllers.ConversationController.StartChat (PrivateMessenger.Presentation) in 10.3415ms
2026-07-31 14:20:38.359 +06:00 [INF] Executed endpoint 'PrivateMessenger.Presentation.Controllers.ConversationController.StartChat (PrivateMessenger.Presentation)'
2026-07-31 14:20:38.366 +06:00 [INF] Request finished HTTP/2 POST https://localhost:7024/api/conversations/start?currentUserId=be3a5af8-7def-4b06-9030-94b19383cc64&targetUserId=e93ed1b5-1e13-4d15-90ed-493665bbd15f - 415 null application/problem+json; charset=utf-8 74.2542ms
2026-07-31 14:25:15.008 +06:00 [INF] Request starting HTTP/2 OPTIONS https://localhost:7024/api/conversations/start - null null
2026-07-31 14:25:15.150 +06:00 [INF] CORS policy execution successful.
2026-07-31 14:25:15.154 +06:00 [INF] Request finished HTTP/2 OPTIONS https://localhost:7024/api/conversations/start - 204 null null 145.5763ms
2026-07-31 14:25:15.166 +06:00 [INF] Request starting HTTP/2 POST https://localhost:7024/api/conversations/start - application/json 110
2026-07-31 14:25:15.187 +06:00 [INF] CORS policy execution successful.
2026-07-31 14:25:15.190 +06:00 [INF] Executing endpoint 'PrivateMessenger.Presentation.Controllers.ConversationController.StartChat (PrivateMessenger.Presentation)'
2026-07-31 14:25:15.199 +06:00 [INF] Route matched with {action = "StartChat", controller = "Conversation"}. Executing controller action with signature System.Threading.Tasks.Task`1[Microsoft.AspNetCore.Mvc.IActionResult] StartChat(PrivateMessenger.Presentation.Controllers.StartChatRequest) on controller PrivateMessenger.Presentation.Controllers.ConversationController (PrivateMessenger.Presentation).
2026-07-31 14:25:15.347 +06:00 [INF] Executing OkObjectResult, writing value of type '<>f__AnonymousType1`1[[System.Guid, System.Private.CoreLib, Version=10.0.0.0, Culture=neutral, PublicKeyToken=7cec85d7bea7798e]]'.
2026-07-31 14:25:15.357 +06:00 [INF] Executed action PrivateMessenger.Presentation.Controllers.ConversationController.StartChat (PrivateMessenger.Presentation) in 148.489ms
2026-07-31 14:25:15.363 +06:00 [INF] Executed endpoint 'PrivateMessenger.Presentation.Controllers.ConversationController.StartChat (PrivateMessenger.Presentation)'
2026-07-31 14:25:15.374 +06:00 [INF] Request finished HTTP/2 POST https://localhost:7024/api/conversations/start - 200 null application/json; charset=utf-8 207.3944ms
2026-07-31 14:25:15.456 +06:00 [INF] Request starting HTTP/2 GET https://localhost:7024/api/messages/01a7fc79-1a75-4656-9051-84e164f6d85d - null null
2026-07-31 14:25:15.490 +06:00 [INF] CORS policy execution successful.
2026-07-31 14:25:15.492 +06:00 [INF] Executing endpoint 'PrivateMessenger.Presentation.Controllers.MessageController.GetMessages (PrivateMessenger.Presentation)'
2026-07-31 14:25:15.536 +06:00 [INF] Route matched with {action = "GetMessages", controller = "Message"}. Executing controller action with signature System.Threading.Tasks.Task`1[Microsoft.AspNetCore.Mvc.IActionResult] GetMessages(System.Guid) on controller PrivateMessenger.Presentation.Controllers.MessageController (PrivateMessenger.Presentation).
2026-07-31 14:25:15.555 +06:00 [INF] Executed action PrivateMessenger.Presentation.Controllers.MessageController.GetMessages (PrivateMessenger.Presentation) in 8.7342ms
2026-07-31 14:25:15.574 +06:00 [INF] Executed endpoint 'PrivateMessenger.Presentation.Controllers.MessageController.GetMessages (PrivateMessenger.Presentation)'
2026-07-31 14:25:15.584 +06:00 [ERR] An unhandled exception has occurred while executing the request.
System.InvalidOperationException: No service for type 'MediatR.IRequestHandler`2[PrivateMessenger.Application.Messages.Queries.GetMessagesByConversation.GetMessagesByConversationQuery,System.Collections.Generic.IEnumerable`1[PrivateMessenger.Domain.Entities.Message]]' has been registered.
   at Microsoft.Extensions.DependencyInjection.ServiceProviderServiceExtensions.GetRequiredService[T](IServiceProvider provider)
   at MediatR.Wrappers.RequestHandlerWrapperImpl`2.<>c__DisplayClass1_0.<Handle>g__Handler|0(CancellationToken t)
   at MediatR.Wrappers.RequestHandlerWrapperImpl`2.Handle(IRequest`1 request, IServiceProvider serviceProvider, CancellationToken cancellationToken)
   at MediatR.Mediator.Send[TResponse](IRequest`1 request, CancellationToken cancellationToken)
   at PrivateMessenger.Presentation.Controllers.MessageController.GetMessages(Guid conversationId) in D:\Projects\2026\private-messenger\backend\PrivateMessenger.Presentation\Controllers\MessageController.cs:line 27
   at Microsoft.AspNetCore.Mvc.Infrastructure.ActionMethodExecutor.TaskOfIActionResultExecutor.Execute(ActionContext actionContext, IActionResultTypeMapper mapper, ObjectMethodExecutor executor, Object controller, Object[] arguments)
   at Microsoft.AspNetCore.Mvc.Infrastructure.ControllerActionInvoker.<InvokeActionMethodAsync>g__Awaited|12_0(ControllerActionInvoker invoker, ValueTask`1 actionResultValueTask)
   at Microsoft.AspNetCore.Mvc.Infrastructure.ControllerActionInvoker.<InvokeNextActionFilterAsync>g__Awaited|10_0(ControllerActionInvoker invoker, Task lastTask, State next, Scope scope, Object state, Boolean isCompleted)
   at Microsoft.AspNetCore.Mvc.Infrastructure.ControllerActionInvoker.Rethrow(ActionExecutedContextSealed context)
   at Microsoft.AspNetCore.Mvc.Infrastructure.ControllerActionInvoker.Next(State& next, Scope& scope, Object& state, Boolean& isCompleted)
   at Microsoft.AspNetCore.Mvc.Infrastructure.ControllerActionInvoker.InvokeInnerFilterAsync()
--- End of stack trace from previous location ---
   at Microsoft.AspNetCore.Mvc.Infrastructure.ResourceInvoker.<InvokeFilterPipelineAsync>g__Awaited|20_0(ResourceInvoker invoker, Task lastTask, State next, Scope scope, Object state, Boolean isCompleted)
   at Microsoft.AspNetCore.Mvc.Infrastructure.ResourceInvoker.<InvokeAsync>g__Logged|17_1(ResourceInvoker invoker)
   at Microsoft.AspNetCore.Mvc.Infrastructure.ResourceInvoker.<InvokeAsync>g__Logged|17_1(ResourceInvoker invoker)
   at Microsoft.AspNetCore.Routing.EndpointMiddleware.<Invoke>g__AwaitRequestTask|7_0(Endpoint endpoint, Task requestTask, ILogger logger)
   at Microsoft.AspNetCore.Authorization.AuthorizationMiddleware.Invoke(HttpContext context)
   at Swashbuckle.AspNetCore.SwaggerUI.SwaggerUIMiddleware.Invoke(HttpContext httpContext)
   at Swashbuckle.AspNetCore.Swagger.SwaggerMiddleware.Invoke(HttpContext httpContext, ISwaggerProvider swaggerProvider)
   at Microsoft.AspNetCore.Authentication.AuthenticationMiddleware.Invoke(HttpContext context)
   at Microsoft.AspNetCore.Diagnostics.DeveloperExceptionPageMiddlewareImpl.Invoke(HttpContext context)
2026-07-31 14:25:15.818 +06:00 [INF] Request finished HTTP/2 GET https://localhost:7024/api/messages/01a7fc79-1a75-4656-9051-84e164f6d85d - 500 null text/plain; charset=utf-8 361.7087ms
2026-07-31 14:25:15.826 +06:00 [INF] Request starting HTTP/2 GET https://localhost:7024/api/messages/01a7fc79-1a75-4656-9051-84e164f6d85d - null null
2026-07-31 14:25:15.858 +06:00 [INF] CORS policy execution successful.
2026-07-31 14:25:15.863 +06:00 [INF] Executing endpoint 'PrivateMessenger.Presentation.Controllers.MessageController.GetMessages (PrivateMessenger.Presentation)'
2026-07-31 14:25:15.868 +06:00 [INF] Route matched with {action = "GetMessages", controller = "Message"}. Executing controller action with signature System.Threading.Tasks.Task`1[Microsoft.AspNetCore.Mvc.IActionResult] GetMessages(System.Guid) on controller PrivateMessenger.Presentation.Controllers.MessageController (PrivateMessenger.Presentation).
2026-07-31 14:25:15.882 +06:00 [INF] Executed action PrivateMessenger.Presentation.Controllers.MessageController.GetMessages (PrivateMessenger.Presentation) in 1.2213ms
2026-07-31 14:25:15.888 +06:00 [INF] Executed endpoint 'PrivateMessenger.Presentation.Controllers.MessageController.GetMessages (PrivateMessenger.Presentation)'
2026-07-31 14:25:15.896 +06:00 [ERR] An unhandled exception has occurred while executing the request.
System.InvalidOperationException: No service for type 'MediatR.IRequestHandler`2[PrivateMessenger.Application.Messages.Queries.GetMessagesByConversation.GetMessagesByConversationQuery,System.Collections.Generic.IEnumerable`1[PrivateMessenger.Domain.Entities.Message]]' has been registered.
   at Microsoft.Extensions.DependencyInjection.ServiceProviderServiceExtensions.GetRequiredService[T](IServiceProvider provider)
   at MediatR.Wrappers.RequestHandlerWrapperImpl`2.<>c__DisplayClass1_0.<Handle>g__Handler|0(CancellationToken t)
   at MediatR.Wrappers.RequestHandlerWrapperImpl`2.Handle(IRequest`1 request, IServiceProvider serviceProvider, CancellationToken cancellationToken)
   at MediatR.Mediator.Send[TResponse](IRequest`1 request, CancellationToken cancellationToken)
   at PrivateMessenger.Presentation.Controllers.MessageController.GetMessages(Guid conversationId) in D:\Projects\2026\private-messenger\backend\PrivateMessenger.Presentation\Controllers\MessageController.cs:line 27
   at Microsoft.AspNetCore.Mvc.Infrastructure.ActionMethodExecutor.TaskOfIActionResultExecutor.Execute(ActionContext actionContext, IActionResultTypeMapper mapper, ObjectMethodExecutor executor, Object controller, Object[] arguments)
   at Microsoft.AspNetCore.Mvc.Infrastructure.ControllerActionInvoker.<InvokeActionMethodAsync>g__Awaited|12_0(ControllerActionInvoker invoker, ValueTask`1 actionResultValueTask)
   at Microsoft.AspNetCore.Mvc.Infrastructure.ControllerActionInvoker.<InvokeNextActionFilterAsync>g__Awaited|10_0(ControllerActionInvoker invoker, Task lastTask, State next, Scope scope, Object state, Boolean isCompleted)
   at Microsoft.AspNetCore.Mvc.Infrastructure.ControllerActionInvoker.Rethrow(ActionExecutedContextSealed context)
   at Microsoft.AspNetCore.Mvc.Infrastructure.ControllerActionInvoker.Next(State& next, Scope& scope, Object& state, Boolean& isCompleted)
   at Microsoft.AspNetCore.Mvc.Infrastructure.ControllerActionInvoker.InvokeInnerFilterAsync()
--- End of stack trace from previous location ---
   at Microsoft.AspNetCore.Mvc.Infrastructure.ResourceInvoker.<InvokeFilterPipelineAsync>g__Awaited|20_0(ResourceInvoker invoker, Task lastTask, State next, Scope scope, Object state, Boolean isCompleted)
   at Microsoft.AspNetCore.Mvc.Infrastructure.ResourceInvoker.<InvokeAsync>g__Logged|17_1(ResourceInvoker invoker)
   at Microsoft.AspNetCore.Mvc.Infrastructure.ResourceInvoker.<InvokeAsync>g__Logged|17_1(ResourceInvoker invoker)
   at Microsoft.AspNetCore.Routing.EndpointMiddleware.<Invoke>g__AwaitRequestTask|7_0(Endpoint endpoint, Task requestTask, ILogger logger)
   at Microsoft.AspNetCore.Authorization.AuthorizationMiddleware.Invoke(HttpContext context)
   at Swashbuckle.AspNetCore.SwaggerUI.SwaggerUIMiddleware.Invoke(HttpContext httpContext)
   at Swashbuckle.AspNetCore.Swagger.SwaggerMiddleware.Invoke(HttpContext httpContext, ISwaggerProvider swaggerProvider)
   at Microsoft.AspNetCore.Authentication.AuthenticationMiddleware.Invoke(HttpContext context)
   at Microsoft.AspNetCore.Diagnostics.DeveloperExceptionPageMiddlewareImpl.Invoke(HttpContext context)
2026-07-31 14:25:15.966 +06:00 [INF] Request finished HTTP/2 GET https://localhost:7024/api/messages/01a7fc79-1a75-4656-9051-84e164f6d85d - 500 null text/plain; charset=utf-8 140.541ms
2026-07-31 14:25:18.977 +06:00 [INF] Request starting HTTP/2 OPTIONS https://localhost:7024/api/conversations/start - null null
2026-07-31 14:25:18.984 +06:00 [INF] CORS policy execution successful.
2026-07-31 14:25:18.988 +06:00 [INF] Request finished HTTP/2 OPTIONS https://localhost:7024/api/conversations/start - 204 null null 11.1582ms
2026-07-31 14:25:18.992 +06:00 [INF] Request starting HTTP/2 POST https://localhost:7024/api/conversations/start - application/json 110
2026-07-31 14:25:19.008 +06:00 [INF] CORS policy execution successful.
2026-07-31 14:25:19.011 +06:00 [INF] Executing endpoint 'PrivateMessenger.Presentation.Controllers.ConversationController.StartChat (PrivateMessenger.Presentation)'
2026-07-31 14:25:19.022 +06:00 [INF] Route matched with {action = "StartChat", controller = "Conversation"}. Executing controller action with signature System.Threading.Tasks.Task`1[Microsoft.AspNetCore.Mvc.IActionResult] StartChat(PrivateMessenger.Presentation.Controllers.StartChatRequest) on controller PrivateMessenger.Presentation.Controllers.ConversationController (PrivateMessenger.Presentation).
2026-07-31 14:25:19.079 +06:00 [INF] Executing OkObjectResult, writing value of type '<>f__AnonymousType1`1[[System.Guid, System.Private.CoreLib, Version=10.0.0.0, Culture=neutral, PublicKeyToken=7cec85d7bea7798e]]'.
2026-07-31 14:25:19.084 +06:00 [INF] Executed action PrivateMessenger.Presentation.Controllers.ConversationController.StartChat (PrivateMessenger.Presentation) in 50.4752ms
2026-07-31 14:25:19.092 +06:00 [INF] Executed endpoint 'PrivateMessenger.Presentation.Controllers.ConversationController.StartChat (PrivateMessenger.Presentation)'
2026-07-31 14:25:19.101 +06:00 [INF] Request finished HTTP/2 POST https://localhost:7024/api/conversations/start - 200 null application/json; charset=utf-8 108.7455ms
2026-07-31 14:25:19.216 +06:00 [INF] Request starting HTTP/2 GET https://localhost:7024/api/messages/01a7fc79-1a75-4656-9051-84e164f6d85d - null null
2026-07-31 14:25:19.233 +06:00 [INF] CORS policy execution successful.
2026-07-31 14:25:19.238 +06:00 [INF] Executing endpoint 'PrivateMessenger.Presentation.Controllers.MessageController.GetMessages (PrivateMessenger.Presentation)'
2026-07-31 14:25:19.248 +06:00 [INF] Route matched with {action = "GetMessages", controller = "Message"}. Executing controller action with signature System.Threading.Tasks.Task`1[Microsoft.AspNetCore.Mvc.IActionResult] GetMessages(System.Guid) on controller PrivateMessenger.Presentation.Controllers.MessageController (PrivateMessenger.Presentation).
2026-07-31 14:25:19.265 +06:00 [INF] Executed action PrivateMessenger.Presentation.Controllers.MessageController.GetMessages (PrivateMessenger.Presentation) in 1.004ms
2026-07-31 14:25:19.276 +06:00 [INF] Executed endpoint 'PrivateMessenger.Presentation.Controllers.MessageController.GetMessages (PrivateMessenger.Presentation)'
2026-07-31 14:25:19.282 +06:00 [ERR] An unhandled exception has occurred while executing the request.
System.InvalidOperationException: No service for type 'MediatR.IRequestHandler`2[PrivateMessenger.Application.Messages.Queries.GetMessagesByConversation.GetMessagesByConversationQuery,System.Collections.Generic.IEnumerable`1[PrivateMessenger.Domain.Entities.Message]]' has been registered.
   at Microsoft.Extensions.DependencyInjection.ServiceProviderServiceExtensions.GetRequiredService[T](IServiceProvider provider)
   at MediatR.Wrappers.RequestHandlerWrapperImpl`2.<>c__DisplayClass1_0.<Handle>g__Handler|0(CancellationToken t)
   at MediatR.Wrappers.RequestHandlerWrapperImpl`2.Handle(IRequest`1 request, IServiceProvider serviceProvider, CancellationToken cancellationToken)
   at MediatR.Mediator.Send[TResponse](IRequest`1 request, CancellationToken cancellationToken)
   at PrivateMessenger.Presentation.Controllers.MessageController.GetMessages(Guid conversationId) in D:\Projects\2026\private-messenger\backend\PrivateMessenger.Presentation\Controllers\MessageController.cs:line 27
   at Microsoft.AspNetCore.Mvc.Infrastructure.ActionMethodExecutor.TaskOfIActionResultExecutor.Execute(ActionContext actionContext, IActionResultTypeMapper mapper, ObjectMethodExecutor executor, Object controller, Object[] arguments)
   at Microsoft.AspNetCore.Mvc.Infrastructure.ControllerActionInvoker.<InvokeActionMethodAsync>g__Awaited|12_0(ControllerActionInvoker invoker, ValueTask`1 actionResultValueTask)
   at Microsoft.AspNetCore.Mvc.Infrastructure.ControllerActionInvoker.<InvokeNextActionFilterAsync>g__Awaited|10_0(ControllerActionInvoker invoker, Task lastTask, State next, Scope scope, Object state, Boolean isCompleted)
   at Microsoft.AspNetCore.Mvc.Infrastructure.ControllerActionInvoker.Rethrow(ActionExecutedContextSealed context)
   at Microsoft.AspNetCore.Mvc.Infrastructure.ControllerActionInvoker.Next(State& next, Scope& scope, Object& state, Boolean& isCompleted)
   at Microsoft.AspNetCore.Mvc.Infrastructure.ControllerActionInvoker.InvokeInnerFilterAsync()
--- End of stack trace from previous location ---
   at Microsoft.AspNetCore.Mvc.Infrastructure.ResourceInvoker.<InvokeFilterPipelineAsync>g__Awaited|20_0(ResourceInvoker invoker, Task lastTask, State next, Scope scope, Object state, Boolean isCompleted)
   at Microsoft.AspNetCore.Mvc.Infrastructure.ResourceInvoker.<InvokeAsync>g__Logged|17_1(ResourceInvoker invoker)
   at Microsoft.AspNetCore.Mvc.Infrastructure.ResourceInvoker.<InvokeAsync>g__Logged|17_1(ResourceInvoker invoker)
   at Microsoft.AspNetCore.Routing.EndpointMiddleware.<Invoke>g__AwaitRequestTask|7_0(Endpoint endpoint, Task requestTask, ILogger logger)
   at Microsoft.AspNetCore.Authorization.AuthorizationMiddleware.Invoke(HttpContext context)
   at Swashbuckle.AspNetCore.SwaggerUI.SwaggerUIMiddleware.Invoke(HttpContext httpContext)
   at Swashbuckle.AspNetCore.Swagger.SwaggerMiddleware.Invoke(HttpContext httpContext, ISwaggerProvider swaggerProvider)
   at Microsoft.AspNetCore.Authentication.AuthenticationMiddleware.Invoke(HttpContext context)
   at Microsoft.AspNetCore.Diagnostics.DeveloperExceptionPageMiddlewareImpl.Invoke(HttpContext context)
2026-07-31 14:25:19.357 +06:00 [INF] Request finished HTTP/2 GET https://localhost:7024/api/messages/01a7fc79-1a75-4656-9051-84e164f6d85d - 500 null text/plain; charset=utf-8 140.9102ms
2026-07-31 14:25:19.361 +06:00 [INF] Request starting HTTP/2 GET https://localhost:7024/api/messages/01a7fc79-1a75-4656-9051-84e164f6d85d - null null
2026-07-31 14:25:19.379 +06:00 [INF] CORS policy execution successful.
2026-07-31 14:25:19.385 +06:00 [INF] Executing endpoint 'PrivateMessenger.Presentation.Controllers.MessageController.GetMessages (PrivateMessenger.Presentation)'
2026-07-31 14:25:19.390 +06:00 [INF] Route matched with {action = "GetMessages", controller = "Message"}. Executing controller action with signature System.Threading.Tasks.Task`1[Microsoft.AspNetCore.Mvc.IActionResult] GetMessages(System.Guid) on controller PrivateMessenger.Presentation.Controllers.MessageController (PrivateMessenger.Presentation).
2026-07-31 14:25:19.402 +06:00 [INF] Executed action PrivateMessenger.Presentation.Controllers.MessageController.GetMessages (PrivateMessenger.Presentation) in 0.6565ms
2026-07-31 14:25:19.408 +06:00 [INF] Executed endpoint 'PrivateMessenger.Presentation.Controllers.MessageController.GetMessages (PrivateMessenger.Presentation)'
2026-07-31 14:25:19.416 +06:00 [ERR] An unhandled exception has occurred while executing the request.
System.InvalidOperationException: No service for type 'MediatR.IRequestHandler`2[PrivateMessenger.Application.Messages.Queries.GetMessagesByConversation.GetMessagesByConversationQuery,System.Collections.Generic.IEnumerable`1[PrivateMessenger.Domain.Entities.Message]]' has been registered.
   at Microsoft.Extensions.DependencyInjection.ServiceProviderServiceExtensions.GetRequiredService[T](IServiceProvider provider)
   at MediatR.Wrappers.RequestHandlerWrapperImpl`2.<>c__DisplayClass1_0.<Handle>g__Handler|0(CancellationToken t)
   at MediatR.Wrappers.RequestHandlerWrapperImpl`2.Handle(IRequest`1 request, IServiceProvider serviceProvider, CancellationToken cancellationToken)
   at MediatR.Mediator.Send[TResponse](IRequest`1 request, CancellationToken cancellationToken)
   at PrivateMessenger.Presentation.Controllers.MessageController.GetMessages(Guid conversationId) in D:\Projects\2026\private-messenger\backend\PrivateMessenger.Presentation\Controllers\MessageController.cs:line 27
   at Microsoft.AspNetCore.Mvc.Infrastructure.ActionMethodExecutor.TaskOfIActionResultExecutor.Execute(ActionContext actionContext, IActionResultTypeMapper mapper, ObjectMethodExecutor executor, Object controller, Object[] arguments)
   at Microsoft.AspNetCore.Mvc.Infrastructure.ControllerActionInvoker.<InvokeActionMethodAsync>g__Awaited|12_0(ControllerActionInvoker invoker, ValueTask`1 actionResultValueTask)
   at Microsoft.AspNetCore.Mvc.Infrastructure.ControllerActionInvoker.<InvokeNextActionFilterAsync>g__Awaited|10_0(ControllerActionInvoker invoker, Task lastTask, State next, Scope scope, Object state, Boolean isCompleted)
   at Microsoft.AspNetCore.Mvc.Infrastructure.ControllerActionInvoker.Rethrow(ActionExecutedContextSealed context)
   at Microsoft.AspNetCore.Mvc.Infrastructure.ControllerActionInvoker.Next(State& next, Scope& scope, Object& state, Boolean& isCompleted)
   at Microsoft.AspNetCore.Mvc.Infrastructure.ControllerActionInvoker.InvokeInnerFilterAsync()
--- End of stack trace from previous location ---
   at Microsoft.AspNetCore.Mvc.Infrastructure.ResourceInvoker.<InvokeFilterPipelineAsync>g__Awaited|20_0(ResourceInvoker invoker, Task lastTask, State next, Scope scope, Object state, Boolean isCompleted)
   at Microsoft.AspNetCore.Mvc.Infrastructure.ResourceInvoker.<InvokeAsync>g__Logged|17_1(ResourceInvoker invoker)
   at Microsoft.AspNetCore.Mvc.Infrastructure.ResourceInvoker.<InvokeAsync>g__Logged|17_1(ResourceInvoker invoker)
   at Microsoft.AspNetCore.Routing.EndpointMiddleware.<Invoke>g__AwaitRequestTask|7_0(Endpoint endpoint, Task requestTask, ILogger logger)
   at Microsoft.AspNetCore.Authorization.AuthorizationMiddleware.Invoke(HttpContext context)
   at Swashbuckle.AspNetCore.SwaggerUI.SwaggerUIMiddleware.Invoke(HttpContext httpContext)
   at Swashbuckle.AspNetCore.Swagger.SwaggerMiddleware.Invoke(HttpContext httpContext, ISwaggerProvider swaggerProvider)
   at Microsoft.AspNetCore.Authentication.AuthenticationMiddleware.Invoke(HttpContext context)
   at Microsoft.AspNetCore.Diagnostics.DeveloperExceptionPageMiddlewareImpl.Invoke(HttpContext context)
2026-07-31 14:25:19.485 +06:00 [INF] Request finished HTTP/2 GET https://localhost:7024/api/messages/01a7fc79-1a75-4656-9051-84e164f6d85d - 500 null text/plain; charset=utf-8 124.2735ms
2026-07-31 14:25:24.952 +06:00 [INF] Request starting HTTP/2 OPTIONS https://localhost:7024/api/messages - null null
2026-07-31 14:25:24.967 +06:00 [INF] CORS policy execution successful.
2026-07-31 14:25:24.971 +06:00 [INF] Request finished HTTP/2 OPTIONS https://localhost:7024/api/messages - 204 null null 18.2877ms
2026-07-31 14:25:24.975 +06:00 [INF] Request starting HTTP/2 POST https://localhost:7024/api/messages - application/json 125
2026-07-31 14:25:24.989 +06:00 [INF] CORS policy execution successful.
2026-07-31 14:25:24.992 +06:00 [INF] Executing endpoint 'PrivateMessenger.Presentation.Controllers.MessageController.SendMessage (PrivateMessenger.Presentation)'
2026-07-31 14:25:25.022 +06:00 [INF] Route matched with {action = "SendMessage", controller = "Message"}. Executing controller action with signature System.Threading.Tasks.Task`1[Microsoft.AspNetCore.Mvc.IActionResult] SendMessage(PrivateMessenger.Presentation.Controllers.SendMessageRequest) on controller PrivateMessenger.Presentation.Controllers.MessageController (PrivateMessenger.Presentation).
2026-07-31 14:25:25.076 +06:00 [INF] Executing OkObjectResult, writing value of type 'PrivateMessenger.Domain.Entities.Message'.
2026-07-31 14:25:25.083 +06:00 [INF] Executed action PrivateMessenger.Presentation.Controllers.MessageController.SendMessage (PrivateMessenger.Presentation) in 51.8863ms
2026-07-31 14:25:25.092 +06:00 [INF] Executed endpoint 'PrivateMessenger.Presentation.Controllers.MessageController.SendMessage (PrivateMessenger.Presentation)'
2026-07-31 14:25:25.096 +06:00 [INF] Request finished HTTP/2 POST https://localhost:7024/api/messages - 200 null application/json; charset=utf-8 122.1909ms
2026-07-31 14:25:27.995 +06:00 [INF] Request starting HTTP/2 GET https://localhost:7024/api/conversations?userId=be3a5af8-7def-4b06-9030-94b19383cc64 - null null
2026-07-31 14:25:28.006 +06:00 [INF] CORS policy execution successful.
2026-07-31 14:25:28.016 +06:00 [INF] Executing endpoint 'PrivateMessenger.Presentation.Controllers.ConversationController.GetUserConversations (PrivateMessenger.Presentation)'
2026-07-31 14:25:28.025 +06:00 [INF] Route matched with {action = "GetUserConversations", controller = "Conversation"}. Executing controller action with signature System.Threading.Tasks.Task`1[Microsoft.AspNetCore.Mvc.IActionResult] GetUserConversations(System.Guid) on controller PrivateMessenger.Presentation.Controllers.ConversationController (PrivateMessenger.Presentation).
2026-07-31 14:25:28.119 +06:00 [INF] Executing OkObjectResult, writing value of type 'System.Collections.Generic.List`1[[PrivateMessenger.Domain.Entities.Conversation, PrivateMessenger.Domain, Version=1.0.0.0, Culture=neutral, PublicKeyToken=null]]'.
2026-07-31 14:25:28.125 +06:00 [INF] Executed action PrivateMessenger.Presentation.Controllers.ConversationController.GetUserConversations (PrivateMessenger.Presentation) in 67.9412ms
2026-07-31 14:25:28.127 +06:00 [INF] Request starting HTTP/2 GET https://localhost:7024/api/conversations?userId=be3a5af8-7def-4b06-9030-94b19383cc64 - null null
2026-07-31 14:25:28.131 +06:00 [INF] Executed endpoint 'PrivateMessenger.Presentation.Controllers.ConversationController.GetUserConversations (PrivateMessenger.Presentation)'
2026-07-31 14:25:28.153 +06:00 [INF] Request finished HTTP/2 GET https://localhost:7024/api/conversations?userId=be3a5af8-7def-4b06-9030-94b19383cc64 - 200 null application/json; charset=utf-8 158.1054ms
2026-07-31 14:25:28.144 +06:00 [INF] CORS policy execution successful.
2026-07-31 14:25:28.172 +06:00 [INF] Executing endpoint 'PrivateMessenger.Presentation.Controllers.ConversationController.GetUserConversations (PrivateMessenger.Presentation)'
2026-07-31 14:25:28.178 +06:00 [INF] Route matched with {action = "GetUserConversations", controller = "Conversation"}. Executing controller action with signature System.Threading.Tasks.Task`1[Microsoft.AspNetCore.Mvc.IActionResult] GetUserConversations(System.Guid) on controller PrivateMessenger.Presentation.Controllers.ConversationController (PrivateMessenger.Presentation).
2026-07-31 14:25:28.200 +06:00 [INF] Executing OkObjectResult, writing value of type 'System.Collections.Generic.List`1[[PrivateMessenger.Domain.Entities.Conversation, PrivateMessenger.Domain, Version=1.0.0.0, Culture=neutral, PublicKeyToken=null]]'.
2026-07-31 14:25:28.208 +06:00 [INF] Executed action PrivateMessenger.Presentation.Controllers.ConversationController.GetUserConversations (PrivateMessenger.Presentation) in 18.2703ms
2026-07-31 14:25:28.217 +06:00 [INF] Executed endpoint 'PrivateMessenger.Presentation.Controllers.ConversationController.GetUserConversations (PrivateMessenger.Presentation)'
2026-07-31 14:25:28.224 +06:00 [INF] Request finished HTTP/2 GET https://localhost:7024/api/conversations?userId=be3a5af8-7def-4b06-9030-94b19383cc64 - 200 null application/json; charset=utf-8 96.4378ms
2026-07-31 14:25:31.263 +06:00 [INF] Request starting HTTP/2 GET https://localhost:7024/api/conversations?userId=e93ed1b5-1e13-4d15-90ed-493665bbd15f - null null
2026-07-31 14:25:31.306 +06:00 [INF] CORS policy execution successful.
2026-07-31 14:25:31.336 +06:00 [INF] Executing endpoint 'PrivateMessenger.Presentation.Controllers.ConversationController.GetUserConversations (PrivateMessenger.Presentation)'
2026-07-31 14:25:31.342 +06:00 [INF] Route matched with {action = "GetUserConversations", controller = "Conversation"}. Executing controller action with signature System.Threading.Tasks.Task`1[Microsoft.AspNetCore.Mvc.IActionResult] GetUserConversations(System.Guid) on controller PrivateMessenger.Presentation.Controllers.ConversationController (PrivateMessenger.Presentation).
2026-07-31 14:25:31.464 +06:00 [INF] Executing OkObjectResult, writing value of type 'System.Collections.Generic.List`1[[PrivateMessenger.Domain.Entities.Conversation, PrivateMessenger.Domain, Version=1.0.0.0, Culture=neutral, PublicKeyToken=null]]'.
2026-07-31 14:25:31.471 +06:00 [INF] Executed action PrivateMessenger.Presentation.Controllers.ConversationController.GetUserConversations (PrivateMessenger.Presentation) in 114.4551ms
2026-07-31 14:25:31.476 +06:00 [INF] Request starting HTTP/2 GET https://localhost:7024/api/conversations?userId=e93ed1b5-1e13-4d15-90ed-493665bbd15f - null null
2026-07-31 14:25:31.482 +06:00 [INF] Executed endpoint 'PrivateMessenger.Presentation.Controllers.ConversationController.GetUserConversations (PrivateMessenger.Presentation)'
2026-07-31 14:25:31.495 +06:00 [INF] CORS policy execution successful.
2026-07-31 14:25:31.500 +06:00 [INF] Request finished HTTP/2 GET https://localhost:7024/api/conversations?userId=e93ed1b5-1e13-4d15-90ed-493665bbd15f - 200 null application/json; charset=utf-8 236.2706ms
2026-07-31 14:25:31.506 +06:00 [INF] Executing endpoint 'PrivateMessenger.Presentation.Controllers.ConversationController.GetUserConversations (PrivateMessenger.Presentation)'
2026-07-31 14:25:31.530 +06:00 [INF] Route matched with {action = "GetUserConversations", controller = "Conversation"}. Executing controller action with signature System.Threading.Tasks.Task`1[Microsoft.AspNetCore.Mvc.IActionResult] GetUserConversations(System.Guid) on controller PrivateMessenger.Presentation.Controllers.ConversationController (PrivateMessenger.Presentation).
2026-07-31 14:25:31.590 +06:00 [INF] Executing OkObjectResult, writing value of type 'System.Collections.Generic.List`1[[PrivateMessenger.Domain.Entities.Conversation, PrivateMessenger.Domain, Version=1.0.0.0, Culture=neutral, PublicKeyToken=null]]'.
2026-07-31 14:25:31.595 +06:00 [INF] Executed action PrivateMessenger.Presentation.Controllers.ConversationController.GetUserConversations (PrivateMessenger.Presentation) in 53.8263ms
2026-07-31 14:25:31.600 +06:00 [INF] Executed endpoint 'PrivateMessenger.Presentation.Controllers.ConversationController.GetUserConversations (PrivateMessenger.Presentation)'
2026-07-31 14:25:31.608 +06:00 [INF] Request finished HTTP/2 GET https://localhost:7024/api/conversations?userId=e93ed1b5-1e13-4d15-90ed-493665bbd15f - 200 null application/json; charset=utf-8 131.6615ms
2026-07-31 14:25:32.265 +06:00 [INF] Request starting HTTP/2 GET https://localhost:7024/api/messages/01a7fc79-1a75-4656-9051-84e164f6d85d - null null
2026-07-31 14:25:32.290 +06:00 [INF] CORS policy execution successful.
2026-07-31 14:25:32.301 +06:00 [INF] Executing endpoint 'PrivateMessenger.Presentation.Controllers.MessageController.GetMessages (PrivateMessenger.Presentation)'
2026-07-31 14:25:32.309 +06:00 [INF] Route matched with {action = "GetMessages", controller = "Message"}. Executing controller action with signature System.Threading.Tasks.Task`1[Microsoft.AspNetCore.Mvc.IActionResult] GetMessages(System.Guid) on controller PrivateMessenger.Presentation.Controllers.MessageController (PrivateMessenger.Presentation).
2026-07-31 14:25:32.324 +06:00 [INF] Executed action PrivateMessenger.Presentation.Controllers.MessageController.GetMessages (PrivateMessenger.Presentation) in 0.7187ms
2026-07-31 14:25:32.333 +06:00 [INF] Executed endpoint 'PrivateMessenger.Presentation.Controllers.MessageController.GetMessages (PrivateMessenger.Presentation)'
2026-07-31 14:25:32.338 +06:00 [ERR] An unhandled exception has occurred while executing the request.
System.InvalidOperationException: No service for type 'MediatR.IRequestHandler`2[PrivateMessenger.Application.Messages.Queries.GetMessagesByConversation.GetMessagesByConversationQuery,System.Collections.Generic.IEnumerable`1[PrivateMessenger.Domain.Entities.Message]]' has been registered.
   at Microsoft.Extensions.DependencyInjection.ServiceProviderServiceExtensions.GetRequiredService[T](IServiceProvider provider)
   at MediatR.Wrappers.RequestHandlerWrapperImpl`2.<>c__DisplayClass1_0.<Handle>g__Handler|0(CancellationToken t)
   at MediatR.Wrappers.RequestHandlerWrapperImpl`2.Handle(IRequest`1 request, IServiceProvider serviceProvider, CancellationToken cancellationToken)
   at MediatR.Mediator.Send[TResponse](IRequest`1 request, CancellationToken cancellationToken)
   at PrivateMessenger.Presentation.Controllers.MessageController.GetMessages(Guid conversationId) in D:\Projects\2026\private-messenger\backend\PrivateMessenger.Presentation\Controllers\MessageController.cs:line 27
   at Microsoft.AspNetCore.Mvc.Infrastructure.ActionMethodExecutor.TaskOfIActionResultExecutor.Execute(ActionContext actionContext, IActionResultTypeMapper mapper, ObjectMethodExecutor executor, Object controller, Object[] arguments)
   at Microsoft.AspNetCore.Mvc.Infrastructure.ControllerActionInvoker.<InvokeActionMethodAsync>g__Awaited|12_0(ControllerActionInvoker invoker, ValueTask`1 actionResultValueTask)
   at Microsoft.AspNetCore.Mvc.Infrastructure.ControllerActionInvoker.<InvokeNextActionFilterAsync>g__Awaited|10_0(ControllerActionInvoker invoker, Task lastTask, State next, Scope scope, Object state, Boolean isCompleted)
   at Microsoft.AspNetCore.Mvc.Infrastructure.ControllerActionInvoker.Rethrow(ActionExecutedContextSealed context)
   at Microsoft.AspNetCore.Mvc.Infrastructure.ControllerActionInvoker.Next(State& next, Scope& scope, Object& state, Boolean& isCompleted)
   at Microsoft.AspNetCore.Mvc.Infrastructure.ControllerActionInvoker.InvokeInnerFilterAsync()
--- End of stack trace from previous location ---
   at Microsoft.AspNetCore.Mvc.Infrastructure.ResourceInvoker.<InvokeFilterPipelineAsync>g__Awaited|20_0(ResourceInvoker invoker, Task lastTask, State next, Scope scope, Object state, Boolean isCompleted)
   at Microsoft.AspNetCore.Mvc.Infrastructure.ResourceInvoker.<InvokeAsync>g__Logged|17_1(ResourceInvoker invoker)
   at Microsoft.AspNetCore.Mvc.Infrastructure.ResourceInvoker.<InvokeAsync>g__Logged|17_1(ResourceInvoker invoker)
   at Microsoft.AspNetCore.Routing.EndpointMiddleware.<Invoke>g__AwaitRequestTask|7_0(Endpoint endpoint, Task requestTask, ILogger logger)
   at Microsoft.AspNetCore.Authorization.AuthorizationMiddleware.Invoke(HttpContext context)
   at Swashbuckle.AspNetCore.SwaggerUI.SwaggerUIMiddleware.Invoke(HttpContext httpContext)
   at Swashbuckle.AspNetCore.Swagger.SwaggerMiddleware.Invoke(HttpContext httpContext, ISwaggerProvider swaggerProvider)
   at Microsoft.AspNetCore.Authentication.AuthenticationMiddleware.Invoke(HttpContext context)
   at Microsoft.AspNetCore.Diagnostics.DeveloperExceptionPageMiddlewareImpl.Invoke(HttpContext context)
2026-07-31 14:25:32.411 +06:00 [INF] Request finished HTTP/2 GET https://localhost:7024/api/messages/01a7fc79-1a75-4656-9051-84e164f6d85d - 500 null text/plain; charset=utf-8 146.022ms
2026-07-31 14:25:32.415 +06:00 [INF] Request starting HTTP/2 GET https://localhost:7024/api/messages/01a7fc79-1a75-4656-9051-84e164f6d85d - null null
2026-07-31 14:25:32.437 +06:00 [INF] CORS policy execution successful.
2026-07-31 14:25:32.440 +06:00 [INF] Executing endpoint 'PrivateMessenger.Presentation.Controllers.MessageController.GetMessages (PrivateMessenger.Presentation)'
2026-07-31 14:25:32.445 +06:00 [INF] Route matched with {action = "GetMessages", controller = "Message"}. Executing controller action with signature System.Threading.Tasks.Task`1[Microsoft.AspNetCore.Mvc.IActionResult] GetMessages(System.Guid) on controller PrivateMessenger.Presentation.Controllers.MessageController (PrivateMessenger.Presentation).
2026-07-31 14:25:32.455 +06:00 [INF] Executed action PrivateMessenger.Presentation.Controllers.MessageController.GetMessages (PrivateMessenger.Presentation) in 0.5964ms
2026-07-31 14:25:32.460 +06:00 [INF] Executed endpoint 'PrivateMessenger.Presentation.Controllers.MessageController.GetMessages (PrivateMessenger.Presentation)'
2026-07-31 14:25:32.465 +06:00 [ERR] An unhandled exception has occurred while executing the request.
System.InvalidOperationException: No service for type 'MediatR.IRequestHandler`2[PrivateMessenger.Application.Messages.Queries.GetMessagesByConversation.GetMessagesByConversationQuery,System.Collections.Generic.IEnumerable`1[PrivateMessenger.Domain.Entities.Message]]' has been registered.
   at Microsoft.Extensions.DependencyInjection.ServiceProviderServiceExtensions.GetRequiredService[T](IServiceProvider provider)
   at MediatR.Wrappers.RequestHandlerWrapperImpl`2.<>c__DisplayClass1_0.<Handle>g__Handler|0(CancellationToken t)
   at MediatR.Wrappers.RequestHandlerWrapperImpl`2.Handle(IRequest`1 request, IServiceProvider serviceProvider, CancellationToken cancellationToken)
   at MediatR.Mediator.Send[TResponse](IRequest`1 request, CancellationToken cancellationToken)
   at PrivateMessenger.Presentation.Controllers.MessageController.GetMessages(Guid conversationId) in D:\Projects\2026\private-messenger\backend\PrivateMessenger.Presentation\Controllers\MessageController.cs:line 27
   at Microsoft.AspNetCore.Mvc.Infrastructure.ActionMethodExecutor.TaskOfIActionResultExecutor.Execute(ActionContext actionContext, IActionResultTypeMapper mapper, ObjectMethodExecutor executor, Object controller, Object[] arguments)
   at Microsoft.AspNetCore.Mvc.Infrastructure.ControllerActionInvoker.<InvokeActionMethodAsync>g__Awaited|12_0(ControllerActionInvoker invoker, ValueTask`1 actionResultValueTask)
   at Microsoft.AspNetCore.Mvc.Infrastructure.ControllerActionInvoker.<InvokeNextActionFilterAsync>g__Awaited|10_0(ControllerActionInvoker invoker, Task lastTask, State next, Scope scope, Object state, Boolean isCompleted)
   at Microsoft.AspNetCore.Mvc.Infrastructure.ControllerActionInvoker.Rethrow(ActionExecutedContextSealed context)
   at Microsoft.AspNetCore.Mvc.Infrastructure.ControllerActionInvoker.Next(State& next, Scope& scope, Object& state, Boolean& isCompleted)
   at Microsoft.AspNetCore.Mvc.Infrastructure.ControllerActionInvoker.InvokeInnerFilterAsync()
--- End of stack trace from previous location ---
   at Microsoft.AspNetCore.Mvc.Infrastructure.ResourceInvoker.<InvokeFilterPipelineAsync>g__Awaited|20_0(ResourceInvoker invoker, Task lastTask, State next, Scope scope, Object state, Boolean isCompleted)
   at Microsoft.AspNetCore.Mvc.Infrastructure.ResourceInvoker.<InvokeAsync>g__Logged|17_1(ResourceInvoker invoker)
   at Microsoft.AspNetCore.Mvc.Infrastructure.ResourceInvoker.<InvokeAsync>g__Logged|17_1(ResourceInvoker invoker)
   at Microsoft.AspNetCore.Routing.EndpointMiddleware.<Invoke>g__AwaitRequestTask|7_0(Endpoint endpoint, Task requestTask, ILogger logger)
   at Microsoft.AspNetCore.Authorization.AuthorizationMiddleware.Invoke(HttpContext context)
   at Swashbuckle.AspNetCore.SwaggerUI.SwaggerUIMiddleware.Invoke(HttpContext httpContext)
   at Swashbuckle.AspNetCore.Swagger.SwaggerMiddleware.Invoke(HttpContext httpContext, ISwaggerProvider swaggerProvider)
   at Microsoft.AspNetCore.Authentication.AuthenticationMiddleware.Invoke(HttpContext context)
   at Microsoft.AspNetCore.Diagnostics.DeveloperExceptionPageMiddlewareImpl.Invoke(HttpContext context)
2026-07-31 14:25:32.520 +06:00 [INF] Request finished HTTP/2 GET https://localhost:7024/api/messages/01a7fc79-1a75-4656-9051-84e164f6d85d - 500 null text/plain; charset=utf-8 105.0317ms
2026-07-31 14:25:33.561 +06:00 [INF] Request starting HTTP/2 GET https://localhost:7024/api/messages/01a7fc79-1a75-4656-9051-84e164f6d85d - null null
2026-07-31 14:25:33.598 +06:00 [INF] CORS policy execution successful.
2026-07-31 14:25:33.615 +06:00 [INF] Executing endpoint 'PrivateMessenger.Presentation.Controllers.MessageController.GetMessages (PrivateMessenger.Presentation)'
2026-07-31 14:25:33.631 +06:00 [INF] Route matched with {action = "GetMessages", controller = "Message"}. Executing controller action with signature System.Threading.Tasks.Task`1[Microsoft.AspNetCore.Mvc.IActionResult] GetMessages(System.Guid) on controller PrivateMessenger.Presentation.Controllers.MessageController (PrivateMessenger.Presentation).
2026-07-31 14:25:33.642 +06:00 [INF] Executed action PrivateMessenger.Presentation.Controllers.MessageController.GetMessages (PrivateMessenger.Presentation) in 0.8131ms
2026-07-31 14:25:33.653 +06:00 [INF] Executed endpoint 'PrivateMessenger.Presentation.Controllers.MessageController.GetMessages (PrivateMessenger.Presentation)'
2026-07-31 14:25:33.660 +06:00 [ERR] An unhandled exception has occurred while executing the request.
System.InvalidOperationException: No service for type 'MediatR.IRequestHandler`2[PrivateMessenger.Application.Messages.Queries.GetMessagesByConversation.GetMessagesByConversationQuery,System.Collections.Generic.IEnumerable`1[PrivateMessenger.Domain.Entities.Message]]' has been registered.
   at Microsoft.Extensions.DependencyInjection.ServiceProviderServiceExtensions.GetRequiredService[T](IServiceProvider provider)
   at MediatR.Wrappers.RequestHandlerWrapperImpl`2.<>c__DisplayClass1_0.<Handle>g__Handler|0(CancellationToken t)
   at MediatR.Wrappers.RequestHandlerWrapperImpl`2.Handle(IRequest`1 request, IServiceProvider serviceProvider, CancellationToken cancellationToken)
   at MediatR.Mediator.Send[TResponse](IRequest`1 request, CancellationToken cancellationToken)
   at PrivateMessenger.Presentation.Controllers.MessageController.GetMessages(Guid conversationId) in D:\Projects\2026\private-messenger\backend\PrivateMessenger.Presentation\Controllers\MessageController.cs:line 27
   at Microsoft.AspNetCore.Mvc.Infrastructure.ActionMethodExecutor.TaskOfIActionResultExecutor.Execute(ActionContext actionContext, IActionResultTypeMapper mapper, ObjectMethodExecutor executor, Object controller, Object[] arguments)
   at Microsoft.AspNetCore.Mvc.Infrastructure.ControllerActionInvoker.<InvokeActionMethodAsync>g__Awaited|12_0(ControllerActionInvoker invoker, ValueTask`1 actionResultValueTask)
   at Microsoft.AspNetCore.Mvc.Infrastructure.ControllerActionInvoker.<InvokeNextActionFilterAsync>g__Awaited|10_0(ControllerActionInvoker invoker, Task lastTask, State next, Scope scope, Object state, Boolean isCompleted)
   at Microsoft.AspNetCore.Mvc.Infrastructure.ControllerActionInvoker.Rethrow(ActionExecutedContextSealed context)
   at Microsoft.AspNetCore.Mvc.Infrastructure.ControllerActionInvoker.Next(State& next, Scope& scope, Object& state, Boolean& isCompleted)
   at Microsoft.AspNetCore.Mvc.Infrastructure.ControllerActionInvoker.InvokeInnerFilterAsync()
--- End of stack trace from previous location ---
   at Microsoft.AspNetCore.Mvc.Infrastructure.ResourceInvoker.<InvokeFilterPipelineAsync>g__Awaited|20_0(ResourceInvoker invoker, Task lastTask, State next, Scope scope, Object state, Boolean isCompleted)
   at Microsoft.AspNetCore.Mvc.Infrastructure.ResourceInvoker.<InvokeAsync>g__Logged|17_1(ResourceInvoker invoker)
   at Microsoft.AspNetCore.Mvc.Infrastructure.ResourceInvoker.<InvokeAsync>g__Logged|17_1(ResourceInvoker invoker)
   at Microsoft.AspNetCore.Routing.EndpointMiddleware.<Invoke>g__AwaitRequestTask|7_0(Endpoint endpoint, Task requestTask, ILogger logger)
   at Microsoft.AspNetCore.Authorization.AuthorizationMiddleware.Invoke(HttpContext context)
   at Swashbuckle.AspNetCore.SwaggerUI.SwaggerUIMiddleware.Invoke(HttpContext httpContext)
   at Swashbuckle.AspNetCore.Swagger.SwaggerMiddleware.Invoke(HttpContext httpContext, ISwaggerProvider swaggerProvider)
   at Microsoft.AspNetCore.Authentication.AuthenticationMiddleware.Invoke(HttpContext context)
   at Microsoft.AspNetCore.Diagnostics.DeveloperExceptionPageMiddlewareImpl.Invoke(HttpContext context)
2026-07-31 14:25:33.731 +06:00 [INF] Request finished HTTP/2 GET https://localhost:7024/api/messages/01a7fc79-1a75-4656-9051-84e164f6d85d - 500 null text/plain; charset=utf-8 170.6416ms
2026-07-31 14:25:33.734 +06:00 [INF] Request starting HTTP/2 GET https://localhost:7024/api/messages/01a7fc79-1a75-4656-9051-84e164f6d85d - null null
2026-07-31 14:25:33.754 +06:00 [INF] CORS policy execution successful.
2026-07-31 14:25:33.760 +06:00 [INF] Executing endpoint 'PrivateMessenger.Presentation.Controllers.MessageController.GetMessages (PrivateMessenger.Presentation)'
2026-07-31 14:25:33.765 +06:00 [INF] Route matched with {action = "GetMessages", controller = "Message"}. Executing controller action with signature System.Threading.Tasks.Task`1[Microsoft.AspNetCore.Mvc.IActionResult] GetMessages(System.Guid) on controller PrivateMessenger.Presentation.Controllers.MessageController (PrivateMessenger.Presentation).
2026-07-31 14:25:33.778 +06:00 [INF] Executed action PrivateMessenger.Presentation.Controllers.MessageController.GetMessages (PrivateMessenger.Presentation) in 1.0208ms
2026-07-31 14:25:33.783 +06:00 [INF] Executed endpoint 'PrivateMessenger.Presentation.Controllers.MessageController.GetMessages (PrivateMessenger.Presentation)'
2026-07-31 14:25:33.794 +06:00 [ERR] An unhandled exception has occurred while executing the request.
System.InvalidOperationException: No service for type 'MediatR.IRequestHandler`2[PrivateMessenger.Application.Messages.Queries.GetMessagesByConversation.GetMessagesByConversationQuery,System.Collections.Generic.IEnumerable`1[PrivateMessenger.Domain.Entities.Message]]' has been registered.
   at Microsoft.Extensions.DependencyInjection.ServiceProviderServiceExtensions.GetRequiredService[T](IServiceProvider provider)
   at MediatR.Wrappers.RequestHandlerWrapperImpl`2.<>c__DisplayClass1_0.<Handle>g__Handler|0(CancellationToken t)
   at MediatR.Wrappers.RequestHandlerWrapperImpl`2.Handle(IRequest`1 request, IServiceProvider serviceProvider, CancellationToken cancellationToken)
   at MediatR.Mediator.Send[TResponse](IRequest`1 request, CancellationToken cancellationToken)
   at PrivateMessenger.Presentation.Controllers.MessageController.GetMessages(Guid conversationId) in D:\Projects\2026\private-messenger\backend\PrivateMessenger.Presentation\Controllers\MessageController.cs:line 27
   at Microsoft.AspNetCore.Mvc.Infrastructure.ActionMethodExecutor.TaskOfIActionResultExecutor.Execute(ActionContext actionContext, IActionResultTypeMapper mapper, ObjectMethodExecutor executor, Object controller, Object[] arguments)
   at Microsoft.AspNetCore.Mvc.Infrastructure.ControllerActionInvoker.<InvokeActionMethodAsync>g__Awaited|12_0(ControllerActionInvoker invoker, ValueTask`1 actionResultValueTask)
   at Microsoft.AspNetCore.Mvc.Infrastructure.ControllerActionInvoker.<InvokeNextActionFilterAsync>g__Awaited|10_0(ControllerActionInvoker invoker, Task lastTask, State next, Scope scope, Object state, Boolean isCompleted)
   at Microsoft.AspNetCore.Mvc.Infrastructure.ControllerActionInvoker.Rethrow(ActionExecutedContextSealed context)
   at Microsoft.AspNetCore.Mvc.Infrastructure.ControllerActionInvoker.Next(State& next, Scope& scope, Object& state, Boolean& isCompleted)
   at Microsoft.AspNetCore.Mvc.Infrastructure.ControllerActionInvoker.InvokeInnerFilterAsync()
--- End of stack trace from previous location ---
   at Microsoft.AspNetCore.Mvc.Infrastructure.ResourceInvoker.<InvokeFilterPipelineAsync>g__Awaited|20_0(ResourceInvoker invoker, Task lastTask, State next, Scope scope, Object state, Boolean isCompleted)
   at Microsoft.AspNetCore.Mvc.Infrastructure.ResourceInvoker.<InvokeAsync>g__Logged|17_1(ResourceInvoker invoker)
   at Microsoft.AspNetCore.Mvc.Infrastructure.ResourceInvoker.<InvokeAsync>g__Logged|17_1(ResourceInvoker invoker)
   at Microsoft.AspNetCore.Routing.EndpointMiddleware.<Invoke>g__AwaitRequestTask|7_0(Endpoint endpoint, Task requestTask, ILogger logger)
   at Microsoft.AspNetCore.Authorization.AuthorizationMiddleware.Invoke(HttpContext context)
   at Swashbuckle.AspNetCore.SwaggerUI.SwaggerUIMiddleware.Invoke(HttpContext httpContext)
   at Swashbuckle.AspNetCore.Swagger.SwaggerMiddleware.Invoke(HttpContext httpContext, ISwaggerProvider swaggerProvider)
   at Microsoft.AspNetCore.Authentication.AuthenticationMiddleware.Invoke(HttpContext context)
   at Microsoft.AspNetCore.Diagnostics.DeveloperExceptionPageMiddlewareImpl.Invoke(HttpContext context)
2026-07-31 14:25:33.871 +06:00 [INF] Request finished HTTP/2 GET https://localhost:7024/api/messages/01a7fc79-1a75-4656-9051-84e164f6d85d - 500 null text/plain; charset=utf-8 136.7324ms
2026-07-31 14:25:37.360 +06:00 [INF] Request starting HTTP/2 OPTIONS https://localhost:7024/api/messages - null null
2026-07-31 14:25:37.374 +06:00 [INF] CORS policy execution successful.
2026-07-31 14:25:37.378 +06:00 [INF] Request finished HTTP/2 OPTIONS https://localhost:7024/api/messages - 204 null null 17.2917ms
2026-07-31 14:25:37.382 +06:00 [INF] Request starting HTTP/2 POST https://localhost:7024/api/messages - application/json 122
2026-07-31 14:25:37.399 +06:00 [INF] CORS policy execution successful.
2026-07-31 14:25:37.402 +06:00 [INF] Executing endpoint 'PrivateMessenger.Presentation.Controllers.MessageController.SendMessage (PrivateMessenger.Presentation)'
2026-07-31 14:25:37.412 +06:00 [INF] Route matched with {action = "SendMessage", controller = "Message"}. Executing controller action with signature System.Threading.Tasks.Task`1[Microsoft.AspNetCore.Mvc.IActionResult] SendMessage(PrivateMessenger.Presentation.Controllers.SendMessageRequest) on controller PrivateMessenger.Presentation.Controllers.MessageController (PrivateMessenger.Presentation).
2026-07-31 14:25:37.455 +06:00 [INF] Executing OkObjectResult, writing value of type 'PrivateMessenger.Domain.Entities.Message'.
2026-07-31 14:25:37.459 +06:00 [INF] Executed action PrivateMessenger.Presentation.Controllers.MessageController.SendMessage (PrivateMessenger.Presentation) in 34.5312ms
2026-07-31 14:25:37.466 +06:00 [INF] Executed endpoint 'PrivateMessenger.Presentation.Controllers.MessageController.SendMessage (PrivateMessenger.Presentation)'
2026-07-31 14:25:37.470 +06:00 [INF] Request finished HTTP/2 POST https://localhost:7024/api/messages - 200 null application/json; charset=utf-8 88.7557ms
2026-07-31 14:25:50.092 +06:00 [INF] Request starting HTTP/2 GET https://localhost:7024/api/conversations?userId=e93ed1b5-1e13-4d15-90ed-493665bbd15f - null null
2026-07-31 14:25:50.137 +06:00 [INF] CORS policy execution successful.
2026-07-31 14:25:50.142 +06:00 [INF] Executing endpoint 'PrivateMessenger.Presentation.Controllers.ConversationController.GetUserConversations (PrivateMessenger.Presentation)'
2026-07-31 14:25:50.154 +06:00 [INF] Route matched with {action = "GetUserConversations", controller = "Conversation"}. Executing controller action with signature System.Threading.Tasks.Task`1[Microsoft.AspNetCore.Mvc.IActionResult] GetUserConversations(System.Guid) on controller PrivateMessenger.Presentation.Controllers.ConversationController (PrivateMessenger.Presentation).
2026-07-31 14:25:50.281 +06:00 [INF] Executing OkObjectResult, writing value of type 'System.Collections.Generic.List`1[[PrivateMessenger.Domain.Entities.Conversation, PrivateMessenger.Domain, Version=1.0.0.0, Culture=neutral, PublicKeyToken=null]]'.
2026-07-31 14:25:50.288 +06:00 [INF] Executed action PrivateMessenger.Presentation.Controllers.ConversationController.GetUserConversations (PrivateMessenger.Presentation) in 94.4785ms
2026-07-31 14:25:50.292 +06:00 [INF] Executed endpoint 'PrivateMessenger.Presentation.Controllers.ConversationController.GetUserConversations (PrivateMessenger.Presentation)'
2026-07-31 14:25:50.294 +06:00 [INF] Request starting HTTP/2 GET https://localhost:7024/api/conversations?userId=e93ed1b5-1e13-4d15-90ed-493665bbd15f - null null
2026-07-31 14:25:50.296 +06:00 [INF] Request finished HTTP/2 GET https://localhost:7024/api/conversations?userId=e93ed1b5-1e13-4d15-90ed-493665bbd15f - 200 null application/json; charset=utf-8 204.0061ms
2026-07-31 14:25:50.309 +06:00 [INF] CORS policy execution successful.
2026-07-31 14:25:50.327 +06:00 [INF] Executing endpoint 'PrivateMessenger.Presentation.Controllers.ConversationController.GetUserConversations (PrivateMessenger.Presentation)'
2026-07-31 14:25:50.332 +06:00 [INF] Route matched with {action = "GetUserConversations", controller = "Conversation"}. Executing controller action with signature System.Threading.Tasks.Task`1[Microsoft.AspNetCore.Mvc.IActionResult] GetUserConversations(System.Guid) on controller PrivateMessenger.Presentation.Controllers.ConversationController (PrivateMessenger.Presentation).
2026-07-31 14:25:50.359 +06:00 [INF] Executing OkObjectResult, writing value of type 'System.Collections.Generic.List`1[[PrivateMessenger.Domain.Entities.Conversation, PrivateMessenger.Domain, Version=1.0.0.0, Culture=neutral, PublicKeyToken=null]]'.
2026-07-31 14:25:50.367 +06:00 [INF] Executed action PrivateMessenger.Presentation.Controllers.ConversationController.GetUserConversations (PrivateMessenger.Presentation) in 21.4283ms
2026-07-31 14:25:50.379 +06:00 [INF] Executed endpoint 'PrivateMessenger.Presentation.Controllers.ConversationController.GetUserConversations (PrivateMessenger.Presentation)'
2026-07-31 14:25:50.388 +06:00 [INF] Request finished HTTP/2 GET https://localhost:7024/api/conversations?userId=e93ed1b5-1e13-4d15-90ed-493665bbd15f - 200 null application/json; charset=utf-8 93.9074ms
2026-07-31 14:25:54.342 +06:00 [INF] Request starting HTTP/2 GET https://localhost:7024/api/conversations?userId=be3a5af8-7def-4b06-9030-94b19383cc64 - null null
2026-07-31 14:25:54.352 +06:00 [INF] CORS policy execution successful.
2026-07-31 14:25:54.359 +06:00 [INF] Executing endpoint 'PrivateMessenger.Presentation.Controllers.ConversationController.GetUserConversations (PrivateMessenger.Presentation)'
2026-07-31 14:25:54.376 +06:00 [INF] Route matched with {action = "GetUserConversations", controller = "Conversation"}. Executing controller action with signature System.Threading.Tasks.Task`1[Microsoft.AspNetCore.Mvc.IActionResult] GetUserConversations(System.Guid) on controller PrivateMessenger.Presentation.Controllers.ConversationController (PrivateMessenger.Presentation).
2026-07-31 14:25:54.486 +06:00 [INF] Executing OkObjectResult, writing value of type 'System.Collections.Generic.List`1[[PrivateMessenger.Domain.Entities.Conversation, PrivateMessenger.Domain, Version=1.0.0.0, Culture=neutral, PublicKeyToken=null]]'.
2026-07-31 14:25:54.492 +06:00 [INF] Executed action PrivateMessenger.Presentation.Controllers.ConversationController.GetUserConversations (PrivateMessenger.Presentation) in 102.7313ms
2026-07-31 14:25:54.501 +06:00 [INF] Request starting HTTP/2 GET https://localhost:7024/api/conversations?userId=be3a5af8-7def-4b06-9030-94b19383cc64 - null null
2026-07-31 14:25:54.505 +06:00 [INF] Executed endpoint 'PrivateMessenger.Presentation.Controllers.ConversationController.GetUserConversations (PrivateMessenger.Presentation)'
2026-07-31 14:25:54.517 +06:00 [INF] CORS policy execution successful.
2026-07-31 14:25:54.521 +06:00 [INF] Request finished HTTP/2 GET https://localhost:7024/api/conversations?userId=be3a5af8-7def-4b06-9030-94b19383cc64 - 200 null application/json; charset=utf-8 179.5748ms
2026-07-31 14:25:54.525 +06:00 [INF] Executing endpoint 'PrivateMessenger.Presentation.Controllers.ConversationController.GetUserConversations (PrivateMessenger.Presentation)'
2026-07-31 14:25:54.550 +06:00 [INF] Route matched with {action = "GetUserConversations", controller = "Conversation"}. Executing controller action with signature System.Threading.Tasks.Task`1[Microsoft.AspNetCore.Mvc.IActionResult] GetUserConversations(System.Guid) on controller PrivateMessenger.Presentation.Controllers.ConversationController (PrivateMessenger.Presentation).
2026-07-31 14:25:54.583 +06:00 [INF] Executing OkObjectResult, writing value of type 'System.Collections.Generic.List`1[[PrivateMessenger.Domain.Entities.Conversation, PrivateMessenger.Domain, Version=1.0.0.0, Culture=neutral, PublicKeyToken=null]]'.
2026-07-31 14:25:54.594 +06:00 [INF] Executed action PrivateMessenger.Presentation.Controllers.ConversationController.GetUserConversations (PrivateMessenger.Presentation) in 31.9729ms
2026-07-31 14:25:54.608 +06:00 [INF] Executed endpoint 'PrivateMessenger.Presentation.Controllers.ConversationController.GetUserConversations (PrivateMessenger.Presentation)'
2026-07-31 14:25:54.615 +06:00 [INF] Request finished HTTP/2 GET https://localhost:7024/api/conversations?userId=be3a5af8-7def-4b06-9030-94b19383cc64 - 200 null application/json; charset=utf-8 114.24ms
2026-07-31 14:25:55.423 +06:00 [INF] Request starting HTTP/2 GET https://localhost:7024/api/messages/01a7fc79-1a75-4656-9051-84e164f6d85d - null null
2026-07-31 14:25:55.457 +06:00 [INF] CORS policy execution successful.
2026-07-31 14:25:55.462 +06:00 [INF] Executing endpoint 'PrivateMessenger.Presentation.Controllers.MessageController.GetMessages (PrivateMessenger.Presentation)'
2026-07-31 14:25:55.468 +06:00 [INF] Route matched with {action = "GetMessages", controller = "Message"}. Executing controller action with signature System.Threading.Tasks.Task`1[Microsoft.AspNetCore.Mvc.IActionResult] GetMessages(System.Guid) on controller PrivateMessenger.Presentation.Controllers.MessageController (PrivateMessenger.Presentation).
2026-07-31 14:25:55.484 +06:00 [INF] Executed action PrivateMessenger.Presentation.Controllers.MessageController.GetMessages (PrivateMessenger.Presentation) in 0.7294ms
2026-07-31 14:25:55.502 +06:00 [INF] Executed endpoint 'PrivateMessenger.Presentation.Controllers.MessageController.GetMessages (PrivateMessenger.Presentation)'
2026-07-31 14:25:55.511 +06:00 [ERR] An unhandled exception has occurred while executing the request.
System.InvalidOperationException: No service for type 'MediatR.IRequestHandler`2[PrivateMessenger.Application.Messages.Queries.GetMessagesByConversation.GetMessagesByConversationQuery,System.Collections.Generic.IEnumerable`1[PrivateMessenger.Domain.Entities.Message]]' has been registered.
   at Microsoft.Extensions.DependencyInjection.ServiceProviderServiceExtensions.GetRequiredService[T](IServiceProvider provider)
   at MediatR.Wrappers.RequestHandlerWrapperImpl`2.<>c__DisplayClass1_0.<Handle>g__Handler|0(CancellationToken t)
   at MediatR.Wrappers.RequestHandlerWrapperImpl`2.Handle(IRequest`1 request, IServiceProvider serviceProvider, CancellationToken cancellationToken)
   at MediatR.Mediator.Send[TResponse](IRequest`1 request, CancellationToken cancellationToken)
   at PrivateMessenger.Presentation.Controllers.MessageController.GetMessages(Guid conversationId) in D:\Projects\2026\private-messenger\backend\PrivateMessenger.Presentation\Controllers\MessageController.cs:line 27
   at Microsoft.AspNetCore.Mvc.Infrastructure.ActionMethodExecutor.TaskOfIActionResultExecutor.Execute(ActionContext actionContext, IActionResultTypeMapper mapper, ObjectMethodExecutor executor, Object controller, Object[] arguments)
   at Microsoft.AspNetCore.Mvc.Infrastructure.ControllerActionInvoker.<InvokeActionMethodAsync>g__Awaited|12_0(ControllerActionInvoker invoker, ValueTask`1 actionResultValueTask)
   at Microsoft.AspNetCore.Mvc.Infrastructure.ControllerActionInvoker.<InvokeNextActionFilterAsync>g__Awaited|10_0(ControllerActionInvoker invoker, Task lastTask, State next, Scope scope, Object state, Boolean isCompleted)
   at Microsoft.AspNetCore.Mvc.Infrastructure.ControllerActionInvoker.Rethrow(ActionExecutedContextSealed context)
   at Microsoft.AspNetCore.Mvc.Infrastructure.ControllerActionInvoker.Next(State& next, Scope& scope, Object& state, Boolean& isCompleted)
   at Microsoft.AspNetCore.Mvc.Infrastructure.ControllerActionInvoker.InvokeInnerFilterAsync()
--- End of stack trace from previous location ---
   at Microsoft.AspNetCore.Mvc.Infrastructure.ResourceInvoker.<InvokeFilterPipelineAsync>g__Awaited|20_0(ResourceInvoker invoker, Task lastTask, State next, Scope scope, Object state, Boolean isCompleted)
   at Microsoft.AspNetCore.Mvc.Infrastructure.ResourceInvoker.<InvokeAsync>g__Logged|17_1(ResourceInvoker invoker)
   at Microsoft.AspNetCore.Mvc.Infrastructure.ResourceInvoker.<InvokeAsync>g__Logged|17_1(ResourceInvoker invoker)
   at Microsoft.AspNetCore.Routing.EndpointMiddleware.<Invoke>g__AwaitRequestTask|7_0(Endpoint endpoint, Task requestTask, ILogger logger)
   at Microsoft.AspNetCore.Authorization.AuthorizationMiddleware.Invoke(HttpContext context)
   at Swashbuckle.AspNetCore.SwaggerUI.SwaggerUIMiddleware.Invoke(HttpContext httpContext)
   at Swashbuckle.AspNetCore.Swagger.SwaggerMiddleware.Invoke(HttpContext httpContext, ISwaggerProvider swaggerProvider)
   at Microsoft.AspNetCore.Authentication.AuthenticationMiddleware.Invoke(HttpContext context)
   at Microsoft.AspNetCore.Diagnostics.DeveloperExceptionPageMiddlewareImpl.Invoke(HttpContext context)
2026-07-31 14:25:55.588 +06:00 [INF] Request finished HTTP/2 GET https://localhost:7024/api/messages/01a7fc79-1a75-4656-9051-84e164f6d85d - 500 null text/plain; charset=utf-8 165.3172ms
2026-07-31 14:25:55.592 +06:00 [INF] Request starting HTTP/2 GET https://localhost:7024/api/messages/01a7fc79-1a75-4656-9051-84e164f6d85d - null null
2026-07-31 14:25:55.617 +06:00 [INF] CORS policy execution successful.
2026-07-31 14:25:55.620 +06:00 [INF] Executing endpoint 'PrivateMessenger.Presentation.Controllers.MessageController.GetMessages (PrivateMessenger.Presentation)'
2026-07-31 14:25:55.625 +06:00 [INF] Route matched with {action = "GetMessages", controller = "Message"}. Executing controller action with signature System.Threading.Tasks.Task`1[Microsoft.AspNetCore.Mvc.IActionResult] GetMessages(System.Guid) on controller PrivateMessenger.Presentation.Controllers.MessageController (PrivateMessenger.Presentation).
2026-07-31 14:25:55.640 +06:00 [INF] Executed action PrivateMessenger.Presentation.Controllers.MessageController.GetMessages (PrivateMessenger.Presentation) in 0.5284ms
2026-07-31 14:25:55.649 +06:00 [INF] Executed endpoint 'PrivateMessenger.Presentation.Controllers.MessageController.GetMessages (PrivateMessenger.Presentation)'
2026-07-31 14:25:55.654 +06:00 [ERR] An unhandled exception has occurred while executing the request.
System.InvalidOperationException: No service for type 'MediatR.IRequestHandler`2[PrivateMessenger.Application.Messages.Queries.GetMessagesByConversation.GetMessagesByConversationQuery,System.Collections.Generic.IEnumerable`1[PrivateMessenger.Domain.Entities.Message]]' has been registered.
   at Microsoft.Extensions.DependencyInjection.ServiceProviderServiceExtensions.GetRequiredService[T](IServiceProvider provider)
   at MediatR.Wrappers.RequestHandlerWrapperImpl`2.<>c__DisplayClass1_0.<Handle>g__Handler|0(CancellationToken t)
   at MediatR.Wrappers.RequestHandlerWrapperImpl`2.Handle(IRequest`1 request, IServiceProvider serviceProvider, CancellationToken cancellationToken)
   at MediatR.Mediator.Send[TResponse](IRequest`1 request, CancellationToken cancellationToken)
   at PrivateMessenger.Presentation.Controllers.MessageController.GetMessages(Guid conversationId) in D:\Projects\2026\private-messenger\backend\PrivateMessenger.Presentation\Controllers\MessageController.cs:line 27
   at Microsoft.AspNetCore.Mvc.Infrastructure.ActionMethodExecutor.TaskOfIActionResultExecutor.Execute(ActionContext actionContext, IActionResultTypeMapper mapper, ObjectMethodExecutor executor, Object controller, Object[] arguments)
   at Microsoft.AspNetCore.Mvc.Infrastructure.ControllerActionInvoker.<InvokeActionMethodAsync>g__Awaited|12_0(ControllerActionInvoker invoker, ValueTask`1 actionResultValueTask)
   at Microsoft.AspNetCore.Mvc.Infrastructure.ControllerActionInvoker.<InvokeNextActionFilterAsync>g__Awaited|10_0(ControllerActionInvoker invoker, Task lastTask, State next, Scope scope, Object state, Boolean isCompleted)
   at Microsoft.AspNetCore.Mvc.Infrastructure.ControllerActionInvoker.Rethrow(ActionExecutedContextSealed context)
   at Microsoft.AspNetCore.Mvc.Infrastructure.ControllerActionInvoker.Next(State& next, Scope& scope, Object& state, Boolean& isCompleted)
   at Microsoft.AspNetCore.Mvc.Infrastructure.ControllerActionInvoker.InvokeInnerFilterAsync()
--- End of stack trace from previous location ---
   at Microsoft.AspNetCore.Mvc.Infrastructure.ResourceInvoker.<InvokeFilterPipelineAsync>g__Awaited|20_0(ResourceInvoker invoker, Task lastTask, State next, Scope scope, Object state, Boolean isCompleted)
   at Microsoft.AspNetCore.Mvc.Infrastructure.ResourceInvoker.<InvokeAsync>g__Logged|17_1(ResourceInvoker invoker)
   at Microsoft.AspNetCore.Mvc.Infrastructure.ResourceInvoker.<InvokeAsync>g__Logged|17_1(ResourceInvoker invoker)
   at Microsoft.AspNetCore.Routing.EndpointMiddleware.<Invoke>g__AwaitRequestTask|7_0(Endpoint endpoint, Task requestTask, ILogger logger)
   at Microsoft.AspNetCore.Authorization.AuthorizationMiddleware.Invoke(HttpContext context)
   at Swashbuckle.AspNetCore.SwaggerUI.SwaggerUIMiddleware.Invoke(HttpContext httpContext)
   at Swashbuckle.AspNetCore.Swagger.SwaggerMiddleware.Invoke(HttpContext httpContext, ISwaggerProvider swaggerProvider)
   at Microsoft.AspNetCore.Authentication.AuthenticationMiddleware.Invoke(HttpContext context)
   at Microsoft.AspNetCore.Diagnostics.DeveloperExceptionPageMiddlewareImpl.Invoke(HttpContext context)
2026-07-31 14:25:55.725 +06:00 [INF] Request finished HTTP/2 GET https://localhost:7024/api/messages/01a7fc79-1a75-4656-9051-84e164f6d85d - 500 null text/plain; charset=utf-8 132.967ms
2026-07-31 14:25:58.605 +06:00 [INF] Request starting HTTP/2 GET https://localhost:7024/api/messages/01a7fc79-1a75-4656-9051-84e164f6d85d - null null
2026-07-31 14:25:58.618 +06:00 [INF] CORS policy execution successful.
2026-07-31 14:25:58.622 +06:00 [INF] Executing endpoint 'PrivateMessenger.Presentation.Controllers.MessageController.GetMessages (PrivateMessenger.Presentation)'
2026-07-31 14:25:58.626 +06:00 [INF] Route matched with {action = "GetMessages", controller = "Message"}. Executing controller action with signature System.Threading.Tasks.Task`1[Microsoft.AspNetCore.Mvc.IActionResult] GetMessages(System.Guid) on controller PrivateMessenger.Presentation.Controllers.MessageController (PrivateMessenger.Presentation).
2026-07-31 14:25:58.642 +06:00 [INF] Executed action PrivateMessenger.Presentation.Controllers.MessageController.GetMessages (PrivateMessenger.Presentation) in 0.4947ms
2026-07-31 14:25:58.647 +06:00 [INF] Executed endpoint 'PrivateMessenger.Presentation.Controllers.MessageController.GetMessages (PrivateMessenger.Presentation)'
2026-07-31 14:25:58.656 +06:00 [ERR] An unhandled exception has occurred while executing the request.
System.InvalidOperationException: No service for type 'MediatR.IRequestHandler`2[PrivateMessenger.Application.Messages.Queries.GetMessagesByConversation.GetMessagesByConversationQuery,System.Collections.Generic.IEnumerable`1[PrivateMessenger.Domain.Entities.Message]]' has been registered.
   at Microsoft.Extensions.DependencyInjection.ServiceProviderServiceExtensions.GetRequiredService[T](IServiceProvider provider)
   at MediatR.Wrappers.RequestHandlerWrapperImpl`2.<>c__DisplayClass1_0.<Handle>g__Handler|0(CancellationToken t)
   at MediatR.Wrappers.RequestHandlerWrapperImpl`2.Handle(IRequest`1 request, IServiceProvider serviceProvider, CancellationToken cancellationToken)
   at MediatR.Mediator.Send[TResponse](IRequest`1 request, CancellationToken cancellationToken)
   at PrivateMessenger.Presentation.Controllers.MessageController.GetMessages(Guid conversationId) in D:\Projects\2026\private-messenger\backend\PrivateMessenger.Presentation\Controllers\MessageController.cs:line 27
   at Microsoft.AspNetCore.Mvc.Infrastructure.ActionMethodExecutor.TaskOfIActionResultExecutor.Execute(ActionContext actionContext, IActionResultTypeMapper mapper, ObjectMethodExecutor executor, Object controller, Object[] arguments)
   at Microsoft.AspNetCore.Mvc.Infrastructure.ControllerActionInvoker.<InvokeActionMethodAsync>g__Awaited|12_0(ControllerActionInvoker invoker, ValueTask`1 actionResultValueTask)
   at Microsoft.AspNetCore.Mvc.Infrastructure.ControllerActionInvoker.<InvokeNextActionFilterAsync>g__Awaited|10_0(ControllerActionInvoker invoker, Task lastTask, State next, Scope scope, Object state, Boolean isCompleted)
   at Microsoft.AspNetCore.Mvc.Infrastructure.ControllerActionInvoker.Rethrow(ActionExecutedContextSealed context)
   at Microsoft.AspNetCore.Mvc.Infrastructure.ControllerActionInvoker.Next(State& next, Scope& scope, Object& state, Boolean& isCompleted)
   at Microsoft.AspNetCore.Mvc.Infrastructure.ControllerActionInvoker.InvokeInnerFilterAsync()
--- End of stack trace from previous location ---
   at Microsoft.AspNetCore.Mvc.Infrastructure.ResourceInvoker.<InvokeFilterPipelineAsync>g__Awaited|20_0(ResourceInvoker invoker, Task lastTask, State next, Scope scope, Object state, Boolean isCompleted)
   at Microsoft.AspNetCore.Mvc.Infrastructure.ResourceInvoker.<InvokeAsync>g__Logged|17_1(ResourceInvoker invoker)
   at Microsoft.AspNetCore.Mvc.Infrastructure.ResourceInvoker.<InvokeAsync>g__Logged|17_1(ResourceInvoker invoker)
   at Microsoft.AspNetCore.Routing.EndpointMiddleware.<Invoke>g__AwaitRequestTask|7_0(Endpoint endpoint, Task requestTask, ILogger logger)
   at Microsoft.AspNetCore.Authorization.AuthorizationMiddleware.Invoke(HttpContext context)
   at Swashbuckle.AspNetCore.SwaggerUI.SwaggerUIMiddleware.Invoke(HttpContext httpContext)
   at Swashbuckle.AspNetCore.Swagger.SwaggerMiddleware.Invoke(HttpContext httpContext, ISwaggerProvider swaggerProvider)
   at Microsoft.AspNetCore.Authentication.AuthenticationMiddleware.Invoke(HttpContext context)
   at Microsoft.AspNetCore.Diagnostics.DeveloperExceptionPageMiddlewareImpl.Invoke(HttpContext context)
2026-07-31 14:25:58.721 +06:00 [INF] Request finished HTTP/2 GET https://localhost:7024/api/messages/01a7fc79-1a75-4656-9051-84e164f6d85d - 500 null text/plain; charset=utf-8 115.4371ms
2026-07-31 14:25:58.725 +06:00 [INF] Request starting HTTP/2 GET https://localhost:7024/api/messages/01a7fc79-1a75-4656-9051-84e164f6d85d - null null
2026-07-31 14:25:58.742 +06:00 [INF] CORS policy execution successful.
2026-07-31 14:25:58.748 +06:00 [INF] Executing endpoint 'PrivateMessenger.Presentation.Controllers.MessageController.GetMessages (PrivateMessenger.Presentation)'
2026-07-31 14:25:58.753 +06:00 [INF] Route matched with {action = "GetMessages", controller = "Message"}. Executing controller action with signature System.Threading.Tasks.Task`1[Microsoft.AspNetCore.Mvc.IActionResult] GetMessages(System.Guid) on controller PrivateMessenger.Presentation.Controllers.MessageController (PrivateMessenger.Presentation).
2026-07-31 14:25:58.765 +06:00 [INF] Executed action PrivateMessenger.Presentation.Controllers.MessageController.GetMessages (PrivateMessenger.Presentation) in 0.4525ms
2026-07-31 14:25:58.769 +06:00 [INF] Executed endpoint 'PrivateMessenger.Presentation.Controllers.MessageController.GetMessages (PrivateMessenger.Presentation)'
2026-07-31 14:25:58.774 +06:00 [ERR] An unhandled exception has occurred while executing the request.
System.InvalidOperationException: No service for type 'MediatR.IRequestHandler`2[PrivateMessenger.Application.Messages.Queries.GetMessagesByConversation.GetMessagesByConversationQuery,System.Collections.Generic.IEnumerable`1[PrivateMessenger.Domain.Entities.Message]]' has been registered.
   at Microsoft.Extensions.DependencyInjection.ServiceProviderServiceExtensions.GetRequiredService[T](IServiceProvider provider)
   at MediatR.Wrappers.RequestHandlerWrapperImpl`2.<>c__DisplayClass1_0.<Handle>g__Handler|0(CancellationToken t)
   at MediatR.Wrappers.RequestHandlerWrapperImpl`2.Handle(IRequest`1 request, IServiceProvider serviceProvider, CancellationToken cancellationToken)
   at MediatR.Mediator.Send[TResponse](IRequest`1 request, CancellationToken cancellationToken)
   at PrivateMessenger.Presentation.Controllers.MessageController.GetMessages(Guid conversationId) in D:\Projects\2026\private-messenger\backend\PrivateMessenger.Presentation\Controllers\MessageController.cs:line 27
   at Microsoft.AspNetCore.Mvc.Infrastructure.ActionMethodExecutor.TaskOfIActionResultExecutor.Execute(ActionContext actionContext, IActionResultTypeMapper mapper, ObjectMethodExecutor executor, Object controller, Object[] arguments)
   at Microsoft.AspNetCore.Mvc.Infrastructure.ControllerActionInvoker.<InvokeActionMethodAsync>g__Awaited|12_0(ControllerActionInvoker invoker, ValueTask`1 actionResultValueTask)
   at Microsoft.AspNetCore.Mvc.Infrastructure.ControllerActionInvoker.<InvokeNextActionFilterAsync>g__Awaited|10_0(ControllerActionInvoker invoker, Task lastTask, State next, Scope scope, Object state, Boolean isCompleted)
   at Microsoft.AspNetCore.Mvc.Infrastructure.ControllerActionInvoker.Rethrow(ActionExecutedContextSealed context)
   at Microsoft.AspNetCore.Mvc.Infrastructure.ControllerActionInvoker.Next(State& next, Scope& scope, Object& state, Boolean& isCompleted)
   at Microsoft.AspNetCore.Mvc.Infrastructure.ControllerActionInvoker.InvokeInnerFilterAsync()
--- End of stack trace from previous location ---
   at Microsoft.AspNetCore.Mvc.Infrastructure.ResourceInvoker.<InvokeFilterPipelineAsync>g__Awaited|20_0(ResourceInvoker invoker, Task lastTask, State next, Scope scope, Object state, Boolean isCompleted)
   at Microsoft.AspNetCore.Mvc.Infrastructure.ResourceInvoker.<InvokeAsync>g__Logged|17_1(ResourceInvoker invoker)
   at Microsoft.AspNetCore.Mvc.Infrastructure.ResourceInvoker.<InvokeAsync>g__Logged|17_1(ResourceInvoker invoker)
   at Microsoft.AspNetCore.Routing.EndpointMiddleware.<Invoke>g__AwaitRequestTask|7_0(Endpoint endpoint, Task requestTask, ILogger logger)
   at Microsoft.AspNetCore.Authorization.AuthorizationMiddleware.Invoke(HttpContext context)
   at Swashbuckle.AspNetCore.SwaggerUI.SwaggerUIMiddleware.Invoke(HttpContext httpContext)
   at Swashbuckle.AspNetCore.Swagger.SwaggerMiddleware.Invoke(HttpContext httpContext, ISwaggerProvider swaggerProvider)
   at Microsoft.AspNetCore.Authentication.AuthenticationMiddleware.Invoke(HttpContext context)
   at Microsoft.AspNetCore.Diagnostics.DeveloperExceptionPageMiddlewareImpl.Invoke(HttpContext context)
2026-07-31 14:25:58.829 +06:00 [INF] Request finished HTTP/2 GET https://localhost:7024/api/messages/01a7fc79-1a75-4656-9051-84e164f6d85d - 500 null text/plain; charset=utf-8 103.7147ms
2026-07-31 14:26:10.770 +06:00 [INF] Request starting HTTP/2 GET https://localhost:7024/api/conversations?userId=e93ed1b5-1e13-4d15-90ed-493665bbd15f - null null
2026-07-31 14:26:11.964 +06:00 [INF] CORS policy execution successful.
2026-07-31 14:26:11.991 +06:00 [INF] Executing endpoint 'PrivateMessenger.Presentation.Controllers.ConversationController.GetUserConversations (PrivateMessenger.Presentation)'
2026-07-31 14:26:12.098 +06:00 [INF] Route matched with {action = "GetUserConversations", controller = "Conversation"}. Executing controller action with signature System.Threading.Tasks.Task`1[Microsoft.AspNetCore.Mvc.IActionResult] GetUserConversations(System.Guid) on controller PrivateMessenger.Presentation.Controllers.ConversationController (PrivateMessenger.Presentation).
2026-07-31 14:26:12.419 +06:00 [INF] Executing OkObjectResult, writing value of type 'System.Collections.Generic.List`1[[PrivateMessenger.Domain.Entities.Conversation, PrivateMessenger.Domain, Version=1.0.0.0, Culture=neutral, PublicKeyToken=null]]'.
2026-07-31 14:26:12.430 +06:00 [INF] Executed action PrivateMessenger.Presentation.Controllers.ConversationController.GetUserConversations (PrivateMessenger.Presentation) in 314.1412ms
2026-07-31 14:26:12.451 +06:00 [INF] Executed endpoint 'PrivateMessenger.Presentation.Controllers.ConversationController.GetUserConversations (PrivateMessenger.Presentation)'
2026-07-31 14:26:12.463 +06:00 [INF] Request starting HTTP/2 GET https://localhost:7024/api/conversations?userId=e93ed1b5-1e13-4d15-90ed-493665bbd15f - null null
2026-07-31 14:26:12.475 +06:00 [INF] Request finished HTTP/2 GET https://localhost:7024/api/conversations?userId=e93ed1b5-1e13-4d15-90ed-493665bbd15f - 200 null application/json; charset=utf-8 1704.768ms
2026-07-31 14:26:12.500 +06:00 [INF] CORS policy execution successful.
2026-07-31 14:26:12.518 +06:00 [INF] Executing endpoint 'PrivateMessenger.Presentation.Controllers.ConversationController.GetUserConversations (PrivateMessenger.Presentation)'
2026-07-31 14:26:12.524 +06:00 [INF] Route matched with {action = "GetUserConversations", controller = "Conversation"}. Executing controller action with signature System.Threading.Tasks.Task`1[Microsoft.AspNetCore.Mvc.IActionResult] GetUserConversations(System.Guid) on controller PrivateMessenger.Presentation.Controllers.ConversationController (PrivateMessenger.Presentation).
2026-07-31 14:26:12.557 +06:00 [INF] Executing OkObjectResult, writing value of type 'System.Collections.Generic.List`1[[PrivateMessenger.Domain.Entities.Conversation, PrivateMessenger.Domain, Version=1.0.0.0, Culture=neutral, PublicKeyToken=null]]'.
2026-07-31 14:26:12.562 +06:00 [INF] Executed action PrivateMessenger.Presentation.Controllers.ConversationController.GetUserConversations (PrivateMessenger.Presentation) in 25.5251ms
2026-07-31 14:26:12.567 +06:00 [INF] Executed endpoint 'PrivateMessenger.Presentation.Controllers.ConversationController.GetUserConversations (PrivateMessenger.Presentation)'
2026-07-31 14:26:12.573 +06:00 [INF] Request finished HTTP/2 GET https://localhost:7024/api/conversations?userId=e93ed1b5-1e13-4d15-90ed-493665bbd15f - 200 null application/json; charset=utf-8 110.117ms
2026-07-31 15:51:49.120 +06:00 [INF] Request starting HTTP/2 GET https://localhost:7024/api/conversations?userId=be3a5af8-7def-4b06-9030-94b19383cc64 - null null
2026-07-31 15:51:49.413 +06:00 [INF] CORS policy execution successful.
2026-07-31 15:51:49.417 +06:00 [INF] Executing endpoint 'PrivateMessenger.Presentation.Controllers.ConversationController.GetUserConversations (PrivateMessenger.Presentation)'
2026-07-31 15:51:49.428 +06:00 [INF] Route matched with {action = "GetUserConversations", controller = "Conversation"}. Executing controller action with signature System.Threading.Tasks.Task`1[Microsoft.AspNetCore.Mvc.IActionResult] GetUserConversations(System.Guid) on controller PrivateMessenger.Presentation.Controllers.ConversationController (PrivateMessenger.Presentation).
2026-07-31 15:51:49.614 +06:00 [INF] Executing OkObjectResult, writing value of type 'System.Collections.Generic.List`1[[PrivateMessenger.Domain.Entities.Conversation, PrivateMessenger.Domain, Version=1.0.0.0, Culture=neutral, PublicKeyToken=null]]'.
2026-07-31 15:51:49.621 +06:00 [INF] Executed action PrivateMessenger.Presentation.Controllers.ConversationController.GetUserConversations (PrivateMessenger.Presentation) in 182.5069ms
2026-07-31 15:51:49.632 +06:00 [INF] Request starting HTTP/2 GET https://localhost:7024/api/conversations?userId=be3a5af8-7def-4b06-9030-94b19383cc64 - null null
2026-07-31 15:51:49.651 +06:00 [INF] CORS policy execution successful.
2026-07-31 15:51:49.637 +06:00 [INF] Executed endpoint 'PrivateMessenger.Presentation.Controllers.ConversationController.GetUserConversations (PrivateMessenger.Presentation)'
2026-07-31 15:51:49.653 +06:00 [INF] Executing endpoint 'PrivateMessenger.Presentation.Controllers.ConversationController.GetUserConversations (PrivateMessenger.Presentation)'
2026-07-31 15:51:49.661 +06:00 [INF] Request finished HTTP/2 GET https://localhost:7024/api/conversations?userId=be3a5af8-7def-4b06-9030-94b19383cc64 - 200 null application/json; charset=utf-8 540.743ms
2026-07-31 15:51:49.671 +06:00 [INF] Route matched with {action = "GetUserConversations", controller = "Conversation"}. Executing controller action with signature System.Threading.Tasks.Task`1[Microsoft.AspNetCore.Mvc.IActionResult] GetUserConversations(System.Guid) on controller PrivateMessenger.Presentation.Controllers.ConversationController (PrivateMessenger.Presentation).
2026-07-31 15:51:49.742 +06:00 [INF] Executing OkObjectResult, writing value of type 'System.Collections.Generic.List`1[[PrivateMessenger.Domain.Entities.Conversation, PrivateMessenger.Domain, Version=1.0.0.0, Culture=neutral, PublicKeyToken=null]]'.
2026-07-31 15:51:49.822 +06:00 [INF] Executed action PrivateMessenger.Presentation.Controllers.ConversationController.GetUserConversations (PrivateMessenger.Presentation) in 102.7586ms
2026-07-31 15:51:49.844 +06:00 [INF] Executed endpoint 'PrivateMessenger.Presentation.Controllers.ConversationController.GetUserConversations (PrivateMessenger.Presentation)'
2026-07-31 15:51:49.878 +06:00 [INF] Request finished HTTP/2 GET https://localhost:7024/api/conversations?userId=be3a5af8-7def-4b06-9030-94b19383cc64 - 200 null application/json; charset=utf-8 245.631ms
2026-07-31 15:51:51.292 +06:00 [INF] Request starting HTTP/2 GET https://localhost:7024/api/conversations?userId=e93ed1b5-1e13-4d15-90ed-493665bbd15f - null null
2026-07-31 15:51:51.629 +06:00 [INF] CORS policy execution successful.
2026-07-31 15:51:51.764 +06:00 [INF] Executing endpoint 'PrivateMessenger.Presentation.Controllers.ConversationController.GetUserConversations (PrivateMessenger.Presentation)'
2026-07-31 15:51:51.783 +06:00 [INF] Route matched with {action = "GetUserConversations", controller = "Conversation"}. Executing controller action with signature System.Threading.Tasks.Task`1[Microsoft.AspNetCore.Mvc.IActionResult] GetUserConversations(System.Guid) on controller PrivateMessenger.Presentation.Controllers.ConversationController (PrivateMessenger.Presentation).
2026-07-31 15:51:51.831 +06:00 [INF] Executing OkObjectResult, writing value of type 'System.Collections.Generic.List`1[[PrivateMessenger.Domain.Entities.Conversation, PrivateMessenger.Domain, Version=1.0.0.0, Culture=neutral, PublicKeyToken=null]]'.
2026-07-31 15:51:51.841 +06:00 [INF] Executed action PrivateMessenger.Presentation.Controllers.ConversationController.GetUserConversations (PrivateMessenger.Presentation) in 14.1778ms
2026-07-31 15:51:51.861 +06:00 [INF] Request starting HTTP/2 GET https://localhost:7024/api/conversations?userId=e93ed1b5-1e13-4d15-90ed-493665bbd15f - null null
2026-07-31 15:51:51.927 +06:00 [INF] Executed endpoint 'PrivateMessenger.Presentation.Controllers.ConversationController.GetUserConversations (PrivateMessenger.Presentation)'
2026-07-31 15:51:51.935 +06:00 [INF] CORS policy execution successful.
2026-07-31 15:51:51.944 +06:00 [INF] Executing endpoint 'PrivateMessenger.Presentation.Controllers.ConversationController.GetUserConversations (PrivateMessenger.Presentation)'
2026-07-31 15:51:51.949 +06:00 [INF] Route matched with {action = "GetUserConversations", controller = "Conversation"}. Executing controller action with signature System.Threading.Tasks.Task`1[Microsoft.AspNetCore.Mvc.IActionResult] GetUserConversations(System.Guid) on controller PrivateMessenger.Presentation.Controllers.ConversationController (PrivateMessenger.Presentation).
2026-07-31 15:51:51.940 +06:00 [INF] Request finished HTTP/2 GET https://localhost:7024/api/conversations?userId=e93ed1b5-1e13-4d15-90ed-493665bbd15f - 200 null application/json; charset=utf-8 647.7436ms
2026-07-31 15:51:51.974 +06:00 [INF] Executing OkObjectResult, writing value of type 'System.Collections.Generic.List`1[[PrivateMessenger.Domain.Entities.Conversation, PrivateMessenger.Domain, Version=1.0.0.0, Culture=neutral, PublicKeyToken=null]]'.
2026-07-31 15:51:51.997 +06:00 [INF] Executed action PrivateMessenger.Presentation.Controllers.ConversationController.GetUserConversations (PrivateMessenger.Presentation) in 32.1245ms
2026-07-31 15:51:52.003 +06:00 [INF] Executed endpoint 'PrivateMessenger.Presentation.Controllers.ConversationController.GetUserConversations (PrivateMessenger.Presentation)'
2026-07-31 15:51:52.013 +06:00 [INF] Request finished HTTP/2 GET https://localhost:7024/api/conversations?userId=e93ed1b5-1e13-4d15-90ed-493665bbd15f - 200 null application/json; charset=utf-8 151.5001ms
2026-07-31 15:52:00.145 +06:00 [INF] Request starting HTTP/2 GET https://localhost:7024/api/conversations?userId=e93ed1b5-1e13-4d15-90ed-493665bbd15f - null null
2026-07-31 15:52:00.158 +06:00 [INF] CORS policy execution successful.
2026-07-31 15:52:00.172 +06:00 [INF] Executing endpoint 'PrivateMessenger.Presentation.Controllers.ConversationController.GetUserConversations (PrivateMessenger.Presentation)'
2026-07-31 15:52:00.192 +06:00 [INF] Route matched with {action = "GetUserConversations", controller = "Conversation"}. Executing controller action with signature System.Threading.Tasks.Task`1[Microsoft.AspNetCore.Mvc.IActionResult] GetUserConversations(System.Guid) on controller PrivateMessenger.Presentation.Controllers.ConversationController (PrivateMessenger.Presentation).
2026-07-31 15:52:00.211 +06:00 [INF] Executing OkObjectResult, writing value of type 'System.Collections.Generic.List`1[[PrivateMessenger.Domain.Entities.Conversation, PrivateMessenger.Domain, Version=1.0.0.0, Culture=neutral, PublicKeyToken=null]]'.
2026-07-31 15:52:00.220 +06:00 [INF] Executed action PrivateMessenger.Presentation.Controllers.ConversationController.GetUserConversations (PrivateMessenger.Presentation) in 12.7031ms
2026-07-31 15:52:00.224 +06:00 [INF] Request starting HTTP/2 GET https://localhost:7024/api/conversations?userId=e93ed1b5-1e13-4d15-90ed-493665bbd15f - null null
2026-07-31 15:52:00.245 +06:00 [INF] CORS policy execution successful.
2026-07-31 15:52:00.250 +06:00 [INF] Executing endpoint 'PrivateMessenger.Presentation.Controllers.ConversationController.GetUserConversations (PrivateMessenger.Presentation)'
2026-07-31 15:52:00.255 +06:00 [INF] Route matched with {action = "GetUserConversations", controller = "Conversation"}. Executing controller action with signature System.Threading.Tasks.Task`1[Microsoft.AspNetCore.Mvc.IActionResult] GetUserConversations(System.Guid) on controller PrivateMessenger.Presentation.Controllers.ConversationController (PrivateMessenger.Presentation).
2026-07-31 15:52:00.226 +06:00 [INF] Executed endpoint 'PrivateMessenger.Presentation.Controllers.ConversationController.GetUserConversations (PrivateMessenger.Presentation)'
2026-07-31 15:52:00.274 +06:00 [INF] Request finished HTTP/2 GET https://localhost:7024/api/conversations?userId=e93ed1b5-1e13-4d15-90ed-493665bbd15f - 200 null application/json; charset=utf-8 128.8565ms
2026-07-31 15:52:00.282 +06:00 [INF] Executing OkObjectResult, writing value of type 'System.Collections.Generic.List`1[[PrivateMessenger.Domain.Entities.Conversation, PrivateMessenger.Domain, Version=1.0.0.0, Culture=neutral, PublicKeyToken=null]]'.
2026-07-31 15:52:00.296 +06:00 [INF] Executed action PrivateMessenger.Presentation.Controllers.ConversationController.GetUserConversations (PrivateMessenger.Presentation) in 29.3278ms
2026-07-31 15:52:00.304 +06:00 [INF] Executed endpoint 'PrivateMessenger.Presentation.Controllers.ConversationController.GetUserConversations (PrivateMessenger.Presentation)'
2026-07-31 15:52:00.313 +06:00 [INF] Request finished HTTP/2 GET https://localhost:7024/api/conversations?userId=e93ed1b5-1e13-4d15-90ed-493665bbd15f - 200 null application/json; charset=utf-8 89.0214ms
2026-07-31 15:52:02.519 +06:00 [INF] Request starting HTTP/2 GET https://localhost:7024/api/conversations?userId=be3a5af8-7def-4b06-9030-94b19383cc64 - null null
2026-07-31 15:52:02.543 +06:00 [INF] CORS policy execution successful.
2026-07-31 15:52:02.551 +06:00 [INF] Executing endpoint 'PrivateMessenger.Presentation.Controllers.ConversationController.GetUserConversations (PrivateMessenger.Presentation)'
2026-07-31 15:52:02.566 +06:00 [INF] Route matched with {action = "GetUserConversations", controller = "Conversation"}. Executing controller action with signature System.Threading.Tasks.Task`1[Microsoft.AspNetCore.Mvc.IActionResult] GetUserConversations(System.Guid) on controller PrivateMessenger.Presentation.Controllers.ConversationController (PrivateMessenger.Presentation).
2026-07-31 15:52:02.587 +06:00 [INF] Executing OkObjectResult, writing value of type 'System.Collections.Generic.List`1[[PrivateMessenger.Domain.Entities.Conversation, PrivateMessenger.Domain, Version=1.0.0.0, Culture=neutral, PublicKeyToken=null]]'.
2026-07-31 15:52:02.592 +06:00 [INF] Executed action PrivateMessenger.Presentation.Controllers.ConversationController.GetUserConversations (PrivateMessenger.Presentation) in 9.1829ms
2026-07-31 15:52:02.595 +06:00 [INF] Request starting HTTP/2 GET https://localhost:7024/api/conversations?userId=be3a5af8-7def-4b06-9030-94b19383cc64 - null null
2026-07-31 15:52:02.608 +06:00 [INF] Executed endpoint 'PrivateMessenger.Presentation.Controllers.ConversationController.GetUserConversations (PrivateMessenger.Presentation)'
2026-07-31 15:52:02.618 +06:00 [INF] CORS policy execution successful.
2026-07-31 15:52:02.632 +06:00 [INF] Executing endpoint 'PrivateMessenger.Presentation.Controllers.ConversationController.GetUserConversations (PrivateMessenger.Presentation)'
2026-07-31 15:52:02.624 +06:00 [INF] Request finished HTTP/2 GET https://localhost:7024/api/conversations?userId=be3a5af8-7def-4b06-9030-94b19383cc64 - 200 null application/json; charset=utf-8 105.0071ms
2026-07-31 15:52:02.637 +06:00 [INF] Route matched with {action = "GetUserConversations", controller = "Conversation"}. Executing controller action with signature System.Threading.Tasks.Task`1[Microsoft.AspNetCore.Mvc.IActionResult] GetUserConversations(System.Guid) on controller PrivateMessenger.Presentation.Controllers.ConversationController (PrivateMessenger.Presentation).
2026-07-31 15:52:02.665 +06:00 [INF] Executing OkObjectResult, writing value of type 'System.Collections.Generic.List`1[[PrivateMessenger.Domain.Entities.Conversation, PrivateMessenger.Domain, Version=1.0.0.0, Culture=neutral, PublicKeyToken=null]]'.
2026-07-31 15:52:02.673 +06:00 [INF] Executed action PrivateMessenger.Presentation.Controllers.ConversationController.GetUserConversations (PrivateMessenger.Presentation) in 10.943ms
2026-07-31 15:52:02.690 +06:00 [INF] Executed endpoint 'PrivateMessenger.Presentation.Controllers.ConversationController.GetUserConversations (PrivateMessenger.Presentation)'
2026-07-31 15:52:02.695 +06:00 [INF] Request finished HTTP/2 GET https://localhost:7024/api/conversations?userId=be3a5af8-7def-4b06-9030-94b19383cc64 - 200 null application/json; charset=utf-8 99.9232ms
2026-07-31 15:52:04.007 +06:00 [INF] Request starting HTTP/2 GET https://localhost:7024/api/messages/01a7fc79-1a75-4656-9051-84e164f6d85d - null null
2026-07-31 15:52:04.024 +06:00 [INF] CORS policy execution successful.
2026-07-31 15:52:04.026 +06:00 [INF] Executing endpoint 'PrivateMessenger.Presentation.Controllers.MessageController.GetMessages (PrivateMessenger.Presentation)'
2026-07-31 15:52:04.032 +06:00 [INF] Route matched with {action = "GetMessages", controller = "Message"}. Executing controller action with signature System.Threading.Tasks.Task`1[Microsoft.AspNetCore.Mvc.IActionResult] GetMessages(System.Guid) on controller PrivateMessenger.Presentation.Controllers.MessageController (PrivateMessenger.Presentation).
2026-07-31 15:52:04.046 +06:00 [INF] Executed action PrivateMessenger.Presentation.Controllers.MessageController.GetMessages (PrivateMessenger.Presentation) in 0.5537ms
2026-07-31 15:52:04.055 +06:00 [INF] Executed endpoint 'PrivateMessenger.Presentation.Controllers.MessageController.GetMessages (PrivateMessenger.Presentation)'
2026-07-31 15:52:04.061 +06:00 [ERR] An unhandled exception has occurred while executing the request.
System.InvalidOperationException: No service for type 'MediatR.IRequestHandler`2[PrivateMessenger.Application.Messages.Queries.GetMessagesByConversation.GetMessagesByConversationQuery,System.Collections.Generic.IEnumerable`1[PrivateMessenger.Domain.Entities.Message]]' has been registered.
   at Microsoft.Extensions.DependencyInjection.ServiceProviderServiceExtensions.GetRequiredService[T](IServiceProvider provider)
   at MediatR.Wrappers.RequestHandlerWrapperImpl`2.<>c__DisplayClass1_0.<Handle>g__Handler|0(CancellationToken t)
   at MediatR.Wrappers.RequestHandlerWrapperImpl`2.Handle(IRequest`1 request, IServiceProvider serviceProvider, CancellationToken cancellationToken)
   at MediatR.Mediator.Send[TResponse](IRequest`1 request, CancellationToken cancellationToken)
   at PrivateMessenger.Presentation.Controllers.MessageController.GetMessages(Guid conversationId) in D:\Projects\2026\private-messenger\backend\PrivateMessenger.Presentation\Controllers\MessageController.cs:line 27
   at Microsoft.AspNetCore.Mvc.Infrastructure.ActionMethodExecutor.TaskOfIActionResultExecutor.Execute(ActionContext actionContext, IActionResultTypeMapper mapper, ObjectMethodExecutor executor, Object controller, Object[] arguments)
   at Microsoft.AspNetCore.Mvc.Infrastructure.ControllerActionInvoker.<InvokeActionMethodAsync>g__Awaited|12_0(ControllerActionInvoker invoker, ValueTask`1 actionResultValueTask)
   at Microsoft.AspNetCore.Mvc.Infrastructure.ControllerActionInvoker.<InvokeNextActionFilterAsync>g__Awaited|10_0(ControllerActionInvoker invoker, Task lastTask, State next, Scope scope, Object state, Boolean isCompleted)
   at Microsoft.AspNetCore.Mvc.Infrastructure.ControllerActionInvoker.Rethrow(ActionExecutedContextSealed context)
   at Microsoft.AspNetCore.Mvc.Infrastructure.ControllerActionInvoker.Next(State& next, Scope& scope, Object& state, Boolean& isCompleted)
   at Microsoft.AspNetCore.Mvc.Infrastructure.ControllerActionInvoker.InvokeInnerFilterAsync()
--- End of stack trace from previous location ---
   at Microsoft.AspNetCore.Mvc.Infrastructure.ResourceInvoker.<InvokeFilterPipelineAsync>g__Awaited|20_0(ResourceInvoker invoker, Task lastTask, State next, Scope scope, Object state, Boolean isCompleted)
   at Microsoft.AspNetCore.Mvc.Infrastructure.ResourceInvoker.<InvokeAsync>g__Logged|17_1(ResourceInvoker invoker)
   at Microsoft.AspNetCore.Mvc.Infrastructure.ResourceInvoker.<InvokeAsync>g__Logged|17_1(ResourceInvoker invoker)
   at Microsoft.AspNetCore.Routing.EndpointMiddleware.<Invoke>g__AwaitRequestTask|7_0(Endpoint endpoint, Task requestTask, ILogger logger)
   at Microsoft.AspNetCore.Authorization.AuthorizationMiddleware.Invoke(HttpContext context)
   at Swashbuckle.AspNetCore.SwaggerUI.SwaggerUIMiddleware.Invoke(HttpContext httpContext)
   at Swashbuckle.AspNetCore.Swagger.SwaggerMiddleware.Invoke(HttpContext httpContext, ISwaggerProvider swaggerProvider)
   at Microsoft.AspNetCore.Authentication.AuthenticationMiddleware.Invoke(HttpContext context)
   at Microsoft.AspNetCore.Diagnostics.DeveloperExceptionPageMiddlewareImpl.Invoke(HttpContext context)
2026-07-31 15:52:04.135 +06:00 [INF] Request finished HTTP/2 GET https://localhost:7024/api/messages/01a7fc79-1a75-4656-9051-84e164f6d85d - 500 null text/plain; charset=utf-8 128.4304ms
2026-07-31 15:52:04.139 +06:00 [INF] Request starting HTTP/2 GET https://localhost:7024/api/messages/01a7fc79-1a75-4656-9051-84e164f6d85d - null null
2026-07-31 15:52:04.165 +06:00 [INF] CORS policy execution successful.
2026-07-31 15:52:04.169 +06:00 [INF] Executing endpoint 'PrivateMessenger.Presentation.Controllers.MessageController.GetMessages (PrivateMessenger.Presentation)'
2026-07-31 15:52:04.174 +06:00 [INF] Route matched with {action = "GetMessages", controller = "Message"}. Executing controller action with signature System.Threading.Tasks.Task`1[Microsoft.AspNetCore.Mvc.IActionResult] GetMessages(System.Guid) on controller PrivateMessenger.Presentation.Controllers.MessageController (PrivateMessenger.Presentation).
2026-07-31 15:52:04.186 +06:00 [INF] Executed action PrivateMessenger.Presentation.Controllers.MessageController.GetMessages (PrivateMessenger.Presentation) in 0.478ms
2026-07-31 15:52:04.192 +06:00 [INF] Executed endpoint 'PrivateMessenger.Presentation.Controllers.MessageController.GetMessages (PrivateMessenger.Presentation)'
2026-07-31 15:52:04.201 +06:00 [ERR] An unhandled exception has occurred while executing the request.
System.InvalidOperationException: No service for type 'MediatR.IRequestHandler`2[PrivateMessenger.Application.Messages.Queries.GetMessagesByConversation.GetMessagesByConversationQuery,System.Collections.Generic.IEnumerable`1[PrivateMessenger.Domain.Entities.Message]]' has been registered.
   at Microsoft.Extensions.DependencyInjection.ServiceProviderServiceExtensions.GetRequiredService[T](IServiceProvider provider)
   at MediatR.Wrappers.RequestHandlerWrapperImpl`2.<>c__DisplayClass1_0.<Handle>g__Handler|0(CancellationToken t)
   at MediatR.Wrappers.RequestHandlerWrapperImpl`2.Handle(IRequest`1 request, IServiceProvider serviceProvider, CancellationToken cancellationToken)
   at MediatR.Mediator.Send[TResponse](IRequest`1 request, CancellationToken cancellationToken)
   at PrivateMessenger.Presentation.Controllers.MessageController.GetMessages(Guid conversationId) in D:\Projects\2026\private-messenger\backend\PrivateMessenger.Presentation\Controllers\MessageController.cs:line 27
   at Microsoft.AspNetCore.Mvc.Infrastructure.ActionMethodExecutor.TaskOfIActionResultExecutor.Execute(ActionContext actionContext, IActionResultTypeMapper mapper, ObjectMethodExecutor executor, Object controller, Object[] arguments)
   at Microsoft.AspNetCore.Mvc.Infrastructure.ControllerActionInvoker.<InvokeActionMethodAsync>g__Awaited|12_0(ControllerActionInvoker invoker, ValueTask`1 actionResultValueTask)
   at Microsoft.AspNetCore.Mvc.Infrastructure.ControllerActionInvoker.<InvokeNextActionFilterAsync>g__Awaited|10_0(ControllerActionInvoker invoker, Task lastTask, State next, Scope scope, Object state, Boolean isCompleted)
   at Microsoft.AspNetCore.Mvc.Infrastructure.ControllerActionInvoker.Rethrow(ActionExecutedContextSealed context)
   at Microsoft.AspNetCore.Mvc.Infrastructure.ControllerActionInvoker.Next(State& next, Scope& scope, Object& state, Boolean& isCompleted)
   at Microsoft.AspNetCore.Mvc.Infrastructure.ControllerActionInvoker.InvokeInnerFilterAsync()
--- End of stack trace from previous location ---
   at Microsoft.AspNetCore.Mvc.Infrastructure.ResourceInvoker.<InvokeFilterPipelineAsync>g__Awaited|20_0(ResourceInvoker invoker, Task lastTask, State next, Scope scope, Object state, Boolean isCompleted)
   at Microsoft.AspNetCore.Mvc.Infrastructure.ResourceInvoker.<InvokeAsync>g__Logged|17_1(ResourceInvoker invoker)
   at Microsoft.AspNetCore.Mvc.Infrastructure.ResourceInvoker.<InvokeAsync>g__Logged|17_1(ResourceInvoker invoker)
   at Microsoft.AspNetCore.Routing.EndpointMiddleware.<Invoke>g__AwaitRequestTask|7_0(Endpoint endpoint, Task requestTask, ILogger logger)
   at Microsoft.AspNetCore.Authorization.AuthorizationMiddleware.Invoke(HttpContext context)
   at Swashbuckle.AspNetCore.SwaggerUI.SwaggerUIMiddleware.Invoke(HttpContext httpContext)
   at Swashbuckle.AspNetCore.Swagger.SwaggerMiddleware.Invoke(HttpContext httpContext, ISwaggerProvider swaggerProvider)
   at Microsoft.AspNetCore.Authentication.AuthenticationMiddleware.Invoke(HttpContext context)
   at Microsoft.AspNetCore.Diagnostics.DeveloperExceptionPageMiddlewareImpl.Invoke(HttpContext context)
2026-07-31 15:52:04.269 +06:00 [INF] Request finished HTTP/2 GET https://localhost:7024/api/messages/01a7fc79-1a75-4656-9051-84e164f6d85d - 500 null text/plain; charset=utf-8 129.7359ms
2026-07-31 15:52:06.938 +06:00 [INF] Request starting HTTP/2 GET https://localhost:7024/api/conversations?userId=be3a5af8-7def-4b06-9030-94b19383cc64 - null null
2026-07-31 15:52:06.950 +06:00 [INF] CORS policy execution successful.
2026-07-31 15:52:06.953 +06:00 [INF] Executing endpoint 'PrivateMessenger.Presentation.Controllers.ConversationController.GetUserConversations (PrivateMessenger.Presentation)'
2026-07-31 15:52:06.958 +06:00 [INF] Route matched with {action = "GetUserConversations", controller = "Conversation"}. Executing controller action with signature System.Threading.Tasks.Task`1[Microsoft.AspNetCore.Mvc.IActionResult] GetUserConversations(System.Guid) on controller PrivateMessenger.Presentation.Controllers.ConversationController (PrivateMessenger.Presentation).
2026-07-31 15:52:06.974 +06:00 [INF] Executing OkObjectResult, writing value of type 'System.Collections.Generic.List`1[[PrivateMessenger.Domain.Entities.Conversation, PrivateMessenger.Domain, Version=1.0.0.0, Culture=neutral, PublicKeyToken=null]]'.
2026-07-31 15:52:06.982 +06:00 [INF] Executed action PrivateMessenger.Presentation.Controllers.ConversationController.GetUserConversations (PrivateMessenger.Presentation) in 10.3488ms
2026-07-31 15:52:06.984 +06:00 [INF] Request starting HTTP/2 GET https://localhost:7024/api/conversations?userId=be3a5af8-7def-4b06-9030-94b19383cc64 - null null
2026-07-31 15:52:06.990 +06:00 [INF] Executed endpoint 'PrivateMessenger.Presentation.Controllers.ConversationController.GetUserConversations (PrivateMessenger.Presentation)'
2026-07-31 15:52:07.001 +06:00 [INF] CORS policy execution successful.
2026-07-31 15:52:07.006 +06:00 [INF] Request finished HTTP/2 GET https://localhost:7024/api/conversations?userId=be3a5af8-7def-4b06-9030-94b19383cc64 - 200 null application/json; charset=utf-8 68.1027ms
2026-07-31 15:52:07.014 +06:00 [INF] Executing endpoint 'PrivateMessenger.Presentation.Controllers.ConversationController.GetUserConversations (PrivateMessenger.Presentation)'
2026-07-31 15:52:07.030 +06:00 [INF] Route matched with {action = "GetUserConversations", controller = "Conversation"}. Executing controller action with signature System.Threading.Tasks.Task`1[Microsoft.AspNetCore.Mvc.IActionResult] GetUserConversations(System.Guid) on controller PrivateMessenger.Presentation.Controllers.ConversationController (PrivateMessenger.Presentation).
2026-07-31 15:52:07.042 +06:00 [INF] Executing OkObjectResult, writing value of type 'System.Collections.Generic.List`1[[PrivateMessenger.Domain.Entities.Conversation, PrivateMessenger.Domain, Version=1.0.0.0, Culture=neutral, PublicKeyToken=null]]'.
2026-07-31 15:52:07.049 +06:00 [INF] Executed action PrivateMessenger.Presentation.Controllers.ConversationController.GetUserConversations (PrivateMessenger.Presentation) in 10.5832ms
2026-07-31 15:52:07.058 +06:00 [INF] Executed endpoint 'PrivateMessenger.Presentation.Controllers.ConversationController.GetUserConversations (PrivateMessenger.Presentation)'
2026-07-31 15:52:07.063 +06:00 [INF] Request finished HTTP/2 GET https://localhost:7024/api/conversations?userId=be3a5af8-7def-4b06-9030-94b19383cc64 - 200 null application/json; charset=utf-8 78.8871ms
2026-07-31 15:53:08.317 +06:00 [INF] Request starting HTTP/2 GET https://localhost:7024/api/conversations?userId=be3a5af8-7def-4b06-9030-94b19383cc64 - null null
2026-07-31 15:53:08.337 +06:00 [INF] CORS policy execution successful.
2026-07-31 15:53:08.341 +06:00 [INF] Executing endpoint 'PrivateMessenger.Presentation.Controllers.ConversationController.GetUserConversations (PrivateMessenger.Presentation)'
2026-07-31 15:53:08.349 +06:00 [INF] Route matched with {action = "GetUserConversations", controller = "Conversation"}. Executing controller action with signature System.Threading.Tasks.Task`1[Microsoft.AspNetCore.Mvc.IActionResult] GetUserConversations(System.Guid) on controller PrivateMessenger.Presentation.Controllers.ConversationController (PrivateMessenger.Presentation).
2026-07-31 15:53:08.539 +06:00 [INF] Executing OkObjectResult, writing value of type 'System.Collections.Generic.List`1[[PrivateMessenger.Domain.Entities.Conversation, PrivateMessenger.Domain, Version=1.0.0.0, Culture=neutral, PublicKeyToken=null]]'.
2026-07-31 15:53:08.545 +06:00 [INF] Executed action PrivateMessenger.Presentation.Controllers.ConversationController.GetUserConversations (PrivateMessenger.Presentation) in 130.7753ms
2026-07-31 15:53:08.548 +06:00 [INF] Request starting HTTP/2 GET https://localhost:7024/api/conversations?userId=be3a5af8-7def-4b06-9030-94b19383cc64 - null null
2026-07-31 15:53:08.577 +06:00 [INF] CORS policy execution successful.
2026-07-31 15:53:08.572 +06:00 [INF] Executed endpoint 'PrivateMessenger.Presentation.Controllers.ConversationController.GetUserConversations (PrivateMessenger.Presentation)'
2026-07-31 15:53:08.583 +06:00 [INF] Executing endpoint 'PrivateMessenger.Presentation.Controllers.ConversationController.GetUserConversations (PrivateMessenger.Presentation)'
2026-07-31 15:53:08.599 +06:00 [INF] Route matched with {action = "GetUserConversations", controller = "Conversation"}. Executing controller action with signature System.Threading.Tasks.Task`1[Microsoft.AspNetCore.Mvc.IActionResult] GetUserConversations(System.Guid) on controller PrivateMessenger.Presentation.Controllers.ConversationController (PrivateMessenger.Presentation).
2026-07-31 15:53:08.588 +06:00 [INF] Request finished HTTP/2 GET https://localhost:7024/api/conversations?userId=be3a5af8-7def-4b06-9030-94b19383cc64 - 200 null application/json; charset=utf-8 271.5907ms
2026-07-31 15:53:08.628 +06:00 [INF] Executing OkObjectResult, writing value of type 'System.Collections.Generic.List`1[[PrivateMessenger.Domain.Entities.Conversation, PrivateMessenger.Domain, Version=1.0.0.0, Culture=neutral, PublicKeyToken=null]]'.
2026-07-31 15:53:08.645 +06:00 [INF] Executed action PrivateMessenger.Presentation.Controllers.ConversationController.GetUserConversations (PrivateMessenger.Presentation) in 29.6293ms
2026-07-31 15:53:08.655 +06:00 [INF] Executed endpoint 'PrivateMessenger.Presentation.Controllers.ConversationController.GetUserConversations (PrivateMessenger.Presentation)'
2026-07-31 15:53:08.668 +06:00 [INF] Request finished HTTP/2 GET https://localhost:7024/api/conversations?userId=be3a5af8-7def-4b06-9030-94b19383cc64 - 200 null application/json; charset=utf-8 120.0744ms
2026-07-31 15:53:40.989 +06:00 [INF] Request starting HTTP/2 OPTIONS https://localhost:7024/api/auth/login - null null
2026-07-31 15:53:40.997 +06:00 [INF] CORS policy execution successful.
2026-07-31 15:53:41.001 +06:00 [INF] Request finished HTTP/2 OPTIONS https://localhost:7024/api/auth/login - 204 null null 12.0295ms
2026-07-31 15:53:41.006 +06:00 [INF] Request starting HTTP/2 POST https://localhost:7024/api/auth/login - application/json 20
2026-07-31 15:53:41.024 +06:00 [INF] CORS policy execution successful.
2026-07-31 15:53:41.028 +06:00 [INF] Executing endpoint 'AuthController.Login (PrivateMessenger.Presentation)'
2026-07-31 15:53:41.032 +06:00 [INF] Route matched with {action = "Login", controller = "Auth"}. Executing controller action with signature System.Threading.Tasks.Task`1[Microsoft.AspNetCore.Mvc.IActionResult] Login(PrivateMessenger.Application.DTOs.LoginRequest) on controller AuthController (PrivateMessenger.Presentation).
2026-07-31 15:53:41.086 +06:00 [INF] Executing OkObjectResult, writing value of type '<>f__AnonymousType0`2[[System.Guid, System.Private.CoreLib, Version=10.0.0.0, Culture=neutral, PublicKeyToken=7cec85d7bea7798e],[System.String, System.Private.CoreLib, Version=10.0.0.0, Culture=neutral, PublicKeyToken=7cec85d7bea7798e]]'.
2026-07-31 15:53:41.091 +06:00 [INF] Executed action AuthController.Login (PrivateMessenger.Presentation) in 47.9939ms
2026-07-31 15:53:41.095 +06:00 [INF] Executed endpoint 'AuthController.Login (PrivateMessenger.Presentation)'
2026-07-31 15:53:41.102 +06:00 [INF] Request finished HTTP/2 POST https://localhost:7024/api/auth/login - 200 null application/json; charset=utf-8 96.1ms
2026-07-31 15:53:41.147 +06:00 [INF] Request starting HTTP/2 GET https://localhost:7024/api/conversations?userId=be3a5af8-7def-4b06-9030-94b19383cc64 - null null
2026-07-31 15:53:41.156 +06:00 [INF] CORS policy execution successful.
2026-07-31 15:53:41.164 +06:00 [INF] Executing endpoint 'PrivateMessenger.Presentation.Controllers.ConversationController.GetUserConversations (PrivateMessenger.Presentation)'
2026-07-31 15:53:41.178 +06:00 [INF] Route matched with {action = "GetUserConversations", controller = "Conversation"}. Executing controller action with signature System.Threading.Tasks.Task`1[Microsoft.AspNetCore.Mvc.IActionResult] GetUserConversations(System.Guid) on controller PrivateMessenger.Presentation.Controllers.ConversationController (PrivateMessenger.Presentation).
2026-07-31 15:53:41.368 +06:00 [INF] Executing OkObjectResult, writing value of type 'System.Collections.Generic.List`1[[PrivateMessenger.Domain.Entities.Conversation, PrivateMessenger.Domain, Version=1.0.0.0, Culture=neutral, PublicKeyToken=null]]'.
2026-07-31 15:53:41.373 +06:00 [INF] Executed action PrivateMessenger.Presentation.Controllers.ConversationController.GetUserConversations (PrivateMessenger.Presentation) in 172.8171ms
2026-07-31 15:53:41.376 +06:00 [INF] Request starting HTTP/2 GET https://localhost:7024/api/conversations?userId=be3a5af8-7def-4b06-9030-94b19383cc64 - null null
2026-07-31 15:53:41.387 +06:00 [INF] Executed endpoint 'PrivateMessenger.Presentation.Controllers.ConversationController.GetUserConversations (PrivateMessenger.Presentation)'
2026-07-31 15:53:41.401 +06:00 [INF] Request finished HTTP/2 GET https://localhost:7024/api/conversations?userId=be3a5af8-7def-4b06-9030-94b19383cc64 - 200 null application/json; charset=utf-8 253.6631ms
2026-07-31 15:53:41.396 +06:00 [INF] CORS policy execution successful.
2026-07-31 15:53:41.428 +06:00 [INF] Executing endpoint 'PrivateMessenger.Presentation.Controllers.ConversationController.GetUserConversations (PrivateMessenger.Presentation)'
2026-07-31 15:53:41.433 +06:00 [INF] Route matched with {action = "GetUserConversations", controller = "Conversation"}. Executing controller action with signature System.Threading.Tasks.Task`1[Microsoft.AspNetCore.Mvc.IActionResult] GetUserConversations(System.Guid) on controller PrivateMessenger.Presentation.Controllers.ConversationController (PrivateMessenger.Presentation).
2026-07-31 15:53:41.454 +06:00 [INF] Executing OkObjectResult, writing value of type 'System.Collections.Generic.List`1[[PrivateMessenger.Domain.Entities.Conversation, PrivateMessenger.Domain, Version=1.0.0.0, Culture=neutral, PublicKeyToken=null]]'.
2026-07-31 15:53:41.467 +06:00 [INF] Executed action PrivateMessenger.Presentation.Controllers.ConversationController.GetUserConversations (PrivateMessenger.Presentation) in 20.5394ms
2026-07-31 15:53:41.478 +06:00 [INF] Executed endpoint 'PrivateMessenger.Presentation.Controllers.ConversationController.GetUserConversations (PrivateMessenger.Presentation)'
2026-07-31 15:53:41.484 +06:00 [INF] Request finished HTTP/2 GET https://localhost:7024/api/conversations?userId=be3a5af8-7def-4b06-9030-94b19383cc64 - 200 null application/json; charset=utf-8 108.4577ms
2026-07-31 15:54:35.597 +06:00 [INF] Request starting HTTP/2 GET https://localhost:7024/api/conversations?userId=be3a5af8-7def-4b06-9030-94b19383cc64 - null null
2026-07-31 15:54:35.606 +06:00 [INF] Request starting HTTP/2 OPTIONS https://localhost:7024/hubs/chat/negotiate?userId=be3a5af8-7def-4b06-9030-94b19383cc64&negotiateVersion=1 - null null
2026-07-31 15:54:35.659 +06:00 [INF] CORS policy execution successful.
2026-07-31 15:54:35.675 +06:00 [INF] Request finished HTTP/2 OPTIONS https://localhost:7024/hubs/chat/negotiate?userId=be3a5af8-7def-4b06-9030-94b19383cc64&negotiateVersion=1 - 204 null null 68.1659ms
2026-07-31 15:54:35.647 +06:00 [INF] CORS policy execution successful.
2026-07-31 15:54:35.711 +06:00 [INF] Executing endpoint 'PrivateMessenger.Presentation.Controllers.ConversationController.GetUserConversations (PrivateMessenger.Presentation)'
2026-07-31 15:54:35.771 +06:00 [INF] Request starting HTTP/2 POST https://localhost:7024/hubs/chat/negotiate?userId=be3a5af8-7def-4b06-9030-94b19383cc64&negotiateVersion=1 - null 0
2026-07-31 15:54:35.793 +06:00 [INF] Route matched with {action = "GetUserConversations", controller = "Conversation"}. Executing controller action with signature System.Threading.Tasks.Task`1[Microsoft.AspNetCore.Mvc.IActionResult] GetUserConversations(System.Guid) on controller PrivateMessenger.Presentation.Controllers.ConversationController (PrivateMessenger.Presentation).
2026-07-31 15:54:35.801 +06:00 [INF] CORS policy execution successful.
2026-07-31 15:54:35.817 +06:00 [INF] Executing endpoint 'hubs/chat/negotiate'
2026-07-31 15:54:35.839 +06:00 [INF] Executed endpoint 'hubs/chat/negotiate'
2026-07-31 15:54:35.847 +06:00 [INF] Request finished HTTP/2 POST https://localhost:7024/hubs/chat/negotiate?userId=be3a5af8-7def-4b06-9030-94b19383cc64&negotiateVersion=1 - 200 316 application/json 76.408ms
2026-07-31 15:54:35.858 +06:00 [INF] Request starting HTTP/2 CONNECT https://localhost:7024/hubs/chat?userId=be3a5af8-7def-4b06-9030-94b19383cc64&id=ooS590sr6HkVMBNksdOchQ - null null
2026-07-31 15:54:35.876 +06:00 [INF] CORS policy execution successful.
2026-07-31 15:54:35.878 +06:00 [INF] Executing endpoint 'hubs/chat'
2026-07-31 15:54:35.943 +06:00 [INF] Executing OkObjectResult, writing value of type 'System.Collections.Generic.List`1[[PrivateMessenger.Domain.Entities.Conversation, PrivateMessenger.Domain, Version=1.0.0.0, Culture=neutral, PublicKeyToken=null]]'.
2026-07-31 15:54:35.951 +06:00 [INF] Executed action PrivateMessenger.Presentation.Controllers.ConversationController.GetUserConversations (PrivateMessenger.Presentation) in 136.8415ms
2026-07-31 15:54:35.956 +06:00 [INF] Request starting HTTP/2 GET https://localhost:7024/api/conversations?userId=be3a5af8-7def-4b06-9030-94b19383cc64 - null null
2026-07-31 15:54:35.988 +06:00 [INF] CORS policy execution successful.
2026-07-31 15:54:35.991 +06:00 [INF] Executing endpoint 'PrivateMessenger.Presentation.Controllers.ConversationController.GetUserConversations (PrivateMessenger.Presentation)'
2026-07-31 15:54:36.005 +06:00 [INF] Route matched with {action = "GetUserConversations", controller = "Conversation"}. Executing controller action with signature System.Threading.Tasks.Task`1[Microsoft.AspNetCore.Mvc.IActionResult] GetUserConversations(System.Guid) on controller PrivateMessenger.Presentation.Controllers.ConversationController (PrivateMessenger.Presentation).
2026-07-31 15:54:35.979 +06:00 [INF] Executed endpoint 'PrivateMessenger.Presentation.Controllers.ConversationController.GetUserConversations (PrivateMessenger.Presentation)'
2026-07-31 15:54:36.025 +06:00 [INF] Request finished HTTP/2 GET https://localhost:7024/api/conversations?userId=be3a5af8-7def-4b06-9030-94b19383cc64 - 200 null application/json; charset=utf-8 427.1057ms
2026-07-31 15:54:36.034 +06:00 [INF] Executing OkObjectResult, writing value of type 'System.Collections.Generic.List`1[[PrivateMessenger.Domain.Entities.Conversation, PrivateMessenger.Domain, Version=1.0.0.0, Culture=neutral, PublicKeyToken=null]]'.
2026-07-31 15:54:36.055 +06:00 [INF] Executed action PrivateMessenger.Presentation.Controllers.ConversationController.GetUserConversations (PrivateMessenger.Presentation) in 40.3463ms
2026-07-31 15:54:36.066 +06:00 [INF] Executed endpoint 'PrivateMessenger.Presentation.Controllers.ConversationController.GetUserConversations (PrivateMessenger.Presentation)'
2026-07-31 15:54:36.076 +06:00 [INF] Request finished HTTP/2 GET https://localhost:7024/api/conversations?userId=be3a5af8-7def-4b06-9030-94b19383cc64 - 200 null application/json; charset=utf-8 119.7092ms
2026-07-31 15:54:40.808 +06:00 [INF] Request starting HTTP/2 GET https://localhost:7024/api/messages/01a7fc79-1a75-4656-9051-84e164f6d85d - null null
2026-07-31 15:54:40.839 +06:00 [INF] CORS policy execution successful.
2026-07-31 15:54:40.851 +06:00 [INF] Executing endpoint 'PrivateMessenger.Presentation.Controllers.MessageController.GetMessages (PrivateMessenger.Presentation)'
2026-07-31 15:54:40.860 +06:00 [INF] Route matched with {action = "GetMessages", controller = "Message"}. Executing controller action with signature System.Threading.Tasks.Task`1[Microsoft.AspNetCore.Mvc.IActionResult] GetMessages(System.Guid) on controller PrivateMessenger.Presentation.Controllers.MessageController (PrivateMessenger.Presentation).
2026-07-31 15:54:40.869 +06:00 [INF] Executed action PrivateMessenger.Presentation.Controllers.MessageController.GetMessages (PrivateMessenger.Presentation) in 1.0757ms
2026-07-31 15:54:40.877 +06:00 [INF] Executed endpoint 'PrivateMessenger.Presentation.Controllers.MessageController.GetMessages (PrivateMessenger.Presentation)'
2026-07-31 15:54:40.882 +06:00 [ERR] An unhandled exception has occurred while executing the request.
System.InvalidOperationException: No service for type 'MediatR.IRequestHandler`2[PrivateMessenger.Application.Messages.Queries.GetMessagesByConversation.GetMessagesByConversationQuery,System.Collections.Generic.IEnumerable`1[PrivateMessenger.Domain.Entities.Message]]' has been registered.
   at Microsoft.Extensions.DependencyInjection.ServiceProviderServiceExtensions.GetRequiredService[T](IServiceProvider provider)
   at MediatR.Wrappers.RequestHandlerWrapperImpl`2.<>c__DisplayClass1_0.<Handle>g__Handler|0(CancellationToken t)
   at MediatR.Wrappers.RequestHandlerWrapperImpl`2.Handle(IRequest`1 request, IServiceProvider serviceProvider, CancellationToken cancellationToken)
   at MediatR.Mediator.Send[TResponse](IRequest`1 request, CancellationToken cancellationToken)
   at PrivateMessenger.Presentation.Controllers.MessageController.GetMessages(Guid conversationId) in D:\Projects\2026\private-messenger\backend\PrivateMessenger.Presentation\Controllers\MessageController.cs:line 27
   at Microsoft.AspNetCore.Mvc.Infrastructure.ActionMethodExecutor.TaskOfIActionResultExecutor.Execute(ActionContext actionContext, IActionResultTypeMapper mapper, ObjectMethodExecutor executor, Object controller, Object[] arguments)
   at Microsoft.AspNetCore.Mvc.Infrastructure.ControllerActionInvoker.<InvokeActionMethodAsync>g__Awaited|12_0(ControllerActionInvoker invoker, ValueTask`1 actionResultValueTask)
   at Microsoft.AspNetCore.Mvc.Infrastructure.ControllerActionInvoker.<InvokeNextActionFilterAsync>g__Awaited|10_0(ControllerActionInvoker invoker, Task lastTask, State next, Scope scope, Object state, Boolean isCompleted)
   at Microsoft.AspNetCore.Mvc.Infrastructure.ControllerActionInvoker.Rethrow(ActionExecutedContextSealed context)
   at Microsoft.AspNetCore.Mvc.Infrastructure.ControllerActionInvoker.InvokeInnerFilterAsync()
--- End of stack trace from previous location ---
   at Microsoft.AspNetCore.Mvc.Infrastructure.ResourceInvoker.<InvokeFilterPipelineAsync>g__Awaited|20_0(ResourceInvoker invoker, Task lastTask, State next, Scope scope, Object state, Boolean isCompleted)
   at Microsoft.AspNetCore.Mvc.Infrastructure.ResourceInvoker.<InvokeAsync>g__Logged|17_1(ResourceInvoker invoker)
   at Microsoft.AspNetCore.Mvc.Infrastructure.ResourceInvoker.<InvokeAsync>g__Logged|17_1(ResourceInvoker invoker)
   at Microsoft.AspNetCore.Routing.EndpointMiddleware.<Invoke>g__AwaitRequestTask|7_0(Endpoint endpoint, Task requestTask, ILogger logger)
   at Microsoft.AspNetCore.Authorization.AuthorizationMiddleware.Invoke(HttpContext context)
   at Swashbuckle.AspNetCore.SwaggerUI.SwaggerUIMiddleware.Invoke(HttpContext httpContext)
   at Swashbuckle.AspNetCore.Swagger.SwaggerMiddleware.Invoke(HttpContext httpContext, ISwaggerProvider swaggerProvider)
   at Microsoft.AspNetCore.Authentication.AuthenticationMiddleware.Invoke(HttpContext context)
   at Microsoft.AspNetCore.Diagnostics.DeveloperExceptionPageMiddlewareImpl.Invoke(HttpContext context)
2026-07-31 15:54:40.969 +06:00 [INF] Request finished HTTP/2 GET https://localhost:7024/api/messages/01a7fc79-1a75-4656-9051-84e164f6d85d - 500 null text/plain; charset=utf-8 160.7218ms
2026-07-31 15:54:40.971 +06:00 [INF] Request starting HTTP/2 GET https://localhost:7024/api/messages/01a7fc79-1a75-4656-9051-84e164f6d85d - null null
2026-07-31 15:54:40.991 +06:00 [INF] CORS policy execution successful.
2026-07-31 15:54:40.995 +06:00 [INF] Executing endpoint 'PrivateMessenger.Presentation.Controllers.MessageController.GetMessages (PrivateMessenger.Presentation)'
2026-07-31 15:54:41.006 +06:00 [INF] Route matched with {action = "GetMessages", controller = "Message"}. Executing controller action with signature System.Threading.Tasks.Task`1[Microsoft.AspNetCore.Mvc.IActionResult] GetMessages(System.Guid) on controller PrivateMessenger.Presentation.Controllers.MessageController (PrivateMessenger.Presentation).
2026-07-31 15:54:41.020 +06:00 [INF] Executed action PrivateMessenger.Presentation.Controllers.MessageController.GetMessages (PrivateMessenger.Presentation) in 0.4096ms
2026-07-31 15:54:41.025 +06:00 [INF] Executed endpoint 'PrivateMessenger.Presentation.Controllers.MessageController.GetMessages (PrivateMessenger.Presentation)'
2026-07-31 15:54:41.038 +06:00 [ERR] An unhandled exception has occurred while executing the request.
System.InvalidOperationException: No service for type 'MediatR.IRequestHandler`2[PrivateMessenger.Application.Messages.Queries.GetMessagesByConversation.GetMessagesByConversationQuery,System.Collections.Generic.IEnumerable`1[PrivateMessenger.Domain.Entities.Message]]' has been registered.
   at Microsoft.Extensions.DependencyInjection.ServiceProviderServiceExtensions.GetRequiredService[T](IServiceProvider provider)
   at MediatR.Wrappers.RequestHandlerWrapperImpl`2.<>c__DisplayClass1_0.<Handle>g__Handler|0(CancellationToken t)
   at MediatR.Wrappers.RequestHandlerWrapperImpl`2.Handle(IRequest`1 request, IServiceProvider serviceProvider, CancellationToken cancellationToken)
   at MediatR.Mediator.Send[TResponse](IRequest`1 request, CancellationToken cancellationToken)
   at PrivateMessenger.Presentation.Controllers.MessageController.GetMessages(Guid conversationId) in D:\Projects\2026\private-messenger\backend\PrivateMessenger.Presentation\Controllers\MessageController.cs:line 27
   at Microsoft.AspNetCore.Mvc.Infrastructure.ActionMethodExecutor.TaskOfIActionResultExecutor.Execute(ActionContext actionContext, IActionResultTypeMapper mapper, ObjectMethodExecutor executor, Object controller, Object[] arguments)
   at Microsoft.AspNetCore.Mvc.Infrastructure.ControllerActionInvoker.<InvokeActionMethodAsync>g__Awaited|12_0(ControllerActionInvoker invoker, ValueTask`1 actionResultValueTask)
   at Microsoft.AspNetCore.Mvc.Infrastructure.ControllerActionInvoker.<InvokeNextActionFilterAsync>g__Awaited|10_0(ControllerActionInvoker invoker, Task lastTask, State next, Scope scope, Object state, Boolean isCompleted)
   at Microsoft.AspNetCore.Mvc.Infrastructure.ControllerActionInvoker.Rethrow(ActionExecutedContextSealed context)
   at Microsoft.AspNetCore.Mvc.Infrastructure.ControllerActionInvoker.InvokeInnerFilterAsync()
--- End of stack trace from previous location ---
   at Microsoft.AspNetCore.Mvc.Infrastructure.ResourceInvoker.<InvokeFilterPipelineAsync>g__Awaited|20_0(ResourceInvoker invoker, Task lastTask, State next, Scope scope, Object state, Boolean isCompleted)
   at Microsoft.AspNetCore.Mvc.Infrastructure.ResourceInvoker.<InvokeAsync>g__Logged|17_1(ResourceInvoker invoker)
   at Microsoft.AspNetCore.Mvc.Infrastructure.ResourceInvoker.<InvokeAsync>g__Logged|17_1(ResourceInvoker invoker)
   at Microsoft.AspNetCore.Routing.EndpointMiddleware.<Invoke>g__AwaitRequestTask|7_0(Endpoint endpoint, Task requestTask, ILogger logger)
   at Microsoft.AspNetCore.Authorization.AuthorizationMiddleware.Invoke(HttpContext context)
   at Swashbuckle.AspNetCore.SwaggerUI.SwaggerUIMiddleware.Invoke(HttpContext httpContext)
   at Swashbuckle.AspNetCore.Swagger.SwaggerMiddleware.Invoke(HttpContext httpContext, ISwaggerProvider swaggerProvider)
   at Microsoft.AspNetCore.Authentication.AuthenticationMiddleware.Invoke(HttpContext context)
   at Microsoft.AspNetCore.Diagnostics.DeveloperExceptionPageMiddlewareImpl.Invoke(HttpContext context)
2026-07-31 15:54:41.116 +06:00 [INF] Request finished HTTP/2 GET https://localhost:7024/api/messages/01a7fc79-1a75-4656-9051-84e164f6d85d - 500 null text/plain; charset=utf-8 144.4973ms
2026-07-31 15:55:04.796 +06:00 [INF] Request starting HTTP/2 GET https://localhost:7024/api/conversations?userId=be3a5af8-7def-4b06-9030-94b19383cc64 - null null
2026-07-31 15:55:04.818 +06:00 [INF] CORS policy execution successful.
2026-07-31 15:55:04.822 +06:00 [INF] Executing endpoint 'PrivateMessenger.Presentation.Controllers.ConversationController.GetUserConversations (PrivateMessenger.Presentation)'
2026-07-31 15:55:04.829 +06:00 [INF] Route matched with {action = "GetUserConversations", controller = "Conversation"}. Executing controller action with signature System.Threading.Tasks.Task`1[Microsoft.AspNetCore.Mvc.IActionResult] GetUserConversations(System.Guid) on controller PrivateMessenger.Presentation.Controllers.ConversationController (PrivateMessenger.Presentation).
2026-07-31 15:55:05.034 +06:00 [INF] Executing OkObjectResult, writing value of type 'System.Collections.Generic.List`1[[PrivateMessenger.Domain.Entities.Conversation, PrivateMessenger.Domain, Version=1.0.0.0, Culture=neutral, PublicKeyToken=null]]'.
2026-07-31 15:55:05.043 +06:00 [INF] Executed action PrivateMessenger.Presentation.Controllers.ConversationController.GetUserConversations (PrivateMessenger.Presentation) in 199.9472ms
2026-07-31 15:55:05.051 +06:00 [INF] Request starting HTTP/2 GET https://localhost:7024/api/conversations?userId=be3a5af8-7def-4b06-9030-94b19383cc64 - null null
2026-07-31 15:55:05.080 +06:00 [INF] Executed endpoint 'PrivateMessenger.Presentation.Controllers.ConversationController.GetUserConversations (PrivateMessenger.Presentation)'
2026-07-31 15:55:05.100 +06:00 [INF] Request finished HTTP/2 GET https://localhost:7024/api/conversations?userId=be3a5af8-7def-4b06-9030-94b19383cc64 - 200 null application/json; charset=utf-8 304.1078ms
2026-07-31 15:55:05.090 +06:00 [INF] CORS policy execution successful.
2026-07-31 15:55:05.130 +06:00 [INF] Executing endpoint 'PrivateMessenger.Presentation.Controllers.ConversationController.GetUserConversations (PrivateMessenger.Presentation)'
2026-07-31 15:55:05.138 +06:00 [INF] Route matched with {action = "GetUserConversations", controller = "Conversation"}. Executing controller action with signature System.Threading.Tasks.Task`1[Microsoft.AspNetCore.Mvc.IActionResult] GetUserConversations(System.Guid) on controller PrivateMessenger.Presentation.Controllers.ConversationController (PrivateMessenger.Presentation).
2026-07-31 15:55:05.163 +06:00 [INF] Executing OkObjectResult, writing value of type 'System.Collections.Generic.List`1[[PrivateMessenger.Domain.Entities.Conversation, PrivateMessenger.Domain, Version=1.0.0.0, Culture=neutral, PublicKeyToken=null]]'.
2026-07-31 15:55:05.170 +06:00 [INF] Executed action PrivateMessenger.Presentation.Controllers.ConversationController.GetUserConversations (PrivateMessenger.Presentation) in 18.8899ms
2026-07-31 15:55:05.185 +06:00 [INF] Executed endpoint 'PrivateMessenger.Presentation.Controllers.ConversationController.GetUserConversations (PrivateMessenger.Presentation)'
2026-07-31 15:55:05.196 +06:00 [INF] Request finished HTTP/2 GET https://localhost:7024/api/conversations?userId=be3a5af8-7def-4b06-9030-94b19383cc64 - 200 null application/json; charset=utf-8 144.956ms
2026-07-31 15:55:06.444 +06:00 [INF] Executed endpoint 'hubs/chat'
2026-07-31 15:55:06.520 +06:00 [INF] Request finished HTTP/2 CONNECT https://localhost:7024/hubs/chat?userId=be3a5af8-7def-4b06-9030-94b19383cc64&id=ooS590sr6HkVMBNksdOchQ - 200 null null 30661.9567ms
2026-07-31 15:55:07.038 +06:00 [INF] Request starting HTTP/2 GET https://localhost:7024/api/conversations?userId=be3a5af8-7def-4b06-9030-94b19383cc64 - null null
2026-07-31 15:55:07.111 +06:00 [INF] Request starting HTTP/2 OPTIONS https://localhost:7024/hubs/chat/negotiate?userId=be3a5af8-7def-4b06-9030-94b19383cc64&negotiateVersion=1 - null null
2026-07-31 15:55:07.123 +06:00 [INF] CORS policy execution successful.
2026-07-31 15:55:07.134 +06:00 [INF] Request finished HTTP/2 OPTIONS https://localhost:7024/hubs/chat/negotiate?userId=be3a5af8-7def-4b06-9030-94b19383cc64&negotiateVersion=1 - 204 null null 23.7718ms
2026-07-31 15:55:07.113 +06:00 [INF] CORS policy execution successful.
2026-07-31 15:55:07.155 +06:00 [INF] Executing endpoint 'PrivateMessenger.Presentation.Controllers.ConversationController.GetUserConversations (PrivateMessenger.Presentation)'
2026-07-31 15:55:07.166 +06:00 [INF] Route matched with {action = "GetUserConversations", controller = "Conversation"}. Executing controller action with signature System.Threading.Tasks.Task`1[Microsoft.AspNetCore.Mvc.IActionResult] GetUserConversations(System.Guid) on controller PrivateMessenger.Presentation.Controllers.ConversationController (PrivateMessenger.Presentation).
2026-07-31 15:55:07.167 +06:00 [INF] Request starting HTTP/2 POST https://localhost:7024/hubs/chat/negotiate?userId=be3a5af8-7def-4b06-9030-94b19383cc64&negotiateVersion=1 - null 0
2026-07-31 15:55:07.193 +06:00 [INF] CORS policy execution successful.
2026-07-31 15:55:07.196 +06:00 [INF] Executing endpoint 'hubs/chat/negotiate'
2026-07-31 15:55:07.214 +06:00 [INF] Executed endpoint 'hubs/chat/negotiate'
2026-07-31 15:55:07.217 +06:00 [INF] Request finished HTTP/2 POST https://localhost:7024/hubs/chat/negotiate?userId=be3a5af8-7def-4b06-9030-94b19383cc64&negotiateVersion=1 - 200 316 application/json 50.0371ms
2026-07-31 15:55:07.219 +06:00 [INF] Executing OkObjectResult, writing value of type 'System.Collections.Generic.List`1[[PrivateMessenger.Domain.Entities.Conversation, PrivateMessenger.Domain, Version=1.0.0.0, Culture=neutral, PublicKeyToken=null]]'.
2026-07-31 15:55:07.244 +06:00 [INF] Executed action PrivateMessenger.Presentation.Controllers.ConversationController.GetUserConversations (PrivateMessenger.Presentation) in 69.9679ms
2026-07-31 15:55:07.254 +06:00 [INF] Executed endpoint 'PrivateMessenger.Presentation.Controllers.ConversationController.GetUserConversations (PrivateMessenger.Presentation)'
2026-07-31 15:55:07.260 +06:00 [INF] Request finished HTTP/2 GET https://localhost:7024/api/conversations?userId=be3a5af8-7def-4b06-9030-94b19383cc64 - 200 null application/json; charset=utf-8 222.2696ms
2026-07-31 15:55:07.256 +06:00 [INF] Request starting HTTP/2 GET https://localhost:7024/api/conversations?userId=be3a5af8-7def-4b06-9030-94b19383cc64 - null null
2026-07-31 15:55:07.233 +06:00 [INF] Request starting HTTP/2 CONNECT https://localhost:7024/hubs/chat?userId=be3a5af8-7def-4b06-9030-94b19383cc64&id=786BrXbggF3HrUFDdtsv3Q - null null
2026-07-31 15:55:07.293 +06:00 [INF] CORS policy execution successful.
2026-07-31 15:55:07.306 +06:00 [INF] CORS policy execution successful.
2026-07-31 15:55:07.309 +06:00 [INF] Executing endpoint 'PrivateMessenger.Presentation.Controllers.ConversationController.GetUserConversations (PrivateMessenger.Presentation)'
2026-07-31 15:55:07.312 +06:00 [INF] Executing endpoint 'hubs/chat'
2026-07-31 15:55:07.326 +06:00 [INF] Route matched with {action = "GetUserConversations", controller = "Conversation"}. Executing controller action with signature System.Threading.Tasks.Task`1[Microsoft.AspNetCore.Mvc.IActionResult] GetUserConversations(System.Guid) on controller PrivateMessenger.Presentation.Controllers.ConversationController (PrivateMessenger.Presentation).
2026-07-31 15:55:07.356 +06:00 [INF] Executing OkObjectResult, writing value of type 'System.Collections.Generic.List`1[[PrivateMessenger.Domain.Entities.Conversation, PrivateMessenger.Domain, Version=1.0.0.0, Culture=neutral, PublicKeyToken=null]]'.
2026-07-31 15:55:07.362 +06:00 [INF] Executed action PrivateMessenger.Presentation.Controllers.ConversationController.GetUserConversations (PrivateMessenger.Presentation) in 13.8446ms
2026-07-31 15:55:07.370 +06:00 [INF] Executed endpoint 'PrivateMessenger.Presentation.Controllers.ConversationController.GetUserConversations (PrivateMessenger.Presentation)'
2026-07-31 15:55:07.377 +06:00 [INF] Request finished HTTP/2 GET https://localhost:7024/api/conversations?userId=be3a5af8-7def-4b06-9030-94b19383cc64 - 200 null application/json; charset=utf-8 121.3056ms
2026-07-31 15:55:09.316 +06:00 [INF] Request starting HTTP/2 GET https://localhost:7024/api/messages/01a7fc79-1a75-4656-9051-84e164f6d85d - null null
2026-07-31 15:55:09.342 +06:00 [INF] CORS policy execution successful.
2026-07-31 15:55:09.353 +06:00 [INF] Executing endpoint 'PrivateMessenger.Presentation.Controllers.MessageController.GetMessages (PrivateMessenger.Presentation)'
2026-07-31 15:55:09.358 +06:00 [INF] Route matched with {action = "GetMessages", controller = "Message"}. Executing controller action with signature System.Threading.Tasks.Task`1[Microsoft.AspNetCore.Mvc.IActionResult] GetMessages(System.Guid) on controller PrivateMessenger.Presentation.Controllers.MessageController (PrivateMessenger.Presentation).
2026-07-31 15:55:09.369 +06:00 [INF] Executed action PrivateMessenger.Presentation.Controllers.MessageController.GetMessages (PrivateMessenger.Presentation) in 0.741ms
2026-07-31 15:55:09.377 +06:00 [INF] Executed endpoint 'PrivateMessenger.Presentation.Controllers.MessageController.GetMessages (PrivateMessenger.Presentation)'
2026-07-31 15:55:09.395 +06:00 [ERR] An unhandled exception has occurred while executing the request.
System.InvalidOperationException: No service for type 'MediatR.IRequestHandler`2[PrivateMessenger.Application.Messages.Queries.GetMessagesByConversation.GetMessagesByConversationQuery,System.Collections.Generic.IEnumerable`1[PrivateMessenger.Domain.Entities.Message]]' has been registered.
   at Microsoft.Extensions.DependencyInjection.ServiceProviderServiceExtensions.GetRequiredService[T](IServiceProvider provider)
   at MediatR.Wrappers.RequestHandlerWrapperImpl`2.<>c__DisplayClass1_0.<Handle>g__Handler|0(CancellationToken t)
   at MediatR.Wrappers.RequestHandlerWrapperImpl`2.Handle(IRequest`1 request, IServiceProvider serviceProvider, CancellationToken cancellationToken)
   at MediatR.Mediator.Send[TResponse](IRequest`1 request, CancellationToken cancellationToken)
   at PrivateMessenger.Presentation.Controllers.MessageController.GetMessages(Guid conversationId) in D:\Projects\2026\private-messenger\backend\PrivateMessenger.Presentation\Controllers\MessageController.cs:line 27
   at Microsoft.AspNetCore.Mvc.Infrastructure.ActionMethodExecutor.TaskOfIActionResultExecutor.Execute(ActionContext actionContext, IActionResultTypeMapper mapper, ObjectMethodExecutor executor, Object controller, Object[] arguments)
   at Microsoft.AspNetCore.Mvc.Infrastructure.ControllerActionInvoker.<InvokeActionMethodAsync>g__Awaited|12_0(ControllerActionInvoker invoker, ValueTask`1 actionResultValueTask)
   at Microsoft.AspNetCore.Mvc.Infrastructure.ControllerActionInvoker.<InvokeNextActionFilterAsync>g__Awaited|10_0(ControllerActionInvoker invoker, Task lastTask, State next, Scope scope, Object state, Boolean isCompleted)
   at Microsoft.AspNetCore.Mvc.Infrastructure.ControllerActionInvoker.Rethrow(ActionExecutedContextSealed context)
   at Microsoft.AspNetCore.Mvc.Infrastructure.ControllerActionInvoker.InvokeInnerFilterAsync()
--- End of stack trace from previous location ---
   at Microsoft.AspNetCore.Mvc.Infrastructure.ResourceInvoker.<InvokeFilterPipelineAsync>g__Awaited|20_0(ResourceInvoker invoker, Task lastTask, State next, Scope scope, Object state, Boolean isCompleted)
   at Microsoft.AspNetCore.Mvc.Infrastructure.ResourceInvoker.<InvokeAsync>g__Logged|17_1(ResourceInvoker invoker)
   at Microsoft.AspNetCore.Mvc.Infrastructure.ResourceInvoker.<InvokeAsync>g__Logged|17_1(ResourceInvoker invoker)
   at Microsoft.AspNetCore.Routing.EndpointMiddleware.<Invoke>g__AwaitRequestTask|7_0(Endpoint endpoint, Task requestTask, ILogger logger)
   at Microsoft.AspNetCore.Authorization.AuthorizationMiddleware.Invoke(HttpContext context)
   at Swashbuckle.AspNetCore.SwaggerUI.SwaggerUIMiddleware.Invoke(HttpContext httpContext)
   at Swashbuckle.AspNetCore.Swagger.SwaggerMiddleware.Invoke(HttpContext httpContext, ISwaggerProvider swaggerProvider)
   at Microsoft.AspNetCore.Authentication.AuthenticationMiddleware.Invoke(HttpContext context)
   at Microsoft.AspNetCore.Diagnostics.DeveloperExceptionPageMiddlewareImpl.Invoke(HttpContext context)
2026-07-31 15:55:09.528 +06:00 [INF] Request finished HTTP/2 GET https://localhost:7024/api/messages/01a7fc79-1a75-4656-9051-84e164f6d85d - 500 null text/plain; charset=utf-8 211.9846ms
2026-07-31 15:55:09.531 +06:00 [INF] Request starting HTTP/2 GET https://localhost:7024/api/messages/01a7fc79-1a75-4656-9051-84e164f6d85d - null null
2026-07-31 15:55:09.564 +06:00 [INF] CORS policy execution successful.
2026-07-31 15:55:09.571 +06:00 [INF] Executing endpoint 'PrivateMessenger.Presentation.Controllers.MessageController.GetMessages (PrivateMessenger.Presentation)'
2026-07-31 15:55:09.576 +06:00 [INF] Route matched with {action = "GetMessages", controller = "Message"}. Executing controller action with signature System.Threading.Tasks.Task`1[Microsoft.AspNetCore.Mvc.IActionResult] GetMessages(System.Guid) on controller PrivateMessenger.Presentation.Controllers.MessageController (PrivateMessenger.Presentation).
2026-07-31 15:55:09.589 +06:00 [INF] Executed action PrivateMessenger.Presentation.Controllers.MessageController.GetMessages (PrivateMessenger.Presentation) in 0.3871ms
2026-07-31 15:55:09.595 +06:00 [INF] Executed endpoint 'PrivateMessenger.Presentation.Controllers.MessageController.GetMessages (PrivateMessenger.Presentation)'
2026-07-31 15:55:09.603 +06:00 [ERR] An unhandled exception has occurred while executing the request.
System.InvalidOperationException: No service for type 'MediatR.IRequestHandler`2[PrivateMessenger.Application.Messages.Queries.GetMessagesByConversation.GetMessagesByConversationQuery,System.Collections.Generic.IEnumerable`1[PrivateMessenger.Domain.Entities.Message]]' has been registered.
   at Microsoft.Extensions.DependencyInjection.ServiceProviderServiceExtensions.GetRequiredService[T](IServiceProvider provider)
   at MediatR.Wrappers.RequestHandlerWrapperImpl`2.Handle(IRequest`1 request, IServiceProvider serviceProvider, CancellationToken cancellationToken)
   at MediatR.Mediator.Send[TResponse](IRequest`1 request, CancellationToken cancellationToken)
   at PrivateMessenger.Presentation.Controllers.MessageController.GetMessages(Guid conversationId) in D:\Projects\2026\private-messenger\backend\PrivateMessenger.Presentation\Controllers\MessageController.cs:line 27
   at Microsoft.AspNetCore.Mvc.Infrastructure.ActionMethodExecutor.TaskOfIActionResultExecutor.Execute(ActionContext actionContext, IActionResultTypeMapper mapper, ObjectMethodExecutor executor, Object controller, Object[] arguments)
   at Microsoft.AspNetCore.Mvc.Infrastructure.ControllerActionInvoker.<InvokeActionMethodAsync>g__Awaited|12_0(ControllerActionInvoker invoker, ValueTask`1 actionResultValueTask)
   at Microsoft.AspNetCore.Mvc.Infrastructure.ControllerActionInvoker.<InvokeNextActionFilterAsync>g__Awaited|10_0(ControllerActionInvoker invoker, Task lastTask, State next, Scope scope, Object state, Boolean isCompleted)
   at Microsoft.AspNetCore.Mvc.Infrastructure.ControllerActionInvoker.Rethrow(ActionExecutedContextSealed context)
   at Microsoft.AspNetCore.Mvc.Infrastructure.ControllerActionInvoker.InvokeInnerFilterAsync()
--- End of stack trace from previous location ---
   at Microsoft.AspNetCore.Mvc.Infrastructure.ResourceInvoker.<InvokeFilterPipelineAsync>g__Awaited|20_0(ResourceInvoker invoker, Task lastTask, State next, Scope scope, Object state, Boolean isCompleted)
   at Microsoft.AspNetCore.Mvc.Infrastructure.ResourceInvoker.<InvokeAsync>g__Logged|17_1(ResourceInvoker invoker)
   at Microsoft.AspNetCore.Mvc.Infrastructure.ResourceInvoker.<InvokeAsync>g__Logged|17_1(ResourceInvoker invoker)
   at Microsoft.AspNetCore.Routing.EndpointMiddleware.<Invoke>g__AwaitRequestTask|7_0(Endpoint endpoint, Task requestTask, ILogger logger)
   at Microsoft.AspNetCore.Authorization.AuthorizationMiddleware.Invoke(HttpContext context)
   at Swashbuckle.AspNetCore.SwaggerUI.SwaggerUIMiddleware.Invoke(HttpContext httpContext)
   at Swashbuckle.AspNetCore.Swagger.SwaggerMiddleware.Invoke(HttpContext httpContext, ISwaggerProvider swaggerProvider)
   at Microsoft.AspNetCore.Authentication.AuthenticationMiddleware.Invoke(HttpContext context)
   at Microsoft.AspNetCore.Diagnostics.DeveloperExceptionPageMiddlewareImpl.Invoke(HttpContext context)
2026-07-31 15:55:09.672 +06:00 [INF] Request finished HTTP/2 GET https://localhost:7024/api/messages/01a7fc79-1a75-4656-9051-84e164f6d85d - 500 null text/plain; charset=utf-8 140.8655ms
2026-07-31 15:59:47.648 +06:00 [INF] Request starting HTTP/2 GET https://localhost:7024/api/conversations?userId=be3a5af8-7def-4b06-9030-94b19383cc64 - null null
2026-07-31 15:59:47.699 +06:00 [INF] CORS policy execution successful.
2026-07-31 15:59:47.707 +06:00 [INF] Executing endpoint 'PrivateMessenger.Presentation.Controllers.ConversationController.GetUserConversations (PrivateMessenger.Presentation)'
2026-07-31 15:59:47.722 +06:00 [INF] Route matched with {action = "GetUserConversations", controller = "Conversation"}. Executing controller action with signature System.Threading.Tasks.Task`1[Microsoft.AspNetCore.Mvc.IActionResult] GetUserConversations(System.Guid) on controller PrivateMessenger.Presentation.Controllers.ConversationController (PrivateMessenger.Presentation).
2026-07-31 15:59:47.838 +06:00 [INF] Executing OkObjectResult, writing value of type 'System.Collections.Generic.List`1[[PrivateMessenger.Domain.Entities.Conversation, PrivateMessenger.Domain, Version=1.0.0.0, Culture=neutral, PublicKeyToken=null]]'.
2026-07-31 15:59:47.844 +06:00 [INF] Executed action PrivateMessenger.Presentation.Controllers.ConversationController.GetUserConversations (PrivateMessenger.Presentation) in 106.4036ms
2026-07-31 15:59:47.847 +06:00 [INF] Request starting HTTP/2 GET https://localhost:7024/api/conversations?userId=be3a5af8-7def-4b06-9030-94b19383cc64 - null null
2026-07-31 15:59:47.852 +06:00 [INF] Executed endpoint 'PrivateMessenger.Presentation.Controllers.ConversationController.GetUserConversations (PrivateMessenger.Presentation)'
2026-07-31 15:59:47.875 +06:00 [INF] Request finished HTTP/2 GET https://localhost:7024/api/conversations?userId=be3a5af8-7def-4b06-9030-94b19383cc64 - 200 null application/json; charset=utf-8 226.9319ms
2026-07-31 15:59:47.866 +06:00 [INF] CORS policy execution successful.
2026-07-31 15:59:47.892 +06:00 [INF] Executing endpoint 'PrivateMessenger.Presentation.Controllers.ConversationController.GetUserConversations (PrivateMessenger.Presentation)'
2026-07-31 15:59:47.899 +06:00 [INF] Route matched with {action = "GetUserConversations", controller = "Conversation"}. Executing controller action with signature System.Threading.Tasks.Task`1[Microsoft.AspNetCore.Mvc.IActionResult] GetUserConversations(System.Guid) on controller PrivateMessenger.Presentation.Controllers.ConversationController (PrivateMessenger.Presentation).
2026-07-31 15:59:47.914 +06:00 [INF] Executing OkObjectResult, writing value of type 'System.Collections.Generic.List`1[[PrivateMessenger.Domain.Entities.Conversation, PrivateMessenger.Domain, Version=1.0.0.0, Culture=neutral, PublicKeyToken=null]]'.
2026-07-31 15:59:47.922 +06:00 [INF] Executed action PrivateMessenger.Presentation.Controllers.ConversationController.GetUserConversations (PrivateMessenger.Presentation) in 11.2961ms
2026-07-31 15:59:47.930 +06:00 [INF] Executed endpoint 'PrivateMessenger.Presentation.Controllers.ConversationController.GetUserConversations (PrivateMessenger.Presentation)'
2026-07-31 15:59:47.938 +06:00 [INF] Request finished HTTP/2 GET https://localhost:7024/api/conversations?userId=be3a5af8-7def-4b06-9030-94b19383cc64 - 200 null application/json; charset=utf-8 91.2672ms
2026-07-31 16:10:52.531 +06:00 [INF] Now listening on: https://localhost:7024
2026-07-31 16:10:52.691 +06:00 [INF] Now listening on: http://localhost:5041
2026-07-31 16:10:53.596 +06:00 [INF] Application started. Press Ctrl+C to shut down.
2026-07-31 16:10:53.599 +06:00 [INF] Hosting environment: Development
2026-07-31 16:10:53.602 +06:00 [INF] Content root path: D:\Projects\2026\private-messenger\backend\PrivateMessenger.Presentation
2026-07-31 16:11:04.101 +06:00 [INF] Request starting HTTP/2 OPTIONS https://localhost:7024/api/auth/login - null null
2026-07-31 16:11:04.260 +06:00 [INF] CORS policy execution successful.
2026-07-31 16:11:04.273 +06:00 [INF] Request finished HTTP/2 OPTIONS https://localhost:7024/api/auth/login - 204 null null 181.1111ms
2026-07-31 16:11:04.296 +06:00 [INF] Request starting HTTP/2 POST https://localhost:7024/api/auth/login - application/json 20
2026-07-31 16:11:04.336 +06:00 [INF] CORS policy execution successful.
2026-07-31 16:11:04.359 +06:00 [INF] Executing endpoint 'AuthController.Login (PrivateMessenger.Presentation)'
2026-07-31 16:11:04.446 +06:00 [INF] Route matched with {action = "Login", controller = "Auth"}. Executing controller action with signature System.Threading.Tasks.Task`1[Microsoft.AspNetCore.Mvc.IActionResult] Login(PrivateMessenger.Application.DTOs.LoginRequest) on controller AuthController (PrivateMessenger.Presentation).
2026-07-31 16:11:04.513 +06:00 [WRN] You do not have a valid license key for the Lucky Penny software MediatR. This is allowed for development and testing scenarios. If you are running in production you are required to have a licensed version. Please visit https://luckypennysoftware.com to obtain a valid license.
2026-07-31 16:11:08.891 +06:00 [INF] Executing OkObjectResult, writing value of type '<>f__AnonymousType0`2[[System.Guid, System.Private.CoreLib, Version=10.0.0.0, Culture=neutral, PublicKeyToken=7cec85d7bea7798e],[System.String, System.Private.CoreLib, Version=10.0.0.0, Culture=neutral, PublicKeyToken=7cec85d7bea7798e]]'.
2026-07-31 16:11:08.935 +06:00 [INF] Executed action AuthController.Login (PrivateMessenger.Presentation) in 4466.1256ms
2026-07-31 16:11:08.941 +06:00 [INF] Executed endpoint 'AuthController.Login (PrivateMessenger.Presentation)'
2026-07-31 16:11:08.968 +06:00 [INF] Request finished HTTP/2 POST https://localhost:7024/api/auth/login - 200 null application/json; charset=utf-8 4667.5278ms
2026-07-31 16:11:09.047 +06:00 [INF] Request starting HTTP/2 GET https://localhost:7024/api/conversations?userId=e1543e9f-a449-496f-9afc-c3ee6ae4b880 - null null
2026-07-31 16:11:09.051 +06:00 [INF] Request starting HTTP/2 OPTIONS https://localhost:7024/hubs/chat/negotiate?userId=e1543e9f-a449-496f-9afc-c3ee6ae4b880&negotiateVersion=1 - null null
2026-07-31 16:11:09.115 +06:00 [INF] CORS policy execution successful.
2026-07-31 16:11:09.107 +06:00 [INF] CORS policy execution successful.
2026-07-31 16:11:09.119 +06:00 [INF] Request finished HTTP/2 OPTIONS https://localhost:7024/hubs/chat/negotiate?userId=e1543e9f-a449-496f-9afc-c3ee6ae4b880&negotiateVersion=1 - 204 null null 68.7569ms
2026-07-31 16:11:09.128 +06:00 [INF] Executing endpoint 'PrivateMessenger.Presentation.Controllers.ConversationController.GetUserConversations (PrivateMessenger.Presentation)'
2026-07-31 16:11:09.214 +06:00 [INF] Route matched with {action = "GetUserConversations", controller = "Conversation"}. Executing controller action with signature System.Threading.Tasks.Task`1[Microsoft.AspNetCore.Mvc.IActionResult] GetUserConversations(System.Guid) on controller PrivateMessenger.Presentation.Controllers.ConversationController (PrivateMessenger.Presentation).
2026-07-31 16:11:09.233 +06:00 [INF] Request starting HTTP/2 POST https://localhost:7024/hubs/chat/negotiate?userId=e1543e9f-a449-496f-9afc-c3ee6ae4b880&negotiateVersion=1 - null 0
2026-07-31 16:11:09.254 +06:00 [INF] CORS policy execution successful.
2026-07-31 16:11:09.258 +06:00 [INF] Executing endpoint 'hubs/chat/negotiate'
2026-07-31 16:11:09.285 +06:00 [INF] Executed endpoint 'hubs/chat/negotiate'
2026-07-31 16:11:09.289 +06:00 [INF] Request finished HTTP/2 POST https://localhost:7024/hubs/chat/negotiate?userId=e1543e9f-a449-496f-9afc-c3ee6ae4b880&negotiateVersion=1 - 200 316 application/json 55.8847ms
2026-07-31 16:11:09.315 +06:00 [INF] Request starting HTTP/2 CONNECT https://localhost:7024/hubs/chat?userId=e1543e9f-a449-496f-9afc-c3ee6ae4b880&id=mQeRcfyKEssxtKf4mr_Qhw - null null
2026-07-31 16:11:09.377 +06:00 [INF] CORS policy execution successful.
2026-07-31 16:11:09.380 +06:00 [INF] Executing endpoint 'hubs/chat'
2026-07-31 16:11:09.539 +06:00 [INF] Executing OkObjectResult, writing value of type 'System.Collections.Generic.List`1[[PrivateMessenger.Domain.Entities.Conversation, PrivateMessenger.Domain, Version=1.0.0.0, Culture=neutral, PublicKeyToken=null]]'.
2026-07-31 16:11:09.574 +06:00 [INF] Executed action PrivateMessenger.Presentation.Controllers.ConversationController.GetUserConversations (PrivateMessenger.Presentation) in 334.5641ms
2026-07-31 16:11:09.578 +06:00 [INF] Request starting HTTP/2 GET https://localhost:7024/api/conversations?userId=e1543e9f-a449-496f-9afc-c3ee6ae4b880 - null null
2026-07-31 16:11:09.594 +06:00 [INF] CORS policy execution successful.
2026-07-31 16:11:09.597 +06:00 [INF] Executing endpoint 'PrivateMessenger.Presentation.Controllers.ConversationController.GetUserConversations (PrivateMessenger.Presentation)'
2026-07-31 16:11:09.582 +06:00 [INF] Executed endpoint 'PrivateMessenger.Presentation.Controllers.ConversationController.GetUserConversations (PrivateMessenger.Presentation)'
2026-07-31 16:11:09.601 +06:00 [INF] Route matched with {action = "GetUserConversations", controller = "Conversation"}. Executing controller action with signature System.Threading.Tasks.Task`1[Microsoft.AspNetCore.Mvc.IActionResult] GetUserConversations(System.Guid) on controller PrivateMessenger.Presentation.Controllers.ConversationController (PrivateMessenger.Presentation).
2026-07-31 16:11:09.607 +06:00 [INF] Request finished HTTP/2 GET https://localhost:7024/api/conversations?userId=e1543e9f-a449-496f-9afc-c3ee6ae4b880 - 200 null application/json; charset=utf-8 559.5076ms
2026-07-31 16:11:09.699 +06:00 [INF] Executing OkObjectResult, writing value of type 'System.Collections.Generic.List`1[[PrivateMessenger.Domain.Entities.Conversation, PrivateMessenger.Domain, Version=1.0.0.0, Culture=neutral, PublicKeyToken=null]]'.
2026-07-31 16:11:09.879 +06:00 [INF] Executed action PrivateMessenger.Presentation.Controllers.ConversationController.GetUserConversations (PrivateMessenger.Presentation) in 262.9785ms
2026-07-31 16:11:09.883 +06:00 [INF] Executed endpoint 'PrivateMessenger.Presentation.Controllers.ConversationController.GetUserConversations (PrivateMessenger.Presentation)'
2026-07-31 16:11:09.889 +06:00 [INF] Request finished HTTP/2 GET https://localhost:7024/api/conversations?userId=e1543e9f-a449-496f-9afc-c3ee6ae4b880 - 200 null application/json; charset=utf-8 310.8706ms
2026-07-31 16:11:16.066 +06:00 [INF] Request starting HTTP/2 GET https://localhost:7024/api/conversations?userId=e93ed1b5-1e13-4d15-90ed-493665bbd15f - null null
2026-07-31 16:11:16.066 +06:00 [INF] Request starting HTTP/2 OPTIONS https://localhost:7024/hubs/chat/negotiate?userId=e93ed1b5-1e13-4d15-90ed-493665bbd15f&negotiateVersion=1 - null null
2026-07-31 16:11:16.075 +06:00 [INF] CORS policy execution successful.
2026-07-31 16:11:16.084 +06:00 [INF] CORS policy execution successful.
2026-07-31 16:11:16.087 +06:00 [INF] Executing endpoint 'PrivateMessenger.Presentation.Controllers.ConversationController.GetUserConversations (PrivateMessenger.Presentation)'
2026-07-31 16:11:16.097 +06:00 [INF] Route matched with {action = "GetUserConversations", controller = "Conversation"}. Executing controller action with signature System.Threading.Tasks.Task`1[Microsoft.AspNetCore.Mvc.IActionResult] GetUserConversations(System.Guid) on controller PrivateMessenger.Presentation.Controllers.ConversationController (PrivateMessenger.Presentation).
2026-07-31 16:11:16.091 +06:00 [INF] Request finished HTTP/2 OPTIONS https://localhost:7024/hubs/chat/negotiate?userId=e93ed1b5-1e13-4d15-90ed-493665bbd15f&negotiateVersion=1 - 204 null null 24.5832ms
2026-07-31 16:11:16.122 +06:00 [INF] Request starting HTTP/2 POST https://localhost:7024/hubs/chat/negotiate?userId=e93ed1b5-1e13-4d15-90ed-493665bbd15f&negotiateVersion=1 - null 0
2026-07-31 16:11:16.132 +06:00 [INF] CORS policy execution successful.
2026-07-31 16:11:16.135 +06:00 [INF] Executing endpoint 'hubs/chat/negotiate'
2026-07-31 16:11:16.139 +06:00 [INF] Executed endpoint 'hubs/chat/negotiate'
2026-07-31 16:11:16.146 +06:00 [INF] Request finished HTTP/2 POST https://localhost:7024/hubs/chat/negotiate?userId=e93ed1b5-1e13-4d15-90ed-493665bbd15f&negotiateVersion=1 - 200 316 application/json 24.0598ms
2026-07-31 16:11:16.200 +06:00 [INF] Request starting HTTP/2 CONNECT https://localhost:7024/hubs/chat?userId=e93ed1b5-1e13-4d15-90ed-493665bbd15f&id=zELepvnlPgPNlRweEM7_Og - null null
2026-07-31 16:11:16.225 +06:00 [INF] CORS policy execution successful.
2026-07-31 16:11:16.229 +06:00 [INF] Executing endpoint 'hubs/chat'
2026-07-31 16:11:16.285 +06:00 [INF] Executing OkObjectResult, writing value of type 'System.Collections.Generic.List`1[[PrivateMessenger.Domain.Entities.Conversation, PrivateMessenger.Domain, Version=1.0.0.0, Culture=neutral, PublicKeyToken=null]]'.
2026-07-31 16:11:16.321 +06:00 [INF] Executed action PrivateMessenger.Presentation.Controllers.ConversationController.GetUserConversations (PrivateMessenger.Presentation) in 214.7256ms
2026-07-31 16:11:16.326 +06:00 [INF] Request starting HTTP/2 GET https://localhost:7024/api/conversations?userId=e93ed1b5-1e13-4d15-90ed-493665bbd15f - null null
2026-07-31 16:11:16.341 +06:00 [INF] CORS policy execution successful.
2026-07-31 16:11:16.344 +06:00 [INF] Executing endpoint 'PrivateMessenger.Presentation.Controllers.ConversationController.GetUserConversations (PrivateMessenger.Presentation)'
2026-07-31 16:11:16.331 +06:00 [INF] Executed endpoint 'PrivateMessenger.Presentation.Controllers.ConversationController.GetUserConversations (PrivateMessenger.Presentation)'
2026-07-31 16:11:16.350 +06:00 [INF] Route matched with {action = "GetUserConversations", controller = "Conversation"}. Executing controller action with signature System.Threading.Tasks.Task`1[Microsoft.AspNetCore.Mvc.IActionResult] GetUserConversations(System.Guid) on controller PrivateMessenger.Presentation.Controllers.ConversationController (PrivateMessenger.Presentation).
2026-07-31 16:11:16.354 +06:00 [INF] Request finished HTTP/2 GET https://localhost:7024/api/conversations?userId=e93ed1b5-1e13-4d15-90ed-493665bbd15f - 200 null application/json; charset=utf-8 288.0081ms
2026-07-31 16:11:16.379 +06:00 [INF] Executing OkObjectResult, writing value of type 'System.Collections.Generic.List`1[[PrivateMessenger.Domain.Entities.Conversation, PrivateMessenger.Domain, Version=1.0.0.0, Culture=neutral, PublicKeyToken=null]]'.
2026-07-31 16:11:16.383 +06:00 [INF] Executed action PrivateMessenger.Presentation.Controllers.ConversationController.GetUserConversations (PrivateMessenger.Presentation) in 19.5333ms
2026-07-31 16:11:16.388 +06:00 [INF] Executed endpoint 'PrivateMessenger.Presentation.Controllers.ConversationController.GetUserConversations (PrivateMessenger.Presentation)'
2026-07-31 16:11:16.392 +06:00 [INF] Request finished HTTP/2 GET https://localhost:7024/api/conversations?userId=e93ed1b5-1e13-4d15-90ed-493665bbd15f - 200 null application/json; charset=utf-8 65.6198ms
2026-07-31 16:11:19.348 +06:00 [INF] Request starting HTTP/2 GET https://localhost:7024/api/users/search?query=rimoy&currentUserId=e93ed1b5-1e13-4d15-90ed-493665bbd15f - null null
2026-07-31 16:11:19.358 +06:00 [INF] CORS policy execution successful.
2026-07-31 16:11:19.360 +06:00 [INF] Executing endpoint 'PrivateMessenger.Presentation.Controllers.UserController.SearchUsers (PrivateMessenger.Presentation)'
2026-07-31 16:11:19.390 +06:00 [INF] Route matched with {action = "SearchUsers", controller = "User"}. Executing controller action with signature System.Threading.Tasks.Task`1[Microsoft.AspNetCore.Mvc.IActionResult] SearchUsers(System.String, System.Guid) on controller PrivateMessenger.Presentation.Controllers.UserController (PrivateMessenger.Presentation).
2026-07-31 16:11:19.434 +06:00 [INF] Executing OkObjectResult, writing value of type 'System.Collections.Generic.List`1[[PrivateMessenger.Domain.Entities.User, PrivateMessenger.Domain, Version=1.0.0.0, Culture=neutral, PublicKeyToken=null]]'.
2026-07-31 16:11:19.461 +06:00 [INF] Executed action PrivateMessenger.Presentation.Controllers.UserController.SearchUsers (PrivateMessenger.Presentation) in 64.8131ms
2026-07-31 16:11:19.473 +06:00 [INF] Executed endpoint 'PrivateMessenger.Presentation.Controllers.UserController.SearchUsers (PrivateMessenger.Presentation)'
2026-07-31 16:11:19.479 +06:00 [INF] Request finished HTTP/2 GET https://localhost:7024/api/users/search?query=rimoy&currentUserId=e93ed1b5-1e13-4d15-90ed-493665bbd15f - 200 null application/json; charset=utf-8 130.622ms
2026-07-31 16:11:20.558 +06:00 [INF] Request starting HTTP/2 OPTIONS https://localhost:7024/api/conversations/start - null null
2026-07-31 16:11:20.577 +06:00 [INF] CORS policy execution successful.
2026-07-31 16:11:20.582 +06:00 [INF] Request finished HTTP/2 OPTIONS https://localhost:7024/api/conversations/start - 204 null null 23.7185ms
2026-07-31 16:11:20.586 +06:00 [INF] Request starting HTTP/2 POST https://localhost:7024/api/conversations/start - application/json 110
2026-07-31 16:11:20.599 +06:00 [INF] CORS policy execution successful.
2026-07-31 16:11:20.602 +06:00 [INF] Executing endpoint 'PrivateMessenger.Presentation.Controllers.ConversationController.StartChat (PrivateMessenger.Presentation)'
2026-07-31 16:11:20.627 +06:00 [INF] Route matched with {action = "StartChat", controller = "Conversation"}. Executing controller action with signature System.Threading.Tasks.Task`1[Microsoft.AspNetCore.Mvc.IActionResult] StartChat(PrivateMessenger.Presentation.Controllers.StartChatRequest) on controller PrivateMessenger.Presentation.Controllers.ConversationController (PrivateMessenger.Presentation).
2026-07-31 16:11:20.745 +06:00 [INF] Executing OkObjectResult, writing value of type '<>f__AnonymousType1`1[[System.Guid, System.Private.CoreLib, Version=10.0.0.0, Culture=neutral, PublicKeyToken=7cec85d7bea7798e]]'.
2026-07-31 16:11:20.754 +06:00 [INF] Executed action PrivateMessenger.Presentation.Controllers.ConversationController.StartChat (PrivateMessenger.Presentation) in 120.1378ms
2026-07-31 16:11:20.761 +06:00 [INF] Executed endpoint 'PrivateMessenger.Presentation.Controllers.ConversationController.StartChat (PrivateMessenger.Presentation)'
2026-07-31 16:11:20.766 +06:00 [INF] Request finished HTTP/2 POST https://localhost:7024/api/conversations/start - 200 null application/json; charset=utf-8 179.9929ms
2026-07-31 16:11:20.845 +06:00 [INF] Request starting HTTP/2 GET https://localhost:7024/api/messages/54c7ee98-28b2-447a-9ae6-740fab9cd3b1 - null null
2026-07-31 16:11:20.920 +06:00 [INF] CORS policy execution successful.
2026-07-31 16:11:20.923 +06:00 [INF] Executing endpoint 'PrivateMessenger.Presentation.Controllers.MessageController.GetMessages (PrivateMessenger.Presentation)'
2026-07-31 16:11:20.977 +06:00 [INF] Route matched with {action = "GetMessages", controller = "Message"}. Executing controller action with signature System.Threading.Tasks.Task`1[Microsoft.AspNetCore.Mvc.IActionResult] GetMessages(System.Guid) on controller PrivateMessenger.Presentation.Controllers.MessageController (PrivateMessenger.Presentation).
2026-07-31 16:11:21.014 +06:00 [INF] Executing OkObjectResult, writing value of type 'System.Collections.Generic.List`1[[PrivateMessenger.Domain.Entities.Message, PrivateMessenger.Domain, Version=1.0.0.0, Culture=neutral, PublicKeyToken=null]]'.
2026-07-31 16:11:21.021 +06:00 [INF] Executed action PrivateMessenger.Presentation.Controllers.MessageController.GetMessages (PrivateMessenger.Presentation) in 37.2013ms
2026-07-31 16:11:21.026 +06:00 [INF] Request starting HTTP/2 GET https://localhost:7024/api/messages/54c7ee98-28b2-447a-9ae6-740fab9cd3b1 - null null
2026-07-31 16:11:21.028 +06:00 [INF] Executed endpoint 'PrivateMessenger.Presentation.Controllers.MessageController.GetMessages (PrivateMessenger.Presentation)'
2026-07-31 16:11:21.036 +06:00 [INF] CORS policy execution successful.
2026-07-31 16:11:21.039 +06:00 [INF] Request finished HTTP/2 GET https://localhost:7024/api/messages/54c7ee98-28b2-447a-9ae6-740fab9cd3b1 - 200 null application/json; charset=utf-8 194.1078ms
2026-07-31 16:11:21.042 +06:00 [INF] Executing endpoint 'PrivateMessenger.Presentation.Controllers.MessageController.GetMessages (PrivateMessenger.Presentation)'
2026-07-31 16:11:21.058 +06:00 [INF] Route matched with {action = "GetMessages", controller = "Message"}. Executing controller action with signature System.Threading.Tasks.Task`1[Microsoft.AspNetCore.Mvc.IActionResult] GetMessages(System.Guid) on controller PrivateMessenger.Presentation.Controllers.MessageController (PrivateMessenger.Presentation).
2026-07-31 16:11:21.071 +06:00 [INF] Executing OkObjectResult, writing value of type 'System.Collections.Generic.List`1[[PrivateMessenger.Domain.Entities.Message, PrivateMessenger.Domain, Version=1.0.0.0, Culture=neutral, PublicKeyToken=null]]'.
2026-07-31 16:11:21.077 +06:00 [INF] Executed action PrivateMessenger.Presentation.Controllers.MessageController.GetMessages (PrivateMessenger.Presentation) in 12.4759ms
2026-07-31 16:11:21.094 +06:00 [INF] Executed endpoint 'PrivateMessenger.Presentation.Controllers.MessageController.GetMessages (PrivateMessenger.Presentation)'
2026-07-31 16:11:21.100 +06:00 [INF] Request finished HTTP/2 GET https://localhost:7024/api/messages/54c7ee98-28b2-447a-9ae6-740fab9cd3b1 - 200 null application/json; charset=utf-8 74.6234ms
2026-07-31 16:11:27.097 +06:00 [INF] Request starting HTTP/2 OPTIONS https://localhost:7024/api/messages - null null
2026-07-31 16:11:27.110 +06:00 [INF] CORS policy execution successful.
2026-07-31 16:11:27.112 +06:00 [INF] Request finished HTTP/2 OPTIONS https://localhost:7024/api/messages - 204 null null 15.6318ms
2026-07-31 16:11:27.118 +06:00 [INF] Request starting HTTP/2 POST https://localhost:7024/api/messages - application/json 125
2026-07-31 16:11:27.128 +06:00 [INF] CORS policy execution successful.
2026-07-31 16:11:27.130 +06:00 [INF] Executing endpoint 'PrivateMessenger.Presentation.Controllers.MessageController.SendMessage (PrivateMessenger.Presentation)'
2026-07-31 16:11:27.160 +06:00 [INF] Route matched with {action = "SendMessage", controller = "Message"}. Executing controller action with signature System.Threading.Tasks.Task`1[Microsoft.AspNetCore.Mvc.IActionResult] SendMessage(PrivateMessenger.Presentation.Controllers.SendMessageRequest) on controller PrivateMessenger.Presentation.Controllers.MessageController (PrivateMessenger.Presentation).
2026-07-31 16:11:27.208 +06:00 [INF] Executing OkObjectResult, writing value of type 'PrivateMessenger.Domain.Entities.Message'.
2026-07-31 16:11:27.216 +06:00 [INF] Executed action PrivateMessenger.Presentation.Controllers.MessageController.SendMessage (PrivateMessenger.Presentation) in 48.0078ms
2026-07-31 16:11:27.221 +06:00 [INF] Executed endpoint 'PrivateMessenger.Presentation.Controllers.MessageController.SendMessage (PrivateMessenger.Presentation)'
2026-07-31 16:11:27.225 +06:00 [INF] Request finished HTTP/2 POST https://localhost:7024/api/messages - 200 null application/json; charset=utf-8 106.934ms
2026-07-31 16:11:30.003 +06:00 [INF] Executed endpoint 'hubs/chat'
2026-07-31 16:11:30.808 +06:00 [INF] Request finished HTTP/2 CONNECT https://localhost:7024/hubs/chat?userId=e1543e9f-a449-496f-9afc-c3ee6ae4b880&id=mQeRcfyKEssxtKf4mr_Qhw - 200 null null 21492.0671ms
2026-07-31 16:11:31.289 +06:00 [INF] Request starting HTTP/2 GET https://localhost:7024/api/conversations?userId=e1543e9f-a449-496f-9afc-c3ee6ae4b880 - null null
2026-07-31 16:11:31.293 +06:00 [INF] Request starting HTTP/2 OPTIONS https://localhost:7024/hubs/chat/negotiate?userId=e1543e9f-a449-496f-9afc-c3ee6ae4b880&negotiateVersion=1 - null null
2026-07-31 16:11:31.545 +06:00 [INF] CORS policy execution successful.
2026-07-31 16:11:31.552 +06:00 [INF] CORS policy execution successful.
2026-07-31 16:11:31.557 +06:00 [INF] Request finished HTTP/2 OPTIONS https://localhost:7024/hubs/chat/negotiate?userId=e1543e9f-a449-496f-9afc-c3ee6ae4b880&negotiateVersion=1 - 204 null null 264.596ms
2026-07-31 16:11:31.571 +06:00 [INF] Request starting HTTP/2 POST https://localhost:7024/hubs/chat/negotiate?userId=e1543e9f-a449-496f-9afc-c3ee6ae4b880&negotiateVersion=1 - null 0
2026-07-31 16:11:31.581 +06:00 [INF] CORS policy execution successful.
2026-07-31 16:11:31.583 +06:00 [INF] Executing endpoint 'hubs/chat/negotiate'
2026-07-31 16:11:31.586 +06:00 [INF] Executed endpoint 'hubs/chat/negotiate'
2026-07-31 16:11:31.554 +06:00 [INF] Executing endpoint 'PrivateMessenger.Presentation.Controllers.ConversationController.GetUserConversations (PrivateMessenger.Presentation)'
2026-07-31 16:11:31.589 +06:00 [INF] Request finished HTTP/2 POST https://localhost:7024/hubs/chat/negotiate?userId=e1543e9f-a449-496f-9afc-c3ee6ae4b880&negotiateVersion=1 - 200 316 application/json 18.4956ms
2026-07-31 16:11:31.595 +06:00 [INF] Route matched with {action = "GetUserConversations", controller = "Conversation"}. Executing controller action with signature System.Threading.Tasks.Task`1[Microsoft.AspNetCore.Mvc.IActionResult] GetUserConversations(System.Guid) on controller PrivateMessenger.Presentation.Controllers.ConversationController (PrivateMessenger.Presentation).
2026-07-31 16:11:31.605 +06:00 [INF] Request starting HTTP/2 CONNECT https://localhost:7024/hubs/chat?userId=e1543e9f-a449-496f-9afc-c3ee6ae4b880&id=X5QwFTyaSv4tAccaArIErA - null null
2026-07-31 16:11:31.620 +06:00 [INF] CORS policy execution successful.
2026-07-31 16:11:31.624 +06:00 [INF] Executing endpoint 'hubs/chat'
2026-07-31 16:11:31.753 +06:00 [INF] Executing OkObjectResult, writing value of type 'System.Collections.Generic.List`1[[PrivateMessenger.Domain.Entities.Conversation, PrivateMessenger.Domain, Version=1.0.0.0, Culture=neutral, PublicKeyToken=null]]'.
2026-07-31 16:11:31.875 +06:00 [INF] Executed action PrivateMessenger.Presentation.Controllers.ConversationController.GetUserConversations (PrivateMessenger.Presentation) in 261.6223ms
2026-07-31 16:11:31.881 +06:00 [INF] Request starting HTTP/2 GET https://localhost:7024/api/conversations?userId=e1543e9f-a449-496f-9afc-c3ee6ae4b880 - null null
2026-07-31 16:11:31.888 +06:00 [INF] Executed endpoint 'PrivateMessenger.Presentation.Controllers.ConversationController.GetUserConversations (PrivateMessenger.Presentation)'
2026-07-31 16:11:31.900 +06:00 [INF] Request finished HTTP/2 GET https://localhost:7024/api/conversations?userId=e1543e9f-a449-496f-9afc-c3ee6ae4b880 - 200 null application/json; charset=utf-8 614.3158ms
2026-07-31 16:11:31.912 +06:00 [INF] CORS policy execution successful.
2026-07-31 16:11:31.955 +06:00 [INF] Executing endpoint 'PrivateMessenger.Presentation.Controllers.ConversationController.GetUserConversations (PrivateMessenger.Presentation)'
2026-07-31 16:11:32.070 +06:00 [INF] Route matched with {action = "GetUserConversations", controller = "Conversation"}. Executing controller action with signature System.Threading.Tasks.Task`1[Microsoft.AspNetCore.Mvc.IActionResult] GetUserConversations(System.Guid) on controller PrivateMessenger.Presentation.Controllers.ConversationController (PrivateMessenger.Presentation).
2026-07-31 16:11:32.224 +06:00 [INF] Executing OkObjectResult, writing value of type 'System.Collections.Generic.List`1[[PrivateMessenger.Domain.Entities.Conversation, PrivateMessenger.Domain, Version=1.0.0.0, Culture=neutral, PublicKeyToken=null]]'.
2026-07-31 16:11:32.229 +06:00 [INF] Executed action PrivateMessenger.Presentation.Controllers.ConversationController.GetUserConversations (PrivateMessenger.Presentation) in 72.1327ms
2026-07-31 16:11:32.379 +06:00 [INF] Executed endpoint 'PrivateMessenger.Presentation.Controllers.ConversationController.GetUserConversations (PrivateMessenger.Presentation)'
2026-07-31 16:11:32.403 +06:00 [INF] Request finished HTTP/2 GET https://localhost:7024/api/conversations?userId=e1543e9f-a449-496f-9afc-c3ee6ae4b880 - 200 null application/json; charset=utf-8 522.1045ms
2026-07-31 16:11:33.198 +06:00 [INF] Request starting HTTP/2 GET https://localhost:7024/api/messages/54c7ee98-28b2-447a-9ae6-740fab9cd3b1 - null null
2026-07-31 16:11:33.295 +06:00 [INF] CORS policy execution successful.
2026-07-31 16:11:33.298 +06:00 [INF] Executing endpoint 'PrivateMessenger.Presentation.Controllers.MessageController.GetMessages (PrivateMessenger.Presentation)'
2026-07-31 16:11:33.305 +06:00 [INF] Route matched with {action = "GetMessages", controller = "Message"}. Executing controller action with signature System.Threading.Tasks.Task`1[Microsoft.AspNetCore.Mvc.IActionResult] GetMessages(System.Guid) on controller PrivateMessenger.Presentation.Controllers.MessageController (PrivateMessenger.Presentation).
2026-07-31 16:11:33.356 +06:00 [INF] Executing OkObjectResult, writing value of type 'System.Collections.Generic.List`1[[PrivateMessenger.Domain.Entities.Message, PrivateMessenger.Domain, Version=1.0.0.0, Culture=neutral, PublicKeyToken=null]]'.
2026-07-31 16:11:33.363 +06:00 [INF] Executed action PrivateMessenger.Presentation.Controllers.MessageController.GetMessages (PrivateMessenger.Presentation) in 50.5137ms
2026-07-31 16:11:33.376 +06:00 [INF] Request starting HTTP/2 GET https://localhost:7024/api/messages/54c7ee98-28b2-447a-9ae6-740fab9cd3b1 - null null
2026-07-31 16:11:33.393 +06:00 [INF] CORS policy execution successful.
2026-07-31 16:11:33.384 +06:00 [INF] Executed endpoint 'PrivateMessenger.Presentation.Controllers.MessageController.GetMessages (PrivateMessenger.Presentation)'
2026-07-31 16:11:33.396 +06:00 [INF] Executing endpoint 'PrivateMessenger.Presentation.Controllers.MessageController.GetMessages (PrivateMessenger.Presentation)'
2026-07-31 16:11:33.414 +06:00 [INF] Route matched with {action = "GetMessages", controller = "Message"}. Executing controller action with signature System.Threading.Tasks.Task`1[Microsoft.AspNetCore.Mvc.IActionResult] GetMessages(System.Guid) on controller PrivateMessenger.Presentation.Controllers.MessageController (PrivateMessenger.Presentation).
2026-07-31 16:11:33.399 +06:00 [INF] Request finished HTTP/2 GET https://localhost:7024/api/messages/54c7ee98-28b2-447a-9ae6-740fab9cd3b1 - 200 null application/json; charset=utf-8 201.7183ms
2026-07-31 16:11:33.447 +06:00 [INF] Executing OkObjectResult, writing value of type 'System.Collections.Generic.List`1[[PrivateMessenger.Domain.Entities.Message, PrivateMessenger.Domain, Version=1.0.0.0, Culture=neutral, PublicKeyToken=null]]'.
2026-07-31 16:11:33.455 +06:00 [INF] Executed action PrivateMessenger.Presentation.Controllers.MessageController.GetMessages (PrivateMessenger.Presentation) in 23.8799ms
2026-07-31 16:11:33.458 +06:00 [INF] Executed endpoint 'PrivateMessenger.Presentation.Controllers.MessageController.GetMessages (PrivateMessenger.Presentation)'
2026-07-31 16:11:33.462 +06:00 [INF] Request finished HTTP/2 GET https://localhost:7024/api/messages/54c7ee98-28b2-447a-9ae6-740fab9cd3b1 - 200 null application/json; charset=utf-8 86.4302ms
2026-07-31 16:11:35.935 +06:00 [INF] Request starting HTTP/2 OPTIONS https://localhost:7024/api/messages - null null
2026-07-31 16:11:35.951 +06:00 [INF] CORS policy execution successful.
2026-07-31 16:11:35.953 +06:00 [INF] Request finished HTTP/2 OPTIONS https://localhost:7024/api/messages - 204 null null 17.7453ms
2026-07-31 16:11:35.966 +06:00 [INF] Request starting HTTP/2 POST https://localhost:7024/api/messages - application/json 122
2026-07-31 16:11:35.996 +06:00 [INF] CORS policy execution successful.
2026-07-31 16:11:36.000 +06:00 [INF] Executing endpoint 'PrivateMessenger.Presentation.Controllers.MessageController.SendMessage (PrivateMessenger.Presentation)'
2026-07-31 16:11:36.020 +06:00 [INF] Route matched with {action = "SendMessage", controller = "Message"}. Executing controller action with signature System.Threading.Tasks.Task`1[Microsoft.AspNetCore.Mvc.IActionResult] SendMessage(PrivateMessenger.Presentation.Controllers.SendMessageRequest) on controller PrivateMessenger.Presentation.Controllers.MessageController (PrivateMessenger.Presentation).
2026-07-31 16:11:36.062 +06:00 [INF] Executing OkObjectResult, writing value of type 'PrivateMessenger.Domain.Entities.Message'.
2026-07-31 16:11:36.097 +06:00 [INF] Executed action PrivateMessenger.Presentation.Controllers.MessageController.SendMessage (PrivateMessenger.Presentation) in 68.9896ms
2026-07-31 16:11:36.106 +06:00 [INF] Executed endpoint 'PrivateMessenger.Presentation.Controllers.MessageController.SendMessage (PrivateMessenger.Presentation)'
2026-07-31 16:11:36.111 +06:00 [INF] Request finished HTTP/2 POST https://localhost:7024/api/messages - 200 null application/json; charset=utf-8 145.2115ms
2026-07-31 16:11:42.694 +06:00 [INF] Request starting HTTP/2 OPTIONS https://localhost:7024/api/messages - null null
2026-07-31 16:11:42.707 +06:00 [INF] CORS policy execution successful.
2026-07-31 16:11:42.709 +06:00 [INF] Request finished HTTP/2 OPTIONS https://localhost:7024/api/messages - 204 null null 15.7464ms
2026-07-31 16:11:42.713 +06:00 [INF] Request starting HTTP/2 POST https://localhost:7024/api/messages - application/json 130
2026-07-31 16:11:42.726 +06:00 [INF] CORS policy execution successful.
2026-07-31 16:11:42.728 +06:00 [INF] Executing endpoint 'PrivateMessenger.Presentation.Controllers.MessageController.SendMessage (PrivateMessenger.Presentation)'
2026-07-31 16:11:42.731 +06:00 [INF] Route matched with {action = "SendMessage", controller = "Message"}. Executing controller action with signature System.Threading.Tasks.Task`1[Microsoft.AspNetCore.Mvc.IActionResult] SendMessage(PrivateMessenger.Presentation.Controllers.SendMessageRequest) on controller PrivateMessenger.Presentation.Controllers.MessageController (PrivateMessenger.Presentation).
2026-07-31 16:11:42.758 +06:00 [INF] Executing OkObjectResult, writing value of type 'PrivateMessenger.Domain.Entities.Message'.
2026-07-31 16:11:42.840 +06:00 [INF] Executed action PrivateMessenger.Presentation.Controllers.MessageController.SendMessage (PrivateMessenger.Presentation) in 102.3951ms
2026-07-31 16:11:42.852 +06:00 [INF] Executed endpoint 'PrivateMessenger.Presentation.Controllers.MessageController.SendMessage (PrivateMessenger.Presentation)'
2026-07-31 16:11:42.862 +06:00 [INF] Request finished HTTP/2 POST https://localhost:7024/api/messages - 200 null application/json; charset=utf-8 149.3968ms
2026-07-31 16:17:43.180 +06:00 [INF] Executed endpoint 'hubs/chat'
2026-07-31 16:17:43.183 +06:00 [INF] Request finished HTTP/2 CONNECT https://localhost:7024/hubs/chat?userId=e93ed1b5-1e13-4d15-90ed-493665bbd15f&id=zELepvnlPgPNlRweEM7_Og - 200 null null 386982.6808ms
2026-07-31 16:17:43.196 +06:00 [INF] Connection id "0HNNETG3DFQFK", Request id "0HNNETG3DFQFK:00000003": the application completed without reading the entire request body.
2026-07-31 16:48:34.608 +06:00 [INF] Now listening on: https://localhost:7024
2026-07-31 16:48:34.722 +06:00 [INF] Now listening on: http://localhost:5041
2026-07-31 16:48:34.960 +06:00 [INF] Application started. Press Ctrl+C to shut down.
2026-07-31 16:48:34.974 +06:00 [INF] Hosting environment: Development
2026-07-31 16:48:34.976 +06:00 [INF] Content root path: D:\Projects\2026\private-messenger\backend\PrivateMessenger.Presentation
2026-07-31 16:49:01.428 +06:00 [INF] Request starting HTTP/2 GET https://localhost:7024/api/conversations?userId=e93ed1b5-1e13-4d15-90ed-493665bbd15f - null null
2026-07-31 16:49:01.427 +06:00 [INF] Request starting HTTP/2 OPTIONS https://localhost:7024/hubs/chat/negotiate?userId=e93ed1b5-1e13-4d15-90ed-493665bbd15f&negotiateVersion=1 - null null
2026-07-31 16:49:01.605 +06:00 [INF] CORS policy execution successful.
2026-07-31 16:49:01.604 +06:00 [INF] CORS policy execution successful.
2026-07-31 16:49:01.622 +06:00 [INF] Request finished HTTP/2 OPTIONS https://localhost:7024/hubs/chat/negotiate?userId=e93ed1b5-1e13-4d15-90ed-493665bbd15f&negotiateVersion=1 - 204 null null 205.2009ms
2026-07-31 16:49:01.629 +06:00 [INF] Executing endpoint 'PrivateMessenger.Presentation.Controllers.ConversationController.GetUserConversations (PrivateMessenger.Presentation)'
2026-07-31 16:49:01.663 +06:00 [INF] Request starting HTTP/2 POST https://localhost:7024/hubs/chat/negotiate?userId=e93ed1b5-1e13-4d15-90ed-493665bbd15f&negotiateVersion=1 - null 0
2026-07-31 16:49:01.684 +06:00 [INF] CORS policy execution successful.
2026-07-31 16:49:01.687 +06:00 [INF] Executing endpoint 'hubs/chat/negotiate'
2026-07-31 16:49:01.733 +06:00 [INF] Executed endpoint 'hubs/chat/negotiate'
2026-07-31 16:49:01.737 +06:00 [INF] Request finished HTTP/2 POST https://localhost:7024/hubs/chat/negotiate?userId=e93ed1b5-1e13-4d15-90ed-493665bbd15f&negotiateVersion=1 - 200 316 application/json 73.5402ms
2026-07-31 16:49:01.736 +06:00 [INF] Route matched with {action = "GetUserConversations", controller = "Conversation"}. Executing controller action with signature System.Threading.Tasks.Task`1[Microsoft.AspNetCore.Mvc.IActionResult] GetUserConversations(System.Guid) on controller PrivateMessenger.Presentation.Controllers.ConversationController (PrivateMessenger.Presentation).
2026-07-31 16:49:01.752 +06:00 [INF] Request starting HTTP/2 CONNECT https://localhost:7024/hubs/chat?userId=e93ed1b5-1e13-4d15-90ed-493665bbd15f&id=6vZvpw7lSw2XpaXZS1ukUQ - null null
2026-07-31 16:49:01.763 +06:00 [INF] CORS policy execution successful.
2026-07-31 16:49:01.766 +06:00 [INF] Executing endpoint 'hubs/chat'
2026-07-31 16:49:01.831 +06:00 [WRN] You do not have a valid license key for the Lucky Penny software MediatR. This is allowed for development and testing scenarios. If you are running in production you are required to have a licensed version. Please visit https://luckypennysoftware.com to obtain a valid license.
2026-07-31 16:49:03.880 +06:00 [INF] Request starting HTTP/2 OPTIONS https://localhost:7024/hubs/chat/negotiate?userId=e1543e9f-a449-496f-9afc-c3ee6ae4b880&negotiateVersion=1 - null null
2026-07-31 16:49:03.880 +06:00 [INF] Request starting HTTP/2 GET https://localhost:7024/api/conversations?userId=e1543e9f-a449-496f-9afc-c3ee6ae4b880 - null null
2026-07-31 16:49:03.931 +06:00 [INF] CORS policy execution successful.
2026-07-31 16:49:03.943 +06:00 [INF] Request finished HTTP/2 OPTIONS https://localhost:7024/hubs/chat/negotiate?userId=e1543e9f-a449-496f-9afc-c3ee6ae4b880&negotiateVersion=1 - 204 null null 63.5727ms
2026-07-31 16:49:03.944 +06:00 [INF] CORS policy execution successful.
2026-07-31 16:49:03.964 +06:00 [INF] Executing endpoint 'PrivateMessenger.Presentation.Controllers.ConversationController.GetUserConversations (PrivateMessenger.Presentation)'
2026-07-31 16:49:03.976 +06:00 [INF] Route matched with {action = "GetUserConversations", controller = "Conversation"}. Executing controller action with signature System.Threading.Tasks.Task`1[Microsoft.AspNetCore.Mvc.IActionResult] GetUserConversations(System.Guid) on controller PrivateMessenger.Presentation.Controllers.ConversationController (PrivateMessenger.Presentation).
2026-07-31 16:49:03.984 +06:00 [INF] Request starting HTTP/2 POST https://localhost:7024/hubs/chat/negotiate?userId=e1543e9f-a449-496f-9afc-c3ee6ae4b880&negotiateVersion=1 - null 0
2026-07-31 16:49:03.998 +06:00 [INF] CORS policy execution successful.
2026-07-31 16:49:04.004 +06:00 [INF] Executing endpoint 'hubs/chat/negotiate'
2026-07-31 16:49:04.008 +06:00 [INF] Executed endpoint 'hubs/chat/negotiate'
2026-07-31 16:49:04.011 +06:00 [INF] Request finished HTTP/2 POST https://localhost:7024/hubs/chat/negotiate?userId=e1543e9f-a449-496f-9afc-c3ee6ae4b880&negotiateVersion=1 - 200 316 application/json 26.5427ms
2026-07-31 16:49:04.028 +06:00 [INF] Request starting HTTP/2 CONNECT https://localhost:7024/hubs/chat?userId=e1543e9f-a449-496f-9afc-c3ee6ae4b880&id=dn00XLFe1TK2GkAZ9mYqmw - null null
2026-07-31 16:49:04.042 +06:00 [INF] CORS policy execution successful.
2026-07-31 16:49:04.049 +06:00 [INF] Executing endpoint 'hubs/chat'
2026-07-31 16:49:06.834 +06:00 [INF] Executing OkObjectResult, writing value of type 'System.Collections.Generic.List`1[[PrivateMessenger.Domain.Entities.Conversation, PrivateMessenger.Domain, Version=1.0.0.0, Culture=neutral, PublicKeyToken=null]]'.
2026-07-31 16:49:06.834 +06:00 [INF] Executing OkObjectResult, writing value of type 'System.Collections.Generic.List`1[[PrivateMessenger.Domain.Entities.Conversation, PrivateMessenger.Domain, Version=1.0.0.0, Culture=neutral, PublicKeyToken=null]]'.
2026-07-31 16:49:06.895 +06:00 [INF] Request starting HTTP/2 GET https://localhost:7024/api/conversations?userId=e1543e9f-a449-496f-9afc-c3ee6ae4b880 - null null
2026-07-31 16:49:06.896 +06:00 [INF] Request starting HTTP/2 GET https://localhost:7024/api/conversations?userId=e93ed1b5-1e13-4d15-90ed-493665bbd15f - null null
2026-07-31 16:49:06.905 +06:00 [INF] CORS policy execution successful.
2026-07-31 16:49:06.907 +06:00 [INF] Executed action PrivateMessenger.Presentation.Controllers.ConversationController.GetUserConversations (PrivateMessenger.Presentation) in 5137.8411ms
2026-07-31 16:49:06.907 +06:00 [INF] Executed action PrivateMessenger.Presentation.Controllers.ConversationController.GetUserConversations (PrivateMessenger.Presentation) in 2905.3218ms
2026-07-31 16:49:06.912 +06:00 [INF] CORS policy execution successful.
2026-07-31 16:49:06.916 +06:00 [INF] Executing endpoint 'PrivateMessenger.Presentation.Controllers.ConversationController.GetUserConversations (PrivateMessenger.Presentation)'
2026-07-31 16:49:06.926 +06:00 [INF] Executed endpoint 'PrivateMessenger.Presentation.Controllers.ConversationController.GetUserConversations (PrivateMessenger.Presentation)'
2026-07-31 16:49:06.929 +06:00 [INF] Executed endpoint 'PrivateMessenger.Presentation.Controllers.ConversationController.GetUserConversations (PrivateMessenger.Presentation)'
2026-07-31 16:49:06.935 +06:00 [INF] Executing endpoint 'PrivateMessenger.Presentation.Controllers.ConversationController.GetUserConversations (PrivateMessenger.Presentation)'
2026-07-31 16:49:06.939 +06:00 [INF] Route matched with {action = "GetUserConversations", controller = "Conversation"}. Executing controller action with signature System.Threading.Tasks.Task`1[Microsoft.AspNetCore.Mvc.IActionResult] GetUserConversations(System.Guid) on controller PrivateMessenger.Presentation.Controllers.ConversationController (PrivateMessenger.Presentation).
2026-07-31 16:49:06.956 +06:00 [INF] Request finished HTTP/2 GET https://localhost:7024/api/conversations?userId=e1543e9f-a449-496f-9afc-c3ee6ae4b880 - 200 null application/json; charset=utf-8 3076.8336ms
2026-07-31 16:49:06.956 +06:00 [INF] Request finished HTTP/2 GET https://localhost:7024/api/conversations?userId=e93ed1b5-1e13-4d15-90ed-493665bbd15f - 200 null application/json; charset=utf-8 5541.1297ms
2026-07-31 16:49:06.957 +06:00 [INF] Route matched with {action = "GetUserConversations", controller = "Conversation"}. Executing controller action with signature System.Threading.Tasks.Task`1[Microsoft.AspNetCore.Mvc.IActionResult] GetUserConversations(System.Guid) on controller PrivateMessenger.Presentation.Controllers.ConversationController (PrivateMessenger.Presentation).
2026-07-31 16:49:07.086 +06:00 [INF] Executing OkObjectResult, writing value of type 'System.Collections.Generic.List`1[[PrivateMessenger.Domain.Entities.Conversation, PrivateMessenger.Domain, Version=1.0.0.0, Culture=neutral, PublicKeyToken=null]]'.
2026-07-31 16:49:07.086 +06:00 [INF] Executing OkObjectResult, writing value of type 'System.Collections.Generic.List`1[[PrivateMessenger.Domain.Entities.Conversation, PrivateMessenger.Domain, Version=1.0.0.0, Culture=neutral, PublicKeyToken=null]]'.
2026-07-31 16:49:07.102 +06:00 [INF] Executed action PrivateMessenger.Presentation.Controllers.ConversationController.GetUserConversations (PrivateMessenger.Presentation) in 78.2887ms
2026-07-31 16:49:07.095 +06:00 [INF] Executed action PrivateMessenger.Presentation.Controllers.ConversationController.GetUserConversations (PrivateMessenger.Presentation) in 109.5731ms
2026-07-31 16:49:07.112 +06:00 [INF] Executed endpoint 'PrivateMessenger.Presentation.Controllers.ConversationController.GetUserConversations (PrivateMessenger.Presentation)'
2026-07-31 16:49:07.118 +06:00 [INF] Executed endpoint 'PrivateMessenger.Presentation.Controllers.ConversationController.GetUserConversations (PrivateMessenger.Presentation)'
2026-07-31 16:49:07.126 +06:00 [INF] Request finished HTTP/2 GET https://localhost:7024/api/conversations?userId=e93ed1b5-1e13-4d15-90ed-493665bbd15f - 200 null application/json; charset=utf-8 230.092ms
2026-07-31 16:49:07.132 +06:00 [INF] Request finished HTTP/2 GET https://localhost:7024/api/conversations?userId=e1543e9f-a449-496f-9afc-c3ee6ae4b880 - 200 null application/json; charset=utf-8 236.5798ms
2026-07-31 16:49:19.777 +06:00 [INF] Request starting HTTP/2 OPTIONS https://localhost:7024/api/auth/login - null null
2026-07-31 16:49:19.785 +06:00 [INF] CORS policy execution successful.
2026-07-31 16:49:19.788 +06:00 [INF] Request finished HTTP/2 OPTIONS https://localhost:7024/api/auth/login - 204 null null 10.9971ms
2026-07-31 16:49:19.792 +06:00 [INF] Request starting HTTP/2 POST https://localhost:7024/api/auth/login - application/json 20
2026-07-31 16:49:19.806 +06:00 [INF] CORS policy execution successful.
2026-07-31 16:49:19.809 +06:00 [INF] Executing endpoint 'AuthController.Login (PrivateMessenger.Presentation)'
2026-07-31 16:49:19.836 +06:00 [INF] Route matched with {action = "Login", controller = "Auth"}. Executing controller action with signature System.Threading.Tasks.Task`1[Microsoft.AspNetCore.Mvc.IActionResult] Login(PrivateMessenger.Application.DTOs.LoginRequest) on controller AuthController (PrivateMessenger.Presentation).
2026-07-31 16:49:20.190 +06:00 [INF] Executing OkObjectResult, writing value of type '<>f__AnonymousType0`2[[System.Guid, System.Private.CoreLib, Version=10.0.0.0, Culture=neutral, PublicKeyToken=7cec85d7bea7798e],[System.String, System.Private.CoreLib, Version=10.0.0.0, Culture=neutral, PublicKeyToken=7cec85d7bea7798e]]'.
2026-07-31 16:49:20.203 +06:00 [INF] Executed action AuthController.Login (PrivateMessenger.Presentation) in 361.5982ms
2026-07-31 16:49:20.207 +06:00 [INF] Executed endpoint 'AuthController.Login (PrivateMessenger.Presentation)'
2026-07-31 16:49:20.210 +06:00 [INF] Request finished HTTP/2 POST https://localhost:7024/api/auth/login - 200 null application/json; charset=utf-8 418.2492ms
2026-07-31 16:49:20.235 +06:00 [INF] Request starting HTTP/2 GET https://localhost:7024/api/conversations?userId=34176aa4-9092-4985-b411-e63d3e7c1ba8 - null null
2026-07-31 16:49:20.243 +06:00 [INF] CORS policy execution successful.
2026-07-31 16:49:20.245 +06:00 [INF] Executing endpoint 'PrivateMessenger.Presentation.Controllers.ConversationController.GetUserConversations (PrivateMessenger.Presentation)'
2026-07-31 16:49:20.253 +06:00 [INF] Route matched with {action = "GetUserConversations", controller = "Conversation"}. Executing controller action with signature System.Threading.Tasks.Task`1[Microsoft.AspNetCore.Mvc.IActionResult] GetUserConversations(System.Guid) on controller PrivateMessenger.Presentation.Controllers.ConversationController (PrivateMessenger.Presentation).
2026-07-31 16:49:20.297 +06:00 [INF] Executing OkObjectResult, writing value of type 'System.Collections.Generic.List`1[[PrivateMessenger.Domain.Entities.Conversation, PrivateMessenger.Domain, Version=1.0.0.0, Culture=neutral, PublicKeyToken=null]]'.
2026-07-31 16:49:20.302 +06:00 [INF] Executed action PrivateMessenger.Presentation.Controllers.ConversationController.GetUserConversations (PrivateMessenger.Presentation) in 41.8143ms
2026-07-31 16:49:20.306 +06:00 [INF] Request starting HTTP/2 GET https://localhost:7024/api/conversations?userId=34176aa4-9092-4985-b411-e63d3e7c1ba8 - null null
2026-07-31 16:49:20.308 +06:00 [INF] Executed endpoint 'PrivateMessenger.Presentation.Controllers.ConversationController.GetUserConversations (PrivateMessenger.Presentation)'
2026-07-31 16:49:20.320 +06:00 [INF] CORS policy execution successful.
2026-07-31 16:49:20.330 +06:00 [INF] Executing endpoint 'PrivateMessenger.Presentation.Controllers.ConversationController.GetUserConversations (PrivateMessenger.Presentation)'
2026-07-31 16:49:20.324 +06:00 [INF] Request finished HTTP/2 GET https://localhost:7024/api/conversations?userId=34176aa4-9092-4985-b411-e63d3e7c1ba8 - 200 null application/json; charset=utf-8 89.4092ms
2026-07-31 16:49:20.340 +06:00 [INF] Route matched with {action = "GetUserConversations", controller = "Conversation"}. Executing controller action with signature System.Threading.Tasks.Task`1[Microsoft.AspNetCore.Mvc.IActionResult] GetUserConversations(System.Guid) on controller PrivateMessenger.Presentation.Controllers.ConversationController (PrivateMessenger.Presentation).
2026-07-31 16:49:20.397 +06:00 [INF] Executing OkObjectResult, writing value of type 'System.Collections.Generic.List`1[[PrivateMessenger.Domain.Entities.Conversation, PrivateMessenger.Domain, Version=1.0.0.0, Culture=neutral, PublicKeyToken=null]]'.
2026-07-31 16:49:20.403 +06:00 [INF] Executed action PrivateMessenger.Presentation.Controllers.ConversationController.GetUserConversations (PrivateMessenger.Presentation) in 45.7914ms
2026-07-31 16:49:20.412 +06:00 [INF] Executed endpoint 'PrivateMessenger.Presentation.Controllers.ConversationController.GetUserConversations (PrivateMessenger.Presentation)'
2026-07-31 16:49:20.418 +06:00 [INF] Request finished HTTP/2 GET https://localhost:7024/api/conversations?userId=34176aa4-9092-4985-b411-e63d3e7c1ba8 - 200 null application/json; charset=utf-8 111.6519ms
2026-07-31 16:49:24.203 +06:00 [INF] Request starting HTTP/2 GET https://localhost:7024/api/users/search?query=rimoy&currentUserId=34176aa4-9092-4985-b411-e63d3e7c1ba8 - null null
2026-07-31 16:49:24.211 +06:00 [INF] CORS policy execution successful.
2026-07-31 16:49:24.214 +06:00 [INF] Executing endpoint 'PrivateMessenger.Presentation.Controllers.UserController.SearchUsers (PrivateMessenger.Presentation)'
2026-07-31 16:49:24.242 +06:00 [INF] Route matched with {action = "SearchUsers", controller = "User"}. Executing controller action with signature System.Threading.Tasks.Task`1[Microsoft.AspNetCore.Mvc.IActionResult] SearchUsers(System.String, System.Guid) on controller PrivateMessenger.Presentation.Controllers.UserController (PrivateMessenger.Presentation).
2026-07-31 16:49:24.301 +06:00 [INF] Executing OkObjectResult, writing value of type 'System.Collections.Generic.List`1[[PrivateMessenger.Domain.Entities.User, PrivateMessenger.Domain, Version=1.0.0.0, Culture=neutral, PublicKeyToken=null]]'.
2026-07-31 16:49:24.320 +06:00 [INF] Executed action PrivateMessenger.Presentation.Controllers.UserController.SearchUsers (PrivateMessenger.Presentation) in 67.5751ms
2026-07-31 16:49:24.330 +06:00 [INF] Executed endpoint 'PrivateMessenger.Presentation.Controllers.UserController.SearchUsers (PrivateMessenger.Presentation)'
2026-07-31 16:49:24.336 +06:00 [INF] Request finished HTTP/2 GET https://localhost:7024/api/users/search?query=rimoy&currentUserId=34176aa4-9092-4985-b411-e63d3e7c1ba8 - 200 null application/json; charset=utf-8 132.9189ms
2026-07-31 16:49:25.382 +06:00 [INF] Request starting HTTP/2 OPTIONS https://localhost:7024/api/conversations/start - null null
2026-07-31 16:49:25.390 +06:00 [INF] CORS policy execution successful.
2026-07-31 16:49:25.395 +06:00 [INF] Request finished HTTP/2 OPTIONS https://localhost:7024/api/conversations/start - 204 null null 12.4951ms
2026-07-31 16:49:25.399 +06:00 [INF] Request starting HTTP/2 POST https://localhost:7024/api/conversations/start - application/json 110
2026-07-31 16:49:25.412 +06:00 [INF] CORS policy execution successful.
2026-07-31 16:49:25.419 +06:00 [INF] Executing endpoint 'PrivateMessenger.Presentation.Controllers.ConversationController.StartChat (PrivateMessenger.Presentation)'
2026-07-31 16:49:25.441 +06:00 [INF] Route matched with {action = "StartChat", controller = "Conversation"}. Executing controller action with signature System.Threading.Tasks.Task`1[Microsoft.AspNetCore.Mvc.IActionResult] StartChat(PrivateMessenger.Presentation.Controllers.StartChatRequest) on controller PrivateMessenger.Presentation.Controllers.ConversationController (PrivateMessenger.Presentation).
2026-07-31 16:49:25.537 +06:00 [INF] Executing OkObjectResult, writing value of type '<>f__AnonymousType1`1[[System.Guid, System.Private.CoreLib, Version=10.0.0.0, Culture=neutral, PublicKeyToken=7cec85d7bea7798e]]'.
2026-07-31 16:49:25.545 +06:00 [INF] Executed action PrivateMessenger.Presentation.Controllers.ConversationController.StartChat (PrivateMessenger.Presentation) in 93.6082ms
2026-07-31 16:49:25.550 +06:00 [INF] Executed endpoint 'PrivateMessenger.Presentation.Controllers.ConversationController.StartChat (PrivateMessenger.Presentation)'
2026-07-31 16:49:25.554 +06:00 [INF] Request finished HTTP/2 POST https://localhost:7024/api/conversations/start - 200 null application/json; charset=utf-8 155.5291ms
2026-07-31 16:49:25.598 +06:00 [INF] Request starting HTTP/2 GET https://localhost:7024/api/messages/50af126f-1e01-448b-a520-474562e6c969 - null null
2026-07-31 16:49:25.610 +06:00 [INF] CORS policy execution successful.
2026-07-31 16:49:25.612 +06:00 [INF] Executing endpoint 'PrivateMessenger.Presentation.Controllers.MessageController.GetMessages (PrivateMessenger.Presentation)'
2026-07-31 16:49:25.644 +06:00 [INF] Route matched with {action = "GetMessages", controller = "Message"}. Executing controller action with signature System.Threading.Tasks.Task`1[Microsoft.AspNetCore.Mvc.IActionResult] GetMessages(System.Guid) on controller PrivateMessenger.Presentation.Controllers.MessageController (PrivateMessenger.Presentation).
2026-07-31 16:49:25.687 +06:00 [INF] Executing OkObjectResult, writing value of type 'System.Collections.Generic.List`1[[PrivateMessenger.Domain.Entities.Message, PrivateMessenger.Domain, Version=1.0.0.0, Culture=neutral, PublicKeyToken=null]]'.
2026-07-31 16:49:25.696 +06:00 [INF] Executed action PrivateMessenger.Presentation.Controllers.MessageController.GetMessages (PrivateMessenger.Presentation) in 38.3197ms
2026-07-31 16:49:25.699 +06:00 [INF] Request starting HTTP/2 GET https://localhost:7024/api/messages/50af126f-1e01-448b-a520-474562e6c969 - null null
2026-07-31 16:49:25.704 +06:00 [INF] Executed endpoint 'PrivateMessenger.Presentation.Controllers.MessageController.GetMessages (PrivateMessenger.Presentation)'
2026-07-31 16:49:25.714 +06:00 [INF] CORS policy execution successful.
2026-07-31 16:49:25.726 +06:00 [INF] Executing endpoint 'PrivateMessenger.Presentation.Controllers.MessageController.GetMessages (PrivateMessenger.Presentation)'
2026-07-31 16:49:25.722 +06:00 [INF] Request finished HTTP/2 GET https://localhost:7024/api/messages/50af126f-1e01-448b-a520-474562e6c969 - 200 null application/json; charset=utf-8 123.7231ms
2026-07-31 16:49:25.736 +06:00 [INF] Route matched with {action = "GetMessages", controller = "Message"}. Executing controller action with signature System.Threading.Tasks.Task`1[Microsoft.AspNetCore.Mvc.IActionResult] GetMessages(System.Guid) on controller PrivateMessenger.Presentation.Controllers.MessageController (PrivateMessenger.Presentation).
2026-07-31 16:49:25.772 +06:00 [INF] Executing OkObjectResult, writing value of type 'System.Collections.Generic.List`1[[PrivateMessenger.Domain.Entities.Message, PrivateMessenger.Domain, Version=1.0.0.0, Culture=neutral, PublicKeyToken=null]]'.
2026-07-31 16:49:25.779 +06:00 [INF] Executed action PrivateMessenger.Presentation.Controllers.MessageController.GetMessages (PrivateMessenger.Presentation) in 21.7574ms
2026-07-31 16:49:25.784 +06:00 [INF] Executed endpoint 'PrivateMessenger.Presentation.Controllers.MessageController.GetMessages (PrivateMessenger.Presentation)'
2026-07-31 16:49:25.789 +06:00 [INF] Request finished HTTP/2 GET https://localhost:7024/api/messages/50af126f-1e01-448b-a520-474562e6c969 - 200 null application/json; charset=utf-8 89.938ms
2026-07-31 16:49:33.634 +06:00 [INF] Request starting HTTP/2 OPTIONS https://localhost:7024/api/messages - null null
2026-07-31 16:49:33.644 +06:00 [INF] CORS policy execution successful.
2026-07-31 16:49:33.647 +06:00 [INF] Request finished HTTP/2 OPTIONS https://localhost:7024/api/messages - 204 null null 13.1647ms
2026-07-31 16:49:33.650 +06:00 [INF] Request starting HTTP/2 POST https://localhost:7024/api/messages - application/json 131
2026-07-31 16:49:33.666 +06:00 [INF] CORS policy execution successful.
2026-07-31 16:49:33.668 +06:00 [INF] Executing endpoint 'PrivateMessenger.Presentation.Controllers.MessageController.SendMessage (PrivateMessenger.Presentation)'
2026-07-31 16:49:33.689 +06:00 [INF] Route matched with {action = "SendMessage", controller = "Message"}. Executing controller action with signature System.Threading.Tasks.Task`1[Microsoft.AspNetCore.Mvc.IActionResult] SendMessage(PrivateMessenger.Presentation.Controllers.SendMessageRequest) on controller PrivateMessenger.Presentation.Controllers.MessageController (PrivateMessenger.Presentation).
2026-07-31 16:49:33.758 +06:00 [INF] Executing OkObjectResult, writing value of type 'PrivateMessenger.Domain.Entities.Message'.
2026-07-31 16:49:33.765 +06:00 [INF] Executed action PrivateMessenger.Presentation.Controllers.MessageController.SendMessage (PrivateMessenger.Presentation) in 68.5723ms
2026-07-31 16:49:33.776 +06:00 [INF] Executed endpoint 'PrivateMessenger.Presentation.Controllers.MessageController.SendMessage (PrivateMessenger.Presentation)'
2026-07-31 16:49:33.781 +06:00 [INF] Request finished HTTP/2 POST https://localhost:7024/api/messages - 200 null application/json; charset=utf-8 130.5532ms
2026-07-31 16:49:42.571 +06:00 [INF] Executed endpoint 'hubs/chat'
2026-07-31 16:49:42.667 +06:00 [INF] Request finished HTTP/2 CONNECT https://localhost:7024/hubs/chat?userId=e1543e9f-a449-496f-9afc-c3ee6ae4b880&id=dn00XLFe1TK2GkAZ9mYqmw - 200 null null 38637.856ms
2026-07-31 16:49:43.094 +06:00 [INF] Request starting HTTP/2 GET https://localhost:7024/api/conversations?userId=e1543e9f-a449-496f-9afc-c3ee6ae4b880 - null null
2026-07-31 16:49:43.125 +06:00 [INF] Request starting HTTP/2 OPTIONS https://localhost:7024/hubs/chat/negotiate?userId=e1543e9f-a449-496f-9afc-c3ee6ae4b880&negotiateVersion=1 - null null
2026-07-31 16:49:43.141 +06:00 [INF] CORS policy execution successful.
2026-07-31 16:49:43.159 +06:00 [INF] Executing endpoint 'PrivateMessenger.Presentation.Controllers.ConversationController.GetUserConversations (PrivateMessenger.Presentation)'
2026-07-31 16:49:43.154 +06:00 [INF] CORS policy execution successful.
2026-07-31 16:49:43.176 +06:00 [INF] Route matched with {action = "GetUserConversations", controller = "Conversation"}. Executing controller action with signature System.Threading.Tasks.Task`1[Microsoft.AspNetCore.Mvc.IActionResult] GetUserConversations(System.Guid) on controller PrivateMessenger.Presentation.Controllers.ConversationController (PrivateMessenger.Presentation).
2026-07-31 16:49:43.185 +06:00 [INF] Request finished HTTP/2 OPTIONS https://localhost:7024/hubs/chat/negotiate?userId=e1543e9f-a449-496f-9afc-c3ee6ae4b880&negotiateVersion=1 - 204 null null 59.5225ms
2026-07-31 16:49:43.190 +06:00 [INF] Request starting HTTP/2 POST https://localhost:7024/hubs/chat/negotiate?userId=e1543e9f-a449-496f-9afc-c3ee6ae4b880&negotiateVersion=1 - null 0
2026-07-31 16:49:43.219 +06:00 [INF] CORS policy execution successful.
2026-07-31 16:49:43.222 +06:00 [INF] Executing endpoint 'hubs/chat/negotiate'
2026-07-31 16:49:43.229 +06:00 [INF] Executed endpoint 'hubs/chat/negotiate'
2026-07-31 16:49:43.233 +06:00 [INF] Request finished HTTP/2 POST https://localhost:7024/hubs/chat/negotiate?userId=e1543e9f-a449-496f-9afc-c3ee6ae4b880&negotiateVersion=1 - 200 316 application/json 42.903ms
2026-07-31 16:49:43.247 +06:00 [INF] Request starting HTTP/2 CONNECT https://localhost:7024/hubs/chat?userId=e1543e9f-a449-496f-9afc-c3ee6ae4b880&id=R2F9qleUT5930SS4cXqULA - null null
2026-07-31 16:49:43.261 +06:00 [INF] CORS policy execution successful.
2026-07-31 16:49:43.263 +06:00 [INF] Executing endpoint 'hubs/chat'
2026-07-31 16:49:48.974 +06:00 [INF] Executed endpoint 'hubs/chat'
2026-07-31 16:49:49.013 +06:00 [INF] Request finished HTTP/2 CONNECT https://localhost:7024/hubs/chat?userId=e93ed1b5-1e13-4d15-90ed-493665bbd15f&id=6vZvpw7lSw2XpaXZS1ukUQ - 200 null null 47260.7304ms
2026-07-31 16:49:49.584 +06:00 [INF] Request starting HTTP/2 GET https://localhost:7024/api/conversations?userId=34176aa4-9092-4985-b411-e63d3e7c1ba8 - null null
2026-07-31 16:49:49.592 +06:00 [INF] Request starting HTTP/2 OPTIONS https://localhost:7024/hubs/chat/negotiate?userId=34176aa4-9092-4985-b411-e63d3e7c1ba8&negotiateVersion=1 - null null
2026-07-31 16:49:49.648 +06:00 [INF] CORS policy execution successful.
2026-07-31 16:49:49.651 +06:00 [INF] Request finished HTTP/2 OPTIONS https://localhost:7024/hubs/chat/negotiate?userId=34176aa4-9092-4985-b411-e63d3e7c1ba8&negotiateVersion=1 - 204 null null 59.0402ms
2026-07-31 16:49:49.638 +06:00 [INF] CORS policy execution successful.
2026-07-31 16:49:49.661 +06:00 [INF] Request starting HTTP/2 POST https://localhost:7024/hubs/chat/negotiate?userId=34176aa4-9092-4985-b411-e63d3e7c1ba8&negotiateVersion=1 - null 0
2026-07-31 16:49:49.687 +06:00 [INF] CORS policy execution successful.
2026-07-31 16:49:49.675 +06:00 [INF] Executing endpoint 'PrivateMessenger.Presentation.Controllers.ConversationController.GetUserConversations (PrivateMessenger.Presentation)'
2026-07-31 16:49:49.690 +06:00 [INF] Executing endpoint 'hubs/chat/negotiate'
2026-07-31 16:49:49.701 +06:00 [INF] Route matched with {action = "GetUserConversations", controller = "Conversation"}. Executing controller action with signature System.Threading.Tasks.Task`1[Microsoft.AspNetCore.Mvc.IActionResult] GetUserConversations(System.Guid) on controller PrivateMessenger.Presentation.Controllers.ConversationController (PrivateMessenger.Presentation).
2026-07-31 16:49:49.705 +06:00 [INF] Executed endpoint 'hubs/chat/negotiate'
2026-07-31 16:49:49.721 +06:00 [INF] Request finished HTTP/2 POST https://localhost:7024/hubs/chat/negotiate?userId=34176aa4-9092-4985-b411-e63d3e7c1ba8&negotiateVersion=1 - 200 316 application/json 60.1915ms
2026-07-31 16:49:49.729 +06:00 [INF] Request starting HTTP/2 CONNECT https://localhost:7024/hubs/chat?userId=34176aa4-9092-4985-b411-e63d3e7c1ba8&id=-baNOGAX74j9TUIWChXBdA - null null
2026-07-31 16:49:49.750 +06:00 [INF] CORS policy execution successful.
2026-07-31 16:49:49.753 +06:00 [INF] Executing endpoint 'hubs/chat'
2026-07-31 16:49:51.276 +06:00 [INF] Executing OkObjectResult, writing value of type 'System.Collections.Generic.List`1[[PrivateMessenger.Domain.Entities.Conversation, PrivateMessenger.Domain, Version=1.0.0.0, Culture=neutral, PublicKeyToken=null]]'.
2026-07-31 16:49:51.282 +06:00 [INF] Executed action PrivateMessenger.Presentation.Controllers.ConversationController.GetUserConversations (PrivateMessenger.Presentation) in 8083.9491ms
2026-07-31 16:49:51.288 +06:00 [INF] Executed endpoint 'PrivateMessenger.Presentation.Controllers.ConversationController.GetUserConversations (PrivateMessenger.Presentation)'
2026-07-31 16:49:51.288 +06:00 [INF] Request starting HTTP/2 GET https://localhost:7024/api/conversations?userId=e1543e9f-a449-496f-9afc-c3ee6ae4b880 - null null
2026-07-31 16:49:51.309 +06:00 [INF] CORS policy execution successful.
2026-07-31 16:49:51.312 +06:00 [INF] Executing endpoint 'PrivateMessenger.Presentation.Controllers.ConversationController.GetUserConversations (PrivateMessenger.Presentation)'
2026-07-31 16:49:51.293 +06:00 [INF] Request finished HTTP/2 GET https://localhost:7024/api/conversations?userId=e1543e9f-a449-496f-9afc-c3ee6ae4b880 - 200 null application/json; charset=utf-8 8199.4356ms
2026-07-31 16:49:51.300 +06:00 [INF] Executing OkObjectResult, writing value of type 'System.Collections.Generic.List`1[[PrivateMessenger.Domain.Entities.Conversation, PrivateMessenger.Domain, Version=1.0.0.0, Culture=neutral, PublicKeyToken=null]]'.
2026-07-31 16:49:51.322 +06:00 [INF] Route matched with {action = "GetUserConversations", controller = "Conversation"}. Executing controller action with signature System.Threading.Tasks.Task`1[Microsoft.AspNetCore.Mvc.IActionResult] GetUserConversations(System.Guid) on controller PrivateMessenger.Presentation.Controllers.ConversationController (PrivateMessenger.Presentation).
2026-07-31 16:49:51.341 +06:00 [INF] Executed action PrivateMessenger.Presentation.Controllers.ConversationController.GetUserConversations (PrivateMessenger.Presentation) in 1623.7614ms
2026-07-31 16:49:51.344 +06:00 [INF] Request starting HTTP/2 GET https://localhost:7024/api/conversations?userId=34176aa4-9092-4985-b411-e63d3e7c1ba8 - null null
2026-07-31 16:49:51.358 +06:00 [INF] Executed endpoint 'PrivateMessenger.Presentation.Controllers.ConversationController.GetUserConversations (PrivateMessenger.Presentation)'
2026-07-31 16:49:51.375 +06:00 [INF] Request finished HTTP/2 GET https://localhost:7024/api/conversations?userId=34176aa4-9092-4985-b411-e63d3e7c1ba8 - 200 null application/json; charset=utf-8 1791.0475ms
2026-07-31 16:49:51.370 +06:00 [INF] CORS policy execution successful.
2026-07-31 16:49:51.360 +06:00 [INF] Executing OkObjectResult, writing value of type 'System.Collections.Generic.List`1[[PrivateMessenger.Domain.Entities.Conversation, PrivateMessenger.Domain, Version=1.0.0.0, Culture=neutral, PublicKeyToken=null]]'.
2026-07-31 16:49:51.396 +06:00 [INF] Executing endpoint 'PrivateMessenger.Presentation.Controllers.ConversationController.GetUserConversations (PrivateMessenger.Presentation)'
2026-07-31 16:49:51.401 +06:00 [INF] Executed action PrivateMessenger.Presentation.Controllers.ConversationController.GetUserConversations (PrivateMessenger.Presentation) in 49.0316ms
2026-07-31 16:49:51.409 +06:00 [INF] Route matched with {action = "GetUserConversations", controller = "Conversation"}. Executing controller action with signature System.Threading.Tasks.Task`1[Microsoft.AspNetCore.Mvc.IActionResult] GetUserConversations(System.Guid) on controller PrivateMessenger.Presentation.Controllers.ConversationController (PrivateMessenger.Presentation).
2026-07-31 16:49:51.419 +06:00 [INF] Executed endpoint 'PrivateMessenger.Presentation.Controllers.ConversationController.GetUserConversations (PrivateMessenger.Presentation)'
2026-07-31 16:49:51.433 +06:00 [INF] Request finished HTTP/2 GET https://localhost:7024/api/conversations?userId=e1543e9f-a449-496f-9afc-c3ee6ae4b880 - 200 null application/json; charset=utf-8 145.2882ms
2026-07-31 16:49:51.436 +06:00 [INF] Executing OkObjectResult, writing value of type 'System.Collections.Generic.List`1[[PrivateMessenger.Domain.Entities.Conversation, PrivateMessenger.Domain, Version=1.0.0.0, Culture=neutral, PublicKeyToken=null]]'.
2026-07-31 16:49:51.452 +06:00 [INF] Executed action PrivateMessenger.Presentation.Controllers.ConversationController.GetUserConversations (PrivateMessenger.Presentation) in 23.4228ms
2026-07-31 16:49:51.461 +06:00 [INF] Executed endpoint 'PrivateMessenger.Presentation.Controllers.ConversationController.GetUserConversations (PrivateMessenger.Presentation)'
2026-07-31 16:49:51.465 +06:00 [INF] Request finished HTTP/2 GET https://localhost:7024/api/conversations?userId=34176aa4-9092-4985-b411-e63d3e7c1ba8 - 200 null application/json; charset=utf-8 120.9004ms
2026-07-31 16:49:55.550 +06:00 [INF] Request starting HTTP/2 GET https://localhost:7024/api/messages/50af126f-1e01-448b-a520-474562e6c969 - null null
2026-07-31 16:49:55.563 +06:00 [INF] CORS policy execution successful.
2026-07-31 16:49:55.566 +06:00 [INF] Executing endpoint 'PrivateMessenger.Presentation.Controllers.MessageController.GetMessages (PrivateMessenger.Presentation)'
2026-07-31 16:49:55.570 +06:00 [INF] Route matched with {action = "GetMessages", controller = "Message"}. Executing controller action with signature System.Threading.Tasks.Task`1[Microsoft.AspNetCore.Mvc.IActionResult] GetMessages(System.Guid) on controller PrivateMessenger.Presentation.Controllers.MessageController (PrivateMessenger.Presentation).
2026-07-31 16:49:55.599 +06:00 [INF] Executing OkObjectResult, writing value of type 'System.Collections.Generic.List`1[[PrivateMessenger.Domain.Entities.Message, PrivateMessenger.Domain, Version=1.0.0.0, Culture=neutral, PublicKeyToken=null]]'.
2026-07-31 16:49:55.604 +06:00 [INF] Executed action PrivateMessenger.Presentation.Controllers.MessageController.GetMessages (PrivateMessenger.Presentation) in 19.9706ms
2026-07-31 16:49:55.607 +06:00 [INF] Request starting HTTP/2 GET https://localhost:7024/api/messages/50af126f-1e01-448b-a520-474562e6c969 - null null
2026-07-31 16:49:55.612 +06:00 [INF] Executed endpoint 'PrivateMessenger.Presentation.Controllers.MessageController.GetMessages (PrivateMessenger.Presentation)'
2026-07-31 16:49:55.620 +06:00 [INF] CORS policy execution successful.
2026-07-31 16:49:55.628 +06:00 [INF] Request finished HTTP/2 GET https://localhost:7024/api/messages/50af126f-1e01-448b-a520-474562e6c969 - 200 null application/json; charset=utf-8 77.322ms
2026-07-31 16:49:55.631 +06:00 [INF] Executing endpoint 'PrivateMessenger.Presentation.Controllers.MessageController.GetMessages (PrivateMessenger.Presentation)'
2026-07-31 16:49:55.651 +06:00 [INF] Route matched with {action = "GetMessages", controller = "Message"}. Executing controller action with signature System.Threading.Tasks.Task`1[Microsoft.AspNetCore.Mvc.IActionResult] GetMessages(System.Guid) on controller PrivateMessenger.Presentation.Controllers.MessageController (PrivateMessenger.Presentation).
2026-07-31 16:49:55.663 +06:00 [INF] Executing OkObjectResult, writing value of type 'System.Collections.Generic.List`1[[PrivateMessenger.Domain.Entities.Message, PrivateMessenger.Domain, Version=1.0.0.0, Culture=neutral, PublicKeyToken=null]]'.
2026-07-31 16:49:55.668 +06:00 [INF] Executed action PrivateMessenger.Presentation.Controllers.MessageController.GetMessages (PrivateMessenger.Presentation) in 7.5914ms
2026-07-31 16:49:55.677 +06:00 [INF] Executed endpoint 'PrivateMessenger.Presentation.Controllers.MessageController.GetMessages (PrivateMessenger.Presentation)'
2026-07-31 16:49:55.682 +06:00 [INF] Request finished HTTP/2 GET https://localhost:7024/api/messages/50af126f-1e01-448b-a520-474562e6c969 - 200 null application/json; charset=utf-8 75.2103ms
2026-07-31 16:49:56.720 +06:00 [INF] Request starting HTTP/2 GET https://localhost:7024/api/messages/54c7ee98-28b2-447a-9ae6-740fab9cd3b1 - null null
2026-07-31 16:49:56.755 +06:00 [INF] CORS policy execution successful.
2026-07-31 16:49:56.757 +06:00 [INF] Executing endpoint 'PrivateMessenger.Presentation.Controllers.MessageController.GetMessages (PrivateMessenger.Presentation)'
2026-07-31 16:49:56.767 +06:00 [INF] Route matched with {action = "GetMessages", controller = "Message"}. Executing controller action with signature System.Threading.Tasks.Task`1[Microsoft.AspNetCore.Mvc.IActionResult] GetMessages(System.Guid) on controller PrivateMessenger.Presentation.Controllers.MessageController (PrivateMessenger.Presentation).
2026-07-31 16:49:56.780 +06:00 [INF] Executing OkObjectResult, writing value of type 'System.Collections.Generic.List`1[[PrivateMessenger.Domain.Entities.Message, PrivateMessenger.Domain, Version=1.0.0.0, Culture=neutral, PublicKeyToken=null]]'.
2026-07-31 16:49:56.785 +06:00 [INF] Executed action PrivateMessenger.Presentation.Controllers.MessageController.GetMessages (PrivateMessenger.Presentation) in 10.8971ms
2026-07-31 16:49:56.789 +06:00 [INF] Request starting HTTP/2 GET https://localhost:7024/api/messages/54c7ee98-28b2-447a-9ae6-740fab9cd3b1 - null null
2026-07-31 16:49:56.798 +06:00 [INF] Executed endpoint 'PrivateMessenger.Presentation.Controllers.MessageController.GetMessages (PrivateMessenger.Presentation)'
2026-07-31 16:49:56.806 +06:00 [INF] CORS policy execution successful.
2026-07-31 16:49:56.821 +06:00 [INF] Request finished HTTP/2 GET https://localhost:7024/api/messages/54c7ee98-28b2-447a-9ae6-740fab9cd3b1 - 200 null application/json; charset=utf-8 100.4515ms
2026-07-31 16:49:56.827 +06:00 [INF] Executing endpoint 'PrivateMessenger.Presentation.Controllers.MessageController.GetMessages (PrivateMessenger.Presentation)'
2026-07-31 16:49:56.839 +06:00 [INF] Route matched with {action = "GetMessages", controller = "Message"}. Executing controller action with signature System.Threading.Tasks.Task`1[Microsoft.AspNetCore.Mvc.IActionResult] GetMessages(System.Guid) on controller PrivateMessenger.Presentation.Controllers.MessageController (PrivateMessenger.Presentation).
2026-07-31 16:49:56.856 +06:00 [INF] Executing OkObjectResult, writing value of type 'System.Collections.Generic.List`1[[PrivateMessenger.Domain.Entities.Message, PrivateMessenger.Domain, Version=1.0.0.0, Culture=neutral, PublicKeyToken=null]]'.
2026-07-31 16:49:56.866 +06:00 [INF] Executed action PrivateMessenger.Presentation.Controllers.MessageController.GetMessages (PrivateMessenger.Presentation) in 13.526ms
2026-07-31 16:49:56.878 +06:00 [INF] Executed endpoint 'PrivateMessenger.Presentation.Controllers.MessageController.GetMessages (PrivateMessenger.Presentation)'
2026-07-31 16:49:56.884 +06:00 [INF] Request finished HTTP/2 GET https://localhost:7024/api/messages/54c7ee98-28b2-447a-9ae6-740fab9cd3b1 - 200 null application/json; charset=utf-8 95.0783ms
2026-07-31 16:50:00.941 +06:00 [INF] Request starting HTTP/2 OPTIONS https://localhost:7024/api/messages - null null
2026-07-31 16:50:00.953 +06:00 [INF] CORS policy execution successful.
2026-07-31 16:50:00.956 +06:00 [INF] Request finished HTTP/2 OPTIONS https://localhost:7024/api/messages - 204 null null 14.6663ms
2026-07-31 16:50:00.959 +06:00 [INF] Request starting HTTP/2 POST https://localhost:7024/api/messages - application/json 125
2026-07-31 16:50:00.974 +06:00 [INF] CORS policy execution successful.
2026-07-31 16:50:00.977 +06:00 [INF] Executing endpoint 'PrivateMessenger.Presentation.Controllers.MessageController.SendMessage (PrivateMessenger.Presentation)'
2026-07-31 16:50:00.981 +06:00 [INF] Route matched with {action = "SendMessage", controller = "Message"}. Executing controller action with signature System.Threading.Tasks.Task`1[Microsoft.AspNetCore.Mvc.IActionResult] SendMessage(PrivateMessenger.Presentation.Controllers.SendMessageRequest) on controller PrivateMessenger.Presentation.Controllers.MessageController (PrivateMessenger.Presentation).
2026-07-31 16:50:01.012 +06:00 [INF] Executing OkObjectResult, writing value of type 'PrivateMessenger.Domain.Entities.Message'.
2026-07-31 16:50:01.018 +06:00 [INF] Executed action PrivateMessenger.Presentation.Controllers.MessageController.SendMessage (PrivateMessenger.Presentation) in 26.4568ms
2026-07-31 16:50:01.018 +06:00 [INF] Request starting HTTP/2 GET https://localhost:7024/api/conversations?userId=34176aa4-9092-4985-b411-e63d3e7c1ba8 - null null
2026-07-31 16:50:01.023 +06:00 [INF] Executed endpoint 'PrivateMessenger.Presentation.Controllers.MessageController.SendMessage (PrivateMessenger.Presentation)'
2026-07-31 16:50:01.034 +06:00 [INF] CORS policy execution successful.
2026-07-31 16:50:01.043 +06:00 [INF] Executing endpoint 'PrivateMessenger.Presentation.Controllers.ConversationController.GetUserConversations (PrivateMessenger.Presentation)'
2026-07-31 16:50:01.039 +06:00 [INF] Request finished HTTP/2 POST https://localhost:7024/api/messages - 200 null application/json; charset=utf-8 80.392ms
2026-07-31 16:50:01.054 +06:00 [INF] Route matched with {action = "GetUserConversations", controller = "Conversation"}. Executing controller action with signature System.Threading.Tasks.Task`1[Microsoft.AspNetCore.Mvc.IActionResult] GetUserConversations(System.Guid) on controller PrivateMessenger.Presentation.Controllers.ConversationController (PrivateMessenger.Presentation).
2026-07-31 16:50:01.103 +06:00 [INF] Executing OkObjectResult, writing value of type 'System.Collections.Generic.List`1[[PrivateMessenger.Domain.Entities.Conversation, PrivateMessenger.Domain, Version=1.0.0.0, Culture=neutral, PublicKeyToken=null]]'.
2026-07-31 16:50:01.108 +06:00 [INF] Executed action PrivateMessenger.Presentation.Controllers.ConversationController.GetUserConversations (PrivateMessenger.Presentation) in 34.942ms
2026-07-31 16:50:01.114 +06:00 [INF] Executed endpoint 'PrivateMessenger.Presentation.Controllers.ConversationController.GetUserConversations (PrivateMessenger.Presentation)'
2026-07-31 16:50:01.118 +06:00 [INF] Request finished HTTP/2 GET https://localhost:7024/api/conversations?userId=34176aa4-9092-4985-b411-e63d3e7c1ba8 - 200 null application/json; charset=utf-8 99.6814ms
2026-07-31 16:50:07.049 +06:00 [INF] Request starting HTTP/2 GET https://localhost:7024/api/messages/50af126f-1e01-448b-a520-474562e6c969 - null null
2026-07-31 16:50:07.062 +06:00 [INF] CORS policy execution successful.
2026-07-31 16:50:07.064 +06:00 [INF] Executing endpoint 'PrivateMessenger.Presentation.Controllers.MessageController.GetMessages (PrivateMessenger.Presentation)'
2026-07-31 16:50:07.075 +06:00 [INF] Route matched with {action = "GetMessages", controller = "Message"}. Executing controller action with signature System.Threading.Tasks.Task`1[Microsoft.AspNetCore.Mvc.IActionResult] GetMessages(System.Guid) on controller PrivateMessenger.Presentation.Controllers.MessageController (PrivateMessenger.Presentation).
2026-07-31 16:50:07.092 +06:00 [INF] Executing OkObjectResult, writing value of type 'System.Collections.Generic.List`1[[PrivateMessenger.Domain.Entities.Message, PrivateMessenger.Domain, Version=1.0.0.0, Culture=neutral, PublicKeyToken=null]]'.
2026-07-31 16:50:07.101 +06:00 [INF] Executed action PrivateMessenger.Presentation.Controllers.MessageController.GetMessages (PrivateMessenger.Presentation) in 12.1923ms
2026-07-31 16:50:07.108 +06:00 [INF] Executed endpoint 'PrivateMessenger.Presentation.Controllers.MessageController.GetMessages (PrivateMessenger.Presentation)'
2026-07-31 16:50:07.116 +06:00 [INF] Request finished HTTP/2 GET https://localhost:7024/api/messages/50af126f-1e01-448b-a520-474562e6c969 - 200 null application/json; charset=utf-8 66.6203ms
2026-07-31 16:50:10.822 +06:00 [INF] Request starting HTTP/2 OPTIONS https://localhost:7024/api/messages - null null
2026-07-31 16:50:10.832 +06:00 [INF] CORS policy execution successful.
2026-07-31 16:50:10.837 +06:00 [INF] Request finished HTTP/2 OPTIONS https://localhost:7024/api/messages - 204 null null 15.4229ms
2026-07-31 16:50:10.840 +06:00 [INF] Request starting HTTP/2 POST https://localhost:7024/api/messages - application/json 128
2026-07-31 16:50:10.855 +06:00 [INF] CORS policy execution successful.
2026-07-31 16:50:10.858 +06:00 [INF] Executing endpoint 'PrivateMessenger.Presentation.Controllers.MessageController.SendMessage (PrivateMessenger.Presentation)'
2026-07-31 16:50:10.863 +06:00 [INF] Route matched with {action = "SendMessage", controller = "Message"}. Executing controller action with signature System.Threading.Tasks.Task`1[Microsoft.AspNetCore.Mvc.IActionResult] SendMessage(PrivateMessenger.Presentation.Controllers.SendMessageRequest) on controller PrivateMessenger.Presentation.Controllers.MessageController (PrivateMessenger.Presentation).
2026-07-31 16:50:10.878 +06:00 [INF] Executing OkObjectResult, writing value of type 'PrivateMessenger.Domain.Entities.Message'.
2026-07-31 16:50:10.886 +06:00 [INF] Executed action PrivateMessenger.Presentation.Controllers.MessageController.SendMessage (PrivateMessenger.Presentation) in 12.4265ms
2026-07-31 16:50:10.899 +06:00 [INF] Executed endpoint 'PrivateMessenger.Presentation.Controllers.MessageController.SendMessage (PrivateMessenger.Presentation)'
2026-07-31 16:50:10.910 +06:00 [INF] Request finished HTTP/2 POST https://localhost:7024/api/messages - 200 null application/json; charset=utf-8 70.7778ms
2026-07-31 16:50:10.903 +06:00 [INF] Request starting HTTP/2 GET https://localhost:7024/api/conversations?userId=e1543e9f-a449-496f-9afc-c3ee6ae4b880 - null null
2026-07-31 16:50:10.934 +06:00 [INF] CORS policy execution successful.
2026-07-31 16:50:10.936 +06:00 [INF] Executing endpoint 'PrivateMessenger.Presentation.Controllers.ConversationController.GetUserConversations (PrivateMessenger.Presentation)'
2026-07-31 16:50:10.941 +06:00 [INF] Route matched with {action = "GetUserConversations", controller = "Conversation"}. Executing controller action with signature System.Threading.Tasks.Task`1[Microsoft.AspNetCore.Mvc.IActionResult] GetUserConversations(System.Guid) on controller PrivateMessenger.Presentation.Controllers.ConversationController (PrivateMessenger.Presentation).
2026-07-31 16:50:10.961 +06:00 [INF] Executing OkObjectResult, writing value of type 'System.Collections.Generic.List`1[[PrivateMessenger.Domain.Entities.Conversation, PrivateMessenger.Domain, Version=1.0.0.0, Culture=neutral, PublicKeyToken=null]]'.
2026-07-31 16:50:10.969 +06:00 [INF] Executed action PrivateMessenger.Presentation.Controllers.ConversationController.GetUserConversations (PrivateMessenger.Presentation) in 13.7338ms
2026-07-31 16:50:10.983 +06:00 [INF] Executed endpoint 'PrivateMessenger.Presentation.Controllers.ConversationController.GetUserConversations (PrivateMessenger.Presentation)'
2026-07-31 16:50:10.988 +06:00 [INF] Request finished HTTP/2 GET https://localhost:7024/api/conversations?userId=e1543e9f-a449-496f-9afc-c3ee6ae4b880 - 200 null application/json; charset=utf-8 84.6778ms
2026-07-31 16:50:23.413 +06:00 [INF] Request starting HTTP/2 OPTIONS https://localhost:7024/api/auth/login - null null
2026-07-31 16:50:23.420 +06:00 [INF] CORS policy execution successful.
2026-07-31 16:50:23.424 +06:00 [INF] Request finished HTTP/2 OPTIONS https://localhost:7024/api/auth/login - 204 null null 10.542ms
2026-07-31 16:50:23.426 +06:00 [INF] Request starting HTTP/2 POST https://localhost:7024/api/auth/login - application/json 20
2026-07-31 16:50:23.439 +06:00 [INF] CORS policy execution successful.
2026-07-31 16:50:23.441 +06:00 [INF] Executing endpoint 'AuthController.Login (PrivateMessenger.Presentation)'
2026-07-31 16:50:23.447 +06:00 [INF] Route matched with {action = "Login", controller = "Auth"}. Executing controller action with signature System.Threading.Tasks.Task`1[Microsoft.AspNetCore.Mvc.IActionResult] Login(PrivateMessenger.Application.DTOs.LoginRequest) on controller AuthController (PrivateMessenger.Presentation).
2026-07-31 16:50:23.464 +06:00 [INF] Executing OkObjectResult, writing value of type '<>f__AnonymousType0`2[[System.Guid, System.Private.CoreLib, Version=10.0.0.0, Culture=neutral, PublicKeyToken=7cec85d7bea7798e],[System.String, System.Private.CoreLib, Version=10.0.0.0, Culture=neutral, PublicKeyToken=7cec85d7bea7798e]]'.
2026-07-31 16:50:23.469 +06:00 [INF] Executed action AuthController.Login (PrivateMessenger.Presentation) in 16.5568ms
2026-07-31 16:50:23.474 +06:00 [INF] Executed endpoint 'AuthController.Login (PrivateMessenger.Presentation)'
2026-07-31 16:50:23.479 +06:00 [INF] Request finished HTTP/2 POST https://localhost:7024/api/auth/login - 200 null application/json; charset=utf-8 53.1367ms
2026-07-31 16:50:23.514 +06:00 [INF] Request starting HTTP/2 GET https://localhost:7024/api/conversations?userId=0503cc94-4a56-481a-8272-70b92be07c7c - null null
2026-07-31 16:50:23.523 +06:00 [INF] CORS policy execution successful.
2026-07-31 16:50:23.526 +06:00 [INF] Executing endpoint 'PrivateMessenger.Presentation.Controllers.ConversationController.GetUserConversations (PrivateMessenger.Presentation)'
2026-07-31 16:50:23.532 +06:00 [INF] Route matched with {action = "GetUserConversations", controller = "Conversation"}. Executing controller action with signature System.Threading.Tasks.Task`1[Microsoft.AspNetCore.Mvc.IActionResult] GetUserConversations(System.Guid) on controller PrivateMessenger.Presentation.Controllers.ConversationController (PrivateMessenger.Presentation).
2026-07-31 16:50:23.559 +06:00 [INF] Executing OkObjectResult, writing value of type 'System.Collections.Generic.List`1[[PrivateMessenger.Domain.Entities.Conversation, PrivateMessenger.Domain, Version=1.0.0.0, Culture=neutral, PublicKeyToken=null]]'.
2026-07-31 16:50:23.563 +06:00 [INF] Executed action PrivateMessenger.Presentation.Controllers.ConversationController.GetUserConversations (PrivateMessenger.Presentation) in 18.181ms
2026-07-31 16:50:23.567 +06:00 [INF] Request starting HTTP/2 GET https://localhost:7024/api/conversations?userId=0503cc94-4a56-481a-8272-70b92be07c7c - null null
2026-07-31 16:50:23.574 +06:00 [INF] Executed endpoint 'PrivateMessenger.Presentation.Controllers.ConversationController.GetUserConversations (PrivateMessenger.Presentation)'
2026-07-31 16:50:23.582 +06:00 [INF] CORS policy execution successful.
2026-07-31 16:50:23.592 +06:00 [INF] Executing endpoint 'PrivateMessenger.Presentation.Controllers.ConversationController.GetUserConversations (PrivateMessenger.Presentation)'
2026-07-31 16:50:23.588 +06:00 [INF] Request finished HTTP/2 GET https://localhost:7024/api/conversations?userId=0503cc94-4a56-481a-8272-70b92be07c7c - 200 null application/json; charset=utf-8 74.5534ms
2026-07-31 16:50:23.597 +06:00 [INF] Route matched with {action = "GetUserConversations", controller = "Conversation"}. Executing controller action with signature System.Threading.Tasks.Task`1[Microsoft.AspNetCore.Mvc.IActionResult] GetUserConversations(System.Guid) on controller PrivateMessenger.Presentation.Controllers.ConversationController (PrivateMessenger.Presentation).
2026-07-31 16:50:23.626 +06:00 [INF] Executing OkObjectResult, writing value of type 'System.Collections.Generic.List`1[[PrivateMessenger.Domain.Entities.Conversation, PrivateMessenger.Domain, Version=1.0.0.0, Culture=neutral, PublicKeyToken=null]]'.
2026-07-31 16:50:23.630 +06:00 [INF] Executed action PrivateMessenger.Presentation.Controllers.ConversationController.GetUserConversations (PrivateMessenger.Presentation) in 8.702ms
2026-07-31 16:50:23.639 +06:00 [INF] Executed endpoint 'PrivateMessenger.Presentation.Controllers.ConversationController.GetUserConversations (PrivateMessenger.Presentation)'
2026-07-31 16:50:23.643 +06:00 [INF] Request finished HTTP/2 GET https://localhost:7024/api/conversations?userId=0503cc94-4a56-481a-8272-70b92be07c7c - 200 null application/json; charset=utf-8 76.7248ms
2026-07-31 16:50:27.709 +06:00 [INF] Request starting HTTP/2 GET https://localhost:7024/api/users/search?query=romoy&currentUserId=0503cc94-4a56-481a-8272-70b92be07c7c - null null
2026-07-31 16:50:27.717 +06:00 [INF] CORS policy execution successful.
2026-07-31 16:50:27.719 +06:00 [INF] Executing endpoint 'PrivateMessenger.Presentation.Controllers.UserController.SearchUsers (PrivateMessenger.Presentation)'
2026-07-31 16:50:27.730 +06:00 [INF] Route matched with {action = "SearchUsers", controller = "User"}. Executing controller action with signature System.Threading.Tasks.Task`1[Microsoft.AspNetCore.Mvc.IActionResult] SearchUsers(System.String, System.Guid) on controller PrivateMessenger.Presentation.Controllers.UserController (PrivateMessenger.Presentation).
2026-07-31 16:50:27.750 +06:00 [INF] Executing OkObjectResult, writing value of type 'System.Collections.Generic.List`1[[PrivateMessenger.Domain.Entities.User, PrivateMessenger.Domain, Version=1.0.0.0, Culture=neutral, PublicKeyToken=null]]'.
2026-07-31 16:50:27.760 +06:00 [INF] Executed action PrivateMessenger.Presentation.Controllers.UserController.SearchUsers (PrivateMessenger.Presentation) in 21.557ms
2026-07-31 16:50:27.766 +06:00 [INF] Executed endpoint 'PrivateMessenger.Presentation.Controllers.UserController.SearchUsers (PrivateMessenger.Presentation)'
2026-07-31 16:50:27.776 +06:00 [INF] Request finished HTTP/2 GET https://localhost:7024/api/users/search?query=romoy&currentUserId=0503cc94-4a56-481a-8272-70b92be07c7c - 200 null application/json; charset=utf-8 67.4736ms
2026-07-31 16:50:29.449 +06:00 [INF] Request starting HTTP/2 GET https://localhost:7024/api/users/search?query=romo&currentUserId=0503cc94-4a56-481a-8272-70b92be07c7c - null null
2026-07-31 16:50:29.458 +06:00 [INF] CORS policy execution successful.
2026-07-31 16:50:29.466 +06:00 [INF] Executing endpoint 'PrivateMessenger.Presentation.Controllers.UserController.SearchUsers (PrivateMessenger.Presentation)'
2026-07-31 16:50:29.471 +06:00 [INF] Route matched with {action = "SearchUsers", controller = "User"}. Executing controller action with signature System.Threading.Tasks.Task`1[Microsoft.AspNetCore.Mvc.IActionResult] SearchUsers(System.String, System.Guid) on controller PrivateMessenger.Presentation.Controllers.UserController (PrivateMessenger.Presentation).
2026-07-31 16:50:29.487 +06:00 [INF] Executing OkObjectResult, writing value of type 'System.Collections.Generic.List`1[[PrivateMessenger.Domain.Entities.User, PrivateMessenger.Domain, Version=1.0.0.0, Culture=neutral, PublicKeyToken=null]]'.
2026-07-31 16:50:29.498 +06:00 [INF] Executed action PrivateMessenger.Presentation.Controllers.UserController.SearchUsers (PrivateMessenger.Presentation) in 15.4123ms
2026-07-31 16:50:29.503 +06:00 [INF] Executed endpoint 'PrivateMessenger.Presentation.Controllers.UserController.SearchUsers (PrivateMessenger.Presentation)'
2026-07-31 16:50:29.510 +06:00 [INF] Request finished HTTP/2 GET https://localhost:7024/api/users/search?query=romo&currentUserId=0503cc94-4a56-481a-8272-70b92be07c7c - 200 null application/json; charset=utf-8 60.7933ms
2026-07-31 16:50:31.435 +06:00 [INF] Request starting HTTP/2 GET https://localhost:7024/api/users/search?query=r&currentUserId=0503cc94-4a56-481a-8272-70b92be07c7c - null null
2026-07-31 16:50:31.443 +06:00 [INF] CORS policy execution successful.
2026-07-31 16:50:31.445 +06:00 [INF] Executing endpoint 'PrivateMessenger.Presentation.Controllers.UserController.SearchUsers (PrivateMessenger.Presentation)'
2026-07-31 16:50:31.454 +06:00 [INF] Route matched with {action = "SearchUsers", controller = "User"}. Executing controller action with signature System.Threading.Tasks.Task`1[Microsoft.AspNetCore.Mvc.IActionResult] SearchUsers(System.String, System.Guid) on controller PrivateMessenger.Presentation.Controllers.UserController (PrivateMessenger.Presentation).
2026-07-31 16:50:31.467 +06:00 [INF] Executing OkObjectResult, writing value of type 'System.Collections.Generic.List`1[[PrivateMessenger.Domain.Entities.User, PrivateMessenger.Domain, Version=1.0.0.0, Culture=neutral, PublicKeyToken=null]]'.
2026-07-31 16:50:31.472 +06:00 [INF] Executed action PrivateMessenger.Presentation.Controllers.UserController.SearchUsers (PrivateMessenger.Presentation) in 6.8245ms
2026-07-31 16:50:31.477 +06:00 [INF] Executed endpoint 'PrivateMessenger.Presentation.Controllers.UserController.SearchUsers (PrivateMessenger.Presentation)'
2026-07-31 16:50:31.485 +06:00 [INF] Request finished HTTP/2 GET https://localhost:7024/api/users/search?query=r&currentUserId=0503cc94-4a56-481a-8272-70b92be07c7c - 200 null application/json; charset=utf-8 50.6952ms
2026-07-31 16:50:32.843 +06:00 [INF] Request starting HTTP/2 GET https://localhost:7024/api/users/search?query=runi&currentUserId=0503cc94-4a56-481a-8272-70b92be07c7c - null null
2026-07-31 16:50:32.852 +06:00 [INF] CORS policy execution successful.
2026-07-31 16:50:32.860 +06:00 [INF] Executing endpoint 'PrivateMessenger.Presentation.Controllers.UserController.SearchUsers (PrivateMessenger.Presentation)'
2026-07-31 16:50:32.865 +06:00 [INF] Route matched with {action = "SearchUsers", controller = "User"}. Executing controller action with signature System.Threading.Tasks.Task`1[Microsoft.AspNetCore.Mvc.IActionResult] SearchUsers(System.String, System.Guid) on controller PrivateMessenger.Presentation.Controllers.UserController (PrivateMessenger.Presentation).
2026-07-31 16:50:32.883 +06:00 [INF] Executing OkObjectResult, writing value of type 'System.Collections.Generic.List`1[[PrivateMessenger.Domain.Entities.User, PrivateMessenger.Domain, Version=1.0.0.0, Culture=neutral, PublicKeyToken=null]]'.
2026-07-31 16:50:32.888 +06:00 [INF] Executed action PrivateMessenger.Presentation.Controllers.UserController.SearchUsers (PrivateMessenger.Presentation) in 7.6996ms
2026-07-31 16:50:32.894 +06:00 [INF] Executed endpoint 'PrivateMessenger.Presentation.Controllers.UserController.SearchUsers (PrivateMessenger.Presentation)'
2026-07-31 16:50:32.897 +06:00 [INF] Request finished HTTP/2 GET https://localhost:7024/api/users/search?query=runi&currentUserId=0503cc94-4a56-481a-8272-70b92be07c7c - 200 null application/json; charset=utf-8 53.9205ms
2026-07-31 16:50:34.238 +06:00 [INF] Request starting HTTP/2 GET https://localhost:7024/api/users/search?query=r&currentUserId=0503cc94-4a56-481a-8272-70b92be07c7c - null null
2026-07-31 16:50:34.246 +06:00 [INF] CORS policy execution successful.
2026-07-31 16:50:34.254 +06:00 [INF] Executing endpoint 'PrivateMessenger.Presentation.Controllers.UserController.SearchUsers (PrivateMessenger.Presentation)'
2026-07-31 16:50:34.259 +06:00 [INF] Route matched with {action = "SearchUsers", controller = "User"}. Executing controller action with signature System.Threading.Tasks.Task`1[Microsoft.AspNetCore.Mvc.IActionResult] SearchUsers(System.String, System.Guid) on controller PrivateMessenger.Presentation.Controllers.UserController (PrivateMessenger.Presentation).
2026-07-31 16:50:34.273 +06:00 [INF] Executing OkObjectResult, writing value of type 'System.Collections.Generic.List`1[[PrivateMessenger.Domain.Entities.User, PrivateMessenger.Domain, Version=1.0.0.0, Culture=neutral, PublicKeyToken=null]]'.
2026-07-31 16:50:34.277 +06:00 [INF] Executed action PrivateMessenger.Presentation.Controllers.UserController.SearchUsers (PrivateMessenger.Presentation) in 6.544ms
2026-07-31 16:50:34.289 +06:00 [INF] Executed endpoint 'PrivateMessenger.Presentation.Controllers.UserController.SearchUsers (PrivateMessenger.Presentation)'
2026-07-31 16:50:34.294 +06:00 [INF] Request finished HTTP/2 GET https://localhost:7024/api/users/search?query=r&currentUserId=0503cc94-4a56-481a-8272-70b92be07c7c - 200 null application/json; charset=utf-8 55.9312ms
2026-07-31 16:50:35.675 +06:00 [INF] Request starting HTTP/2 GET https://localhost:7024/api/users/search?query=rimoy&currentUserId=0503cc94-4a56-481a-8272-70b92be07c7c - null null
2026-07-31 16:50:35.684 +06:00 [INF] CORS policy execution successful.
2026-07-31 16:50:35.692 +06:00 [INF] Executing endpoint 'PrivateMessenger.Presentation.Controllers.UserController.SearchUsers (PrivateMessenger.Presentation)'
2026-07-31 16:50:35.697 +06:00 [INF] Route matched with {action = "SearchUsers", controller = "User"}. Executing controller action with signature System.Threading.Tasks.Task`1[Microsoft.AspNetCore.Mvc.IActionResult] SearchUsers(System.String, System.Guid) on controller PrivateMessenger.Presentation.Controllers.UserController (PrivateMessenger.Presentation).
2026-07-31 16:50:35.713 +06:00 [INF] Executing OkObjectResult, writing value of type 'System.Collections.Generic.List`1[[PrivateMessenger.Domain.Entities.User, PrivateMessenger.Domain, Version=1.0.0.0, Culture=neutral, PublicKeyToken=null]]'.
2026-07-31 16:50:35.723 +06:00 [INF] Executed action PrivateMessenger.Presentation.Controllers.UserController.SearchUsers (PrivateMessenger.Presentation) in 11.8464ms
2026-07-31 16:50:35.729 +06:00 [INF] Executed endpoint 'PrivateMessenger.Presentation.Controllers.UserController.SearchUsers (PrivateMessenger.Presentation)'
2026-07-31 16:50:35.737 +06:00 [INF] Request finished HTTP/2 GET https://localhost:7024/api/users/search?query=rimoy&currentUserId=0503cc94-4a56-481a-8272-70b92be07c7c - 200 null application/json; charset=utf-8 62.1017ms
2026-07-31 16:50:36.829 +06:00 [INF] Request starting HTTP/2 OPTIONS https://localhost:7024/api/conversations/start - null null
2026-07-31 16:50:36.834 +06:00 [INF] CORS policy execution successful.
2026-07-31 16:50:36.836 +06:00 [INF] Request finished HTTP/2 OPTIONS https://localhost:7024/api/conversations/start - 204 null null 7.6483ms
2026-07-31 16:50:36.840 +06:00 [INF] Request starting HTTP/2 POST https://localhost:7024/api/conversations/start - application/json 110
2026-07-31 16:50:36.864 +06:00 [INF] CORS policy execution successful.
2026-07-31 16:50:36.867 +06:00 [INF] Executing endpoint 'PrivateMessenger.Presentation.Controllers.ConversationController.StartChat (PrivateMessenger.Presentation)'
2026-07-31 16:50:36.876 +06:00 [INF] Route matched with {action = "StartChat", controller = "Conversation"}. Executing controller action with signature System.Threading.Tasks.Task`1[Microsoft.AspNetCore.Mvc.IActionResult] StartChat(PrivateMessenger.Presentation.Controllers.StartChatRequest) on controller PrivateMessenger.Presentation.Controllers.ConversationController (PrivateMessenger.Presentation).
2026-07-31 16:50:36.911 +06:00 [INF] Executing OkObjectResult, writing value of type '<>f__AnonymousType1`1[[System.Guid, System.Private.CoreLib, Version=10.0.0.0, Culture=neutral, PublicKeyToken=7cec85d7bea7798e]]'.
2026-07-31 16:50:36.915 +06:00 [INF] Executed action PrivateMessenger.Presentation.Controllers.ConversationController.StartChat (PrivateMessenger.Presentation) in 30.1778ms
2026-07-31 16:50:36.920 +06:00 [INF] Executed endpoint 'PrivateMessenger.Presentation.Controllers.ConversationController.StartChat (PrivateMessenger.Presentation)'
2026-07-31 16:50:36.925 +06:00 [INF] Request finished HTTP/2 POST https://localhost:7024/api/conversations/start - 200 null application/json; charset=utf-8 84.5244ms
2026-07-31 16:50:36.954 +06:00 [INF] Request starting HTTP/2 GET https://localhost:7024/api/messages/19570e4b-2d74-44b2-99e4-2ce8796e66c9 - null null
2026-07-31 16:50:36.962 +06:00 [INF] CORS policy execution successful.
2026-07-31 16:50:36.964 +06:00 [INF] Executing endpoint 'PrivateMessenger.Presentation.Controllers.MessageController.GetMessages (PrivateMessenger.Presentation)'
2026-07-31 16:50:36.973 +06:00 [INF] Route matched with {action = "GetMessages", controller = "Message"}. Executing controller action with signature System.Threading.Tasks.Task`1[Microsoft.AspNetCore.Mvc.IActionResult] GetMessages(System.Guid) on controller PrivateMessenger.Presentation.Controllers.MessageController (PrivateMessenger.Presentation).
2026-07-31 16:50:36.982 +06:00 [INF] Executing OkObjectResult, writing value of type 'System.Collections.Generic.List`1[[PrivateMessenger.Domain.Entities.Message, PrivateMessenger.Domain, Version=1.0.0.0, Culture=neutral, PublicKeyToken=null]]'.
2026-07-31 16:50:36.991 +06:00 [INF] Executed action PrivateMessenger.Presentation.Controllers.MessageController.GetMessages (PrivateMessenger.Presentation) in 11.3668ms
2026-07-31 16:50:36.994 +06:00 [INF] Request starting HTTP/2 GET https://localhost:7024/api/messages/19570e4b-2d74-44b2-99e4-2ce8796e66c9 - null null
2026-07-31 16:50:36.996 +06:00 [INF] Executed endpoint 'PrivateMessenger.Presentation.Controllers.MessageController.GetMessages (PrivateMessenger.Presentation)'
2026-07-31 16:50:37.008 +06:00 [INF] CORS policy execution successful.
2026-07-31 16:50:37.011 +06:00 [INF] Request finished HTTP/2 GET https://localhost:7024/api/messages/19570e4b-2d74-44b2-99e4-2ce8796e66c9 - 200 null application/json; charset=utf-8 57.4832ms
2026-07-31 16:50:37.019 +06:00 [INF] Executing endpoint 'PrivateMessenger.Presentation.Controllers.MessageController.GetMessages (PrivateMessenger.Presentation)'
2026-07-31 16:50:37.034 +06:00 [INF] Route matched with {action = "GetMessages", controller = "Message"}. Executing controller action with signature System.Threading.Tasks.Task`1[Microsoft.AspNetCore.Mvc.IActionResult] GetMessages(System.Guid) on controller PrivateMessenger.Presentation.Controllers.MessageController (PrivateMessenger.Presentation).
2026-07-31 16:50:37.043 +06:00 [INF] Executing OkObjectResult, writing value of type 'System.Collections.Generic.List`1[[PrivateMessenger.Domain.Entities.Message, PrivateMessenger.Domain, Version=1.0.0.0, Culture=neutral, PublicKeyToken=null]]'.
2026-07-31 16:50:37.054 +06:00 [INF] Executed action PrivateMessenger.Presentation.Controllers.MessageController.GetMessages (PrivateMessenger.Presentation) in 12.2043ms
2026-07-31 16:50:37.058 +06:00 [INF] Executed endpoint 'PrivateMessenger.Presentation.Controllers.MessageController.GetMessages (PrivateMessenger.Presentation)'
2026-07-31 16:50:37.065 +06:00 [INF] Request finished HTTP/2 GET https://localhost:7024/api/messages/19570e4b-2d74-44b2-99e4-2ce8796e66c9 - 200 null application/json; charset=utf-8 71.6728ms
2026-07-31 16:50:41.163 +06:00 [INF] Request starting HTTP/2 OPTIONS https://localhost:7024/api/messages - null null
2026-07-31 16:50:41.172 +06:00 [INF] CORS policy execution successful.
2026-07-31 16:50:41.174 +06:00 [INF] Request finished HTTP/2 OPTIONS https://localhost:7024/api/messages - 204 null null 11.4854ms
2026-07-31 16:50:41.177 +06:00 [INF] Request starting HTTP/2 POST https://localhost:7024/api/messages - application/json 125
2026-07-31 16:50:41.190 +06:00 [INF] CORS policy execution successful.
2026-07-31 16:50:41.192 +06:00 [INF] Executing endpoint 'PrivateMessenger.Presentation.Controllers.MessageController.SendMessage (PrivateMessenger.Presentation)'
2026-07-31 16:50:41.196 +06:00 [INF] Route matched with {action = "SendMessage", controller = "Message"}. Executing controller action with signature System.Threading.Tasks.Task`1[Microsoft.AspNetCore.Mvc.IActionResult] SendMessage(PrivateMessenger.Presentation.Controllers.SendMessageRequest) on controller PrivateMessenger.Presentation.Controllers.MessageController (PrivateMessenger.Presentation).
2026-07-31 16:50:41.210 +06:00 [INF] Executing OkObjectResult, writing value of type 'PrivateMessenger.Domain.Entities.Message'.
2026-07-31 16:50:41.219 +06:00 [INF] Executed action PrivateMessenger.Presentation.Controllers.MessageController.SendMessage (PrivateMessenger.Presentation) in 11.2828ms
2026-07-31 16:50:41.224 +06:00 [INF] Executed endpoint 'PrivateMessenger.Presentation.Controllers.MessageController.SendMessage (PrivateMessenger.Presentation)'
2026-07-31 16:50:41.233 +06:00 [INF] Request finished HTTP/2 POST https://localhost:7024/api/messages - 200 null application/json; charset=utf-8 56.4355ms
2026-07-31 16:52:30.689 +06:00 [INF] Request starting HTTP/2 GET https://localhost:7024/api/conversations?userId=e1543e9f-a449-496f-9afc-c3ee6ae4b880 - null null
2026-07-31 16:52:32.609 +06:00 [INF] CORS policy execution successful.
2026-07-31 16:52:32.653 +06:00 [INF] Executing endpoint 'PrivateMessenger.Presentation.Controllers.ConversationController.GetUserConversations (PrivateMessenger.Presentation)'
2026-07-31 16:52:32.681 +06:00 [INF] Route matched with {action = "GetUserConversations", controller = "Conversation"}. Executing controller action with signature System.Threading.Tasks.Task`1[Microsoft.AspNetCore.Mvc.IActionResult] GetUserConversations(System.Guid) on controller PrivateMessenger.Presentation.Controllers.ConversationController (PrivateMessenger.Presentation).
2026-07-31 16:52:33.882 +06:00 [INF] Request starting HTTP/2 GET https://localhost:7024/api/conversations?userId=0503cc94-4a56-481a-8272-70b92be07c7c - null null
2026-07-31 16:52:33.890 +06:00 [INF] CORS policy execution successful.
2026-07-31 16:52:33.895 +06:00 [INF] Executing endpoint 'PrivateMessenger.Presentation.Controllers.ConversationController.GetUserConversations (PrivateMessenger.Presentation)'
2026-07-31 16:52:33.900 +06:00 [INF] Route matched with {action = "GetUserConversations", controller = "Conversation"}. Executing controller action with signature System.Threading.Tasks.Task`1[Microsoft.AspNetCore.Mvc.IActionResult] GetUserConversations(System.Guid) on controller PrivateMessenger.Presentation.Controllers.ConversationController (PrivateMessenger.Presentation).
2026-07-31 16:52:41.753 +06:00 [INF] Executing OkObjectResult, writing value of type 'System.Collections.Generic.List`1[[PrivateMessenger.Domain.Entities.Conversation, PrivateMessenger.Domain, Version=1.0.0.0, Culture=neutral, PublicKeyToken=null]]'.
2026-07-31 16:52:41.753 +06:00 [INF] Executing OkObjectResult, writing value of type 'System.Collections.Generic.List`1[[PrivateMessenger.Domain.Entities.Conversation, PrivateMessenger.Domain, Version=1.0.0.0, Culture=neutral, PublicKeyToken=null]]'.
2026-07-31 16:52:41.760 +06:00 [INF] Executed action PrivateMessenger.Presentation.Controllers.ConversationController.GetUserConversations (PrivateMessenger.Presentation) in 9067.2667ms
2026-07-31 16:52:41.765 +06:00 [INF] Executed action PrivateMessenger.Presentation.Controllers.ConversationController.GetUserConversations (PrivateMessenger.Presentation) in 7852.9875ms
2026-07-31 16:52:41.770 +06:00 [INF] Executed endpoint 'PrivateMessenger.Presentation.Controllers.ConversationController.GetUserConversations (PrivateMessenger.Presentation)'
2026-07-31 16:52:41.780 +06:00 [INF] Executed endpoint 'PrivateMessenger.Presentation.Controllers.ConversationController.GetUserConversations (PrivateMessenger.Presentation)'
2026-07-31 16:52:41.785 +06:00 [INF] Request finished HTTP/2 GET https://localhost:7024/api/conversations?userId=e1543e9f-a449-496f-9afc-c3ee6ae4b880 - 200 null application/json; charset=utf-8 11096.3769ms
2026-07-31 16:52:41.797 +06:00 [INF] Request finished HTTP/2 GET https://localhost:7024/api/conversations?userId=0503cc94-4a56-481a-8272-70b92be07c7c - 200 null application/json; charset=utf-8 7914.737ms
2026-07-31 16:52:54.327 +06:00 [INF] Request starting HTTP/2 OPTIONS https://localhost:7024/api/messages - null null
2026-07-31 16:52:54.339 +06:00 [INF] CORS policy execution successful.
2026-07-31 16:52:54.341 +06:00 [INF] Request finished HTTP/2 OPTIONS https://localhost:7024/api/messages - 204 null null 14.4246ms
2026-07-31 16:52:54.345 +06:00 [INF] Request starting HTTP/2 POST https://localhost:7024/api/messages - application/json 125
2026-07-31 16:52:54.360 +06:00 [INF] CORS policy execution successful.
2026-07-31 16:52:54.366 +06:00 [INF] Executing endpoint 'PrivateMessenger.Presentation.Controllers.MessageController.SendMessage (PrivateMessenger.Presentation)'
2026-07-31 16:52:54.371 +06:00 [INF] Route matched with {action = "SendMessage", controller = "Message"}. Executing controller action with signature System.Threading.Tasks.Task`1[Microsoft.AspNetCore.Mvc.IActionResult] SendMessage(PrivateMessenger.Presentation.Controllers.SendMessageRequest) on controller PrivateMessenger.Presentation.Controllers.MessageController (PrivateMessenger.Presentation).
2026-07-31 16:52:54.389 +06:00 [INF] Executing OkObjectResult, writing value of type 'PrivateMessenger.Domain.Entities.Message'.
2026-07-31 16:52:54.393 +06:00 [INF] Executed action PrivateMessenger.Presentation.Controllers.MessageController.SendMessage (PrivateMessenger.Presentation) in 15.6498ms
2026-07-31 16:52:54.400 +06:00 [INF] Executed endpoint 'PrivateMessenger.Presentation.Controllers.MessageController.SendMessage (PrivateMessenger.Presentation)'
2026-07-31 16:52:54.404 +06:00 [INF] Request finished HTTP/2 POST https://localhost:7024/api/messages - 200 null application/json; charset=utf-8 58.9722ms
2026-07-31 16:53:02.410 +06:00 [INF] Request starting HTTP/2 OPTIONS https://localhost:7024/api/messages - null null
2026-07-31 16:53:02.426 +06:00 [INF] CORS policy execution successful.
2026-07-31 16:53:02.431 +06:00 [INF] Request finished HTTP/2 OPTIONS https://localhost:7024/api/messages - 204 null null 20.8099ms
2026-07-31 16:53:02.435 +06:00 [INF] Request starting HTTP/2 POST https://localhost:7024/api/messages - application/json 125
2026-07-31 16:53:02.459 +06:00 [INF] CORS policy execution successful.
2026-07-31 16:53:02.462 +06:00 [INF] Executing endpoint 'PrivateMessenger.Presentation.Controllers.MessageController.SendMessage (PrivateMessenger.Presentation)'
2026-07-31 16:53:02.467 +06:00 [INF] Route matched with {action = "SendMessage", controller = "Message"}. Executing controller action with signature System.Threading.Tasks.Task`1[Microsoft.AspNetCore.Mvc.IActionResult] SendMessage(PrivateMessenger.Presentation.Controllers.SendMessageRequest) on controller PrivateMessenger.Presentation.Controllers.MessageController (PrivateMessenger.Presentation).
2026-07-31 16:53:02.512 +06:00 [INF] Executing OkObjectResult, writing value of type 'PrivateMessenger.Domain.Entities.Message'.
2026-07-31 16:53:02.518 +06:00 [INF] Executed action PrivateMessenger.Presentation.Controllers.MessageController.SendMessage (PrivateMessenger.Presentation) in 37.9872ms
2026-07-31 16:53:02.525 +06:00 [INF] Executed endpoint 'PrivateMessenger.Presentation.Controllers.MessageController.SendMessage (PrivateMessenger.Presentation)'
2026-07-31 16:53:02.538 +06:00 [INF] Request finished HTTP/2 POST https://localhost:7024/api/messages - 200 null application/json; charset=utf-8 103.1612ms
2026-07-31 16:53:04.698 +06:00 [INF] Executed endpoint 'hubs/chat'
2026-07-31 16:53:04.704 +06:00 [INF] Request finished HTTP/2 CONNECT https://localhost:7024/hubs/chat?userId=34176aa4-9092-4985-b411-e63d3e7c1ba8&id=-baNOGAX74j9TUIWChXBdA - 200 null null 194974.7149ms
2026-07-31 16:53:05.334 +06:00 [INF] Request starting HTTP/2 GET https://localhost:7024/api/conversations?userId=0503cc94-4a56-481a-8272-70b92be07c7c - null null
2026-07-31 16:53:05.341 +06:00 [INF] Request starting HTTP/2 OPTIONS https://localhost:7024/hubs/chat/negotiate?userId=0503cc94-4a56-481a-8272-70b92be07c7c&negotiateVersion=1 - null null
2026-07-31 16:53:05.443 +06:00 [INF] CORS policy execution successful.
2026-07-31 16:53:05.430 +06:00 [INF] CORS policy execution successful.
2026-07-31 16:53:05.446 +06:00 [INF] Request finished HTTP/2 OPTIONS https://localhost:7024/hubs/chat/negotiate?userId=0503cc94-4a56-481a-8272-70b92be07c7c&negotiateVersion=1 - 204 null null 105.3995ms
2026-07-31 16:53:05.450 +06:00 [INF] Request starting HTTP/2 POST https://localhost:7024/hubs/chat/negotiate?userId=0503cc94-4a56-481a-8272-70b92be07c7c&negotiateVersion=1 - null 0
2026-07-31 16:53:05.452 +06:00 [INF] Executing endpoint 'PrivateMessenger.Presentation.Controllers.ConversationController.GetUserConversations (PrivateMessenger.Presentation)'
2026-07-31 16:53:05.477 +06:00 [INF] CORS policy execution successful.
2026-07-31 16:53:05.485 +06:00 [INF] Route matched with {action = "GetUserConversations", controller = "Conversation"}. Executing controller action with signature System.Threading.Tasks.Task`1[Microsoft.AspNetCore.Mvc.IActionResult] GetUserConversations(System.Guid) on controller PrivateMessenger.Presentation.Controllers.ConversationController (PrivateMessenger.Presentation).
2026-07-31 16:53:05.488 +06:00 [INF] Executing endpoint 'hubs/chat/negotiate'
2026-07-31 16:53:05.503 +06:00 [INF] Executed endpoint 'hubs/chat/negotiate'
2026-07-31 16:53:05.507 +06:00 [INF] Request finished HTTP/2 POST https://localhost:7024/hubs/chat/negotiate?userId=0503cc94-4a56-481a-8272-70b92be07c7c&negotiateVersion=1 - 200 316 application/json 57.7172ms
2026-07-31 16:53:05.514 +06:00 [INF] Request starting HTTP/2 CONNECT https://localhost:7024/hubs/chat?userId=0503cc94-4a56-481a-8272-70b92be07c7c&id=9bcXuIvzeOc_ykAirJ8MhA - null null
2026-07-31 16:53:05.534 +06:00 [INF] CORS policy execution successful.
2026-07-31 16:53:05.537 +06:00 [INF] Executing endpoint 'hubs/chat'
2026-07-31 16:53:05.573 +06:00 [INF] Executing OkObjectResult, writing value of type 'System.Collections.Generic.List`1[[PrivateMessenger.Domain.Entities.Conversation, PrivateMessenger.Domain, Version=1.0.0.0, Culture=neutral, PublicKeyToken=null]]'.
2026-07-31 16:53:05.580 +06:00 [INF] Executed action PrivateMessenger.Presentation.Controllers.ConversationController.GetUserConversations (PrivateMessenger.Presentation) in 80.6428ms
2026-07-31 16:53:05.583 +06:00 [INF] Request starting HTTP/2 GET https://localhost:7024/api/conversations?userId=0503cc94-4a56-481a-8272-70b92be07c7c - null null
2026-07-31 16:53:05.586 +06:00 [INF] Executed endpoint 'PrivateMessenger.Presentation.Controllers.ConversationController.GetUserConversations (PrivateMessenger.Presentation)'
2026-07-31 16:53:05.598 +06:00 [INF] CORS policy execution successful.
2026-07-31 16:53:05.614 +06:00 [INF] Executing endpoint 'PrivateMessenger.Presentation.Controllers.ConversationController.GetUserConversations (PrivateMessenger.Presentation)'
2026-07-31 16:53:05.602 +06:00 [INF] Request finished HTTP/2 GET https://localhost:7024/api/conversations?userId=0503cc94-4a56-481a-8272-70b92be07c7c - 200 null application/json; charset=utf-8 268.4094ms
2026-07-31 16:53:05.618 +06:00 [INF] Route matched with {action = "GetUserConversations", controller = "Conversation"}. Executing controller action with signature System.Threading.Tasks.Task`1[Microsoft.AspNetCore.Mvc.IActionResult] GetUserConversations(System.Guid) on controller PrivateMessenger.Presentation.Controllers.ConversationController (PrivateMessenger.Presentation).
2026-07-31 16:53:05.649 +06:00 [INF] Executing OkObjectResult, writing value of type 'System.Collections.Generic.List`1[[PrivateMessenger.Domain.Entities.Conversation, PrivateMessenger.Domain, Version=1.0.0.0, Culture=neutral, PublicKeyToken=null]]'.
2026-07-31 16:53:05.658 +06:00 [INF] Executed action PrivateMessenger.Presentation.Controllers.ConversationController.GetUserConversations (PrivateMessenger.Presentation) in 13.1754ms
2026-07-31 16:53:05.665 +06:00 [INF] Executed endpoint 'PrivateMessenger.Presentation.Controllers.ConversationController.GetUserConversations (PrivateMessenger.Presentation)'
2026-07-31 16:53:05.675 +06:00 [INF] Request finished HTTP/2 GET https://localhost:7024/api/conversations?userId=0503cc94-4a56-481a-8272-70b92be07c7c - 200 null application/json; charset=utf-8 92.0964ms
2026-07-31 16:53:07.195 +06:00 [INF] Request starting HTTP/2 GET https://localhost:7024/api/messages/19570e4b-2d74-44b2-99e4-2ce8796e66c9 - null null
2026-07-31 16:53:07.203 +06:00 [INF] CORS policy execution successful.
2026-07-31 16:53:07.205 +06:00 [INF] Executing endpoint 'PrivateMessenger.Presentation.Controllers.MessageController.GetMessages (PrivateMessenger.Presentation)'
2026-07-31 16:53:07.214 +06:00 [INF] Route matched with {action = "GetMessages", controller = "Message"}. Executing controller action with signature System.Threading.Tasks.Task`1[Microsoft.AspNetCore.Mvc.IActionResult] GetMessages(System.Guid) on controller PrivateMessenger.Presentation.Controllers.MessageController (PrivateMessenger.Presentation).
2026-07-31 16:53:07.233 +06:00 [INF] Executing OkObjectResult, writing value of type 'System.Collections.Generic.List`1[[PrivateMessenger.Domain.Entities.Message, PrivateMessenger.Domain, Version=1.0.0.0, Culture=neutral, PublicKeyToken=null]]'.
2026-07-31 16:53:07.240 +06:00 [INF] Executed action PrivateMessenger.Presentation.Controllers.MessageController.GetMessages (PrivateMessenger.Presentation) in 14.3096ms
2026-07-31 16:53:07.244 +06:00 [INF] Request starting HTTP/2 GET https://localhost:7024/api/messages/19570e4b-2d74-44b2-99e4-2ce8796e66c9 - null null
2026-07-31 16:53:07.247 +06:00 [INF] Executed endpoint 'PrivateMessenger.Presentation.Controllers.MessageController.GetMessages (PrivateMessenger.Presentation)'
2026-07-31 16:53:07.259 +06:00 [INF] CORS policy execution successful.
2026-07-31 16:53:07.268 +06:00 [INF] Executing endpoint 'PrivateMessenger.Presentation.Controllers.MessageController.GetMessages (PrivateMessenger.Presentation)'
2026-07-31 16:53:07.265 +06:00 [INF] Request finished HTTP/2 GET https://localhost:7024/api/messages/19570e4b-2d74-44b2-99e4-2ce8796e66c9 - 200 null application/json; charset=utf-8 69.4412ms
2026-07-31 16:53:07.277 +06:00 [INF] Route matched with {action = "GetMessages", controller = "Message"}. Executing controller action with signature System.Threading.Tasks.Task`1[Microsoft.AspNetCore.Mvc.IActionResult] GetMessages(System.Guid) on controller PrivateMessenger.Presentation.Controllers.MessageController (PrivateMessenger.Presentation).
2026-07-31 16:53:07.300 +06:00 [INF] Executing OkObjectResult, writing value of type 'System.Collections.Generic.List`1[[PrivateMessenger.Domain.Entities.Message, PrivateMessenger.Domain, Version=1.0.0.0, Culture=neutral, PublicKeyToken=null]]'.
2026-07-31 16:53:07.309 +06:00 [INF] Executed action PrivateMessenger.Presentation.Controllers.MessageController.GetMessages (PrivateMessenger.Presentation) in 11.024ms
2026-07-31 16:53:07.315 +06:00 [INF] Executed endpoint 'PrivateMessenger.Presentation.Controllers.MessageController.GetMessages (PrivateMessenger.Presentation)'
2026-07-31 16:53:07.324 +06:00 [INF] Request finished HTTP/2 GET https://localhost:7024/api/messages/19570e4b-2d74-44b2-99e4-2ce8796e66c9 - 200 null application/json; charset=utf-8 80.3031ms
2026-07-31 16:53:13.606 +06:00 [INF] Request starting HTTP/2 GET https://localhost:7024/api/conversations?userId=e1543e9f-a449-496f-9afc-c3ee6ae4b880 - null null
2026-07-31 16:53:13.668 +06:00 [INF] Request starting HTTP/2 GET https://localhost:7024/api/conversations?userId=0503cc94-4a56-481a-8272-70b92be07c7c - null null
2026-07-31 16:53:13.682 +06:00 [INF] CORS policy execution successful.
2026-07-31 16:53:13.691 +06:00 [INF] CORS policy execution successful.
2026-07-31 16:53:13.694 +06:00 [INF] Executing endpoint 'PrivateMessenger.Presentation.Controllers.ConversationController.GetUserConversations (PrivateMessenger.Presentation)'
2026-07-31 16:53:13.700 +06:00 [INF] Executing endpoint 'PrivateMessenger.Presentation.Controllers.ConversationController.GetUserConversations (PrivateMessenger.Presentation)'
2026-07-31 16:53:13.706 +06:00 [INF] Route matched with {action = "GetUserConversations", controller = "Conversation"}. Executing controller action with signature System.Threading.Tasks.Task`1[Microsoft.AspNetCore.Mvc.IActionResult] GetUserConversations(System.Guid) on controller PrivateMessenger.Presentation.Controllers.ConversationController (PrivateMessenger.Presentation).
2026-07-31 16:53:13.714 +06:00 [INF] Route matched with {action = "GetUserConversations", controller = "Conversation"}. Executing controller action with signature System.Threading.Tasks.Task`1[Microsoft.AspNetCore.Mvc.IActionResult] GetUserConversations(System.Guid) on controller PrivateMessenger.Presentation.Controllers.ConversationController (PrivateMessenger.Presentation).
2026-07-31 16:53:13.728 +06:00 [INF] Executing OkObjectResult, writing value of type 'System.Collections.Generic.List`1[[PrivateMessenger.Domain.Entities.Conversation, PrivateMessenger.Domain, Version=1.0.0.0, Culture=neutral, PublicKeyToken=null]]'.
2026-07-31 16:53:13.740 +06:00 [INF] Executed action PrivateMessenger.Presentation.Controllers.ConversationController.GetUserConversations (PrivateMessenger.Presentation) in 16.8169ms
2026-07-31 16:53:13.740 +06:00 [INF] Executing OkObjectResult, writing value of type 'System.Collections.Generic.List`1[[PrivateMessenger.Domain.Entities.Conversation, PrivateMessenger.Domain, Version=1.0.0.0, Culture=neutral, PublicKeyToken=null]]'.
2026-07-31 16:53:13.749 +06:00 [INF] Executed endpoint 'PrivateMessenger.Presentation.Controllers.ConversationController.GetUserConversations (PrivateMessenger.Presentation)'
2026-07-31 16:53:13.755 +06:00 [INF] Executed action PrivateMessenger.Presentation.Controllers.ConversationController.GetUserConversations (PrivateMessenger.Presentation) in 20.8019ms
2026-07-31 16:53:13.763 +06:00 [INF] Request finished HTTP/2 GET https://localhost:7024/api/conversations?userId=e1543e9f-a449-496f-9afc-c3ee6ae4b880 - 200 null application/json; charset=utf-8 156.8241ms
2026-07-31 16:53:13.769 +06:00 [INF] Executed endpoint 'PrivateMessenger.Presentation.Controllers.ConversationController.GetUserConversations (PrivateMessenger.Presentation)'
2026-07-31 16:53:13.786 +06:00 [INF] Request finished HTTP/2 GET https://localhost:7024/api/conversations?userId=0503cc94-4a56-481a-8272-70b92be07c7c - 200 null application/json; charset=utf-8 118.535ms
2026-07-31 16:58:31.188 +06:00 [INF] Now listening on: https://localhost:7024
2026-07-31 16:58:31.390 +06:00 [INF] Now listening on: http://localhost:5041
2026-07-31 16:58:31.546 +06:00 [INF] Request starting HTTP/2 GET https://localhost:7024/api/conversations?userId=0503cc94-4a56-481a-8272-70b92be07c7c - null null
2026-07-31 16:58:31.546 +06:00 [INF] Request starting HTTP/2 OPTIONS https://localhost:7024/hubs/chat/negotiate?userId=0503cc94-4a56-481a-8272-70b92be07c7c&negotiateVersion=1 - null null
2026-07-31 16:58:31.605 +06:00 [INF] Application started. Press Ctrl+C to shut down.
2026-07-31 16:58:31.619 +06:00 [INF] Hosting environment: Development
2026-07-31 16:58:31.624 +06:00 [INF] Content root path: D:\Projects\2026\private-messenger\backend\PrivateMessenger.Presentation
2026-07-31 16:58:31.704 +06:00 [INF] CORS policy execution successful.
2026-07-31 16:58:31.704 +06:00 [INF] CORS policy execution successful.
2026-07-31 16:58:31.716 +06:00 [INF] Request finished HTTP/2 OPTIONS https://localhost:7024/hubs/chat/negotiate?userId=0503cc94-4a56-481a-8272-70b92be07c7c&negotiateVersion=1 - 204 null null 177.4985ms
2026-07-31 16:58:31.720 +06:00 [INF] Executing endpoint 'PrivateMessenger.Presentation.Controllers.ConversationController.GetUserConversations (PrivateMessenger.Presentation)'
2026-07-31 16:58:31.744 +06:00 [INF] Request starting HTTP/2 POST https://localhost:7024/hubs/chat/negotiate?userId=0503cc94-4a56-481a-8272-70b92be07c7c&negotiateVersion=1 - null 0
2026-07-31 16:58:31.760 +06:00 [INF] CORS policy execution successful.
2026-07-31 16:58:31.763 +06:00 [INF] Executing endpoint 'hubs/chat/negotiate'
2026-07-31 16:58:31.795 +06:00 [INF] Executed endpoint 'hubs/chat/negotiate'
2026-07-31 16:58:31.799 +06:00 [INF] Route matched with {action = "GetUserConversations", controller = "Conversation"}. Executing controller action with signature System.Threading.Tasks.Task`1[Microsoft.AspNetCore.Mvc.IActionResult] GetUserConversations(System.Guid) on controller PrivateMessenger.Presentation.Controllers.ConversationController (PrivateMessenger.Presentation).
2026-07-31 16:58:31.800 +06:00 [INF] Request finished HTTP/2 POST https://localhost:7024/hubs/chat/negotiate?userId=0503cc94-4a56-481a-8272-70b92be07c7c&negotiateVersion=1 - 200 316 application/json 56.1178ms
2026-07-31 16:58:31.813 +06:00 [INF] Request starting HTTP/2 CONNECT https://localhost:7024/hubs/chat?userId=0503cc94-4a56-481a-8272-70b92be07c7c&id=Bc5mLSc1b3cpd1WrWy4xaw - null null
2026-07-31 16:58:31.828 +06:00 [INF] CORS policy execution successful.
2026-07-31 16:58:31.830 +06:00 [INF] Executing endpoint 'hubs/chat'
2026-07-31 16:58:31.910 +06:00 [WRN] You do not have a valid license key for the Lucky Penny software MediatR. This is allowed for development and testing scenarios. If you are running in production you are required to have a licensed version. Please visit https://luckypennysoftware.com to obtain a valid license.
2026-07-31 16:58:36.465 +06:00 [INF] Executing OkObjectResult, writing value of type 'System.Collections.Generic.List`1[[PrivateMessenger.Domain.Entities.Conversation, PrivateMessenger.Domain, Version=1.0.0.0, Culture=neutral, PublicKeyToken=null]]'.
2026-07-31 16:58:36.533 +06:00 [INF] Executed action PrivateMessenger.Presentation.Controllers.ConversationController.GetUserConversations (PrivateMessenger.Presentation) in 4715.1956ms
2026-07-31 16:58:36.540 +06:00 [INF] Executed endpoint 'PrivateMessenger.Presentation.Controllers.ConversationController.GetUserConversations (PrivateMessenger.Presentation)'
2026-07-31 16:58:36.555 +06:00 [INF] Request finished HTTP/2 GET https://localhost:7024/api/conversations?userId=0503cc94-4a56-481a-8272-70b92be07c7c - 200 null application/json; charset=utf-8 5018.3457ms
2026-07-31 16:58:39.507 +06:00 [INF] Request starting HTTP/2 OPTIONS https://localhost:7024/hubs/chat/negotiate?userId=e1543e9f-a449-496f-9afc-c3ee6ae4b880&negotiateVersion=1 - null null
2026-07-31 16:58:39.508 +06:00 [INF] Request starting HTTP/2 GET https://localhost:7024/api/conversations?userId=e1543e9f-a449-496f-9afc-c3ee6ae4b880 - null null
2026-07-31 16:58:39.515 +06:00 [INF] CORS policy execution successful.
2026-07-31 16:58:39.527 +06:00 [INF] CORS policy execution successful.
2026-07-31 16:58:39.578 +06:00 [INF] Executing endpoint 'PrivateMessenger.Presentation.Controllers.ConversationController.GetUserConversations (PrivateMessenger.Presentation)'
2026-07-31 16:58:39.539 +06:00 [INF] Request finished HTTP/2 OPTIONS https://localhost:7024/hubs/chat/negotiate?userId=e1543e9f-a449-496f-9afc-c3ee6ae4b880&negotiateVersion=1 - 204 null null 31.7442ms
2026-07-31 16:58:39.582 +06:00 [INF] Request starting HTTP/2 POST https://localhost:7024/hubs/chat/negotiate?userId=e1543e9f-a449-496f-9afc-c3ee6ae4b880&negotiateVersion=1 - null 0
2026-07-31 16:58:39.586 +06:00 [INF] Route matched with {action = "GetUserConversations", controller = "Conversation"}. Executing controller action with signature System.Threading.Tasks.Task`1[Microsoft.AspNetCore.Mvc.IActionResult] GetUserConversations(System.Guid) on controller PrivateMessenger.Presentation.Controllers.ConversationController (PrivateMessenger.Presentation).
2026-07-31 16:58:39.604 +06:00 [INF] CORS policy execution successful.
2026-07-31 16:58:39.614 +06:00 [INF] Executing endpoint 'hubs/chat/negotiate'
2026-07-31 16:58:39.618 +06:00 [INF] Executed endpoint 'hubs/chat/negotiate'
2026-07-31 16:58:39.621 +06:00 [INF] Request finished HTTP/2 POST https://localhost:7024/hubs/chat/negotiate?userId=e1543e9f-a449-496f-9afc-c3ee6ae4b880&negotiateVersion=1 - 200 316 application/json 38.5691ms
2026-07-31 16:58:39.642 +06:00 [INF] Request starting HTTP/2 CONNECT https://localhost:7024/hubs/chat?userId=e1543e9f-a449-496f-9afc-c3ee6ae4b880&id=d15Lf4NixfQaLd3tWo6Aog - null null
2026-07-31 16:58:39.651 +06:00 [INF] CORS policy execution successful.
2026-07-31 16:58:39.655 +06:00 [INF] Executing endpoint 'hubs/chat'
2026-07-31 16:59:04.014 +06:00 [INF] Executed endpoint 'hubs/chat'
2026-07-31 16:59:04.046 +06:00 [INF] Request finished HTTP/2 CONNECT https://localhost:7024/hubs/chat?userId=e1543e9f-a449-496f-9afc-c3ee6ae4b880&id=d15Lf4NixfQaLd3tWo6Aog - 200 null null 24403.1211ms
2026-07-31 16:59:04.520 +06:00 [INF] Request starting HTTP/2 OPTIONS https://localhost:7024/hubs/chat/negotiate?userId=e1543e9f-a449-496f-9afc-c3ee6ae4b880&negotiateVersion=1 - null null
2026-07-31 16:59:04.521 +06:00 [INF] Request starting HTTP/2 GET https://localhost:7024/api/conversations?userId=e1543e9f-a449-496f-9afc-c3ee6ae4b880 - null null
2026-07-31 16:59:04.538 +06:00 [INF] CORS policy execution successful.
2026-07-31 16:59:04.544 +06:00 [INF] CORS policy execution successful.
2026-07-31 16:59:04.547 +06:00 [INF] Request finished HTTP/2 OPTIONS https://localhost:7024/hubs/chat/negotiate?userId=e1543e9f-a449-496f-9afc-c3ee6ae4b880&negotiateVersion=1 - 204 null null 26.7818ms
2026-07-31 16:59:04.552 +06:00 [INF] Executing endpoint 'PrivateMessenger.Presentation.Controllers.ConversationController.GetUserConversations (PrivateMessenger.Presentation)'
2026-07-31 16:59:04.585 +06:00 [INF] Route matched with {action = "GetUserConversations", controller = "Conversation"}. Executing controller action with signature System.Threading.Tasks.Task`1[Microsoft.AspNetCore.Mvc.IActionResult] GetUserConversations(System.Guid) on controller PrivateMessenger.Presentation.Controllers.ConversationController (PrivateMessenger.Presentation).
2026-07-31 16:59:04.591 +06:00 [INF] Request starting HTTP/2 POST https://localhost:7024/hubs/chat/negotiate?userId=e1543e9f-a449-496f-9afc-c3ee6ae4b880&negotiateVersion=1 - null 0
2026-07-31 16:59:04.630 +06:00 [INF] CORS policy execution successful.
2026-07-31 16:59:04.633 +06:00 [INF] Executing endpoint 'hubs/chat/negotiate'
2026-07-31 16:59:04.636 +06:00 [INF] Executed endpoint 'hubs/chat/negotiate'
2026-07-31 16:59:04.648 +06:00 [INF] Request finished HTTP/2 POST https://localhost:7024/hubs/chat/negotiate?userId=e1543e9f-a449-496f-9afc-c3ee6ae4b880&negotiateVersion=1 - 200 316 application/json 56.3871ms
2026-07-31 16:59:04.657 +06:00 [INF] Request starting HTTP/2 CONNECT https://localhost:7024/hubs/chat?userId=e1543e9f-a449-496f-9afc-c3ee6ae4b880&id=bCFkuvyjBSgDXkkXkIMafA - null null
2026-07-31 16:59:04.677 +06:00 [INF] CORS policy execution successful.
2026-07-31 16:59:04.679 +06:00 [INF] Executing endpoint 'hubs/chat'
2026-07-31 16:59:04.714 +06:00 [INF] Executing OkObjectResult, writing value of type 'System.Collections.Generic.List`1[[PrivateMessenger.Domain.Entities.Conversation, PrivateMessenger.Domain, Version=1.0.0.0, Culture=neutral, PublicKeyToken=null]]'.
2026-07-31 16:59:04.727 +06:00 [INF] Executed action PrivateMessenger.Presentation.Controllers.ConversationController.GetUserConversations (PrivateMessenger.Presentation) in 25115.3658ms
2026-07-31 16:59:04.732 +06:00 [INF] Executed endpoint 'PrivateMessenger.Presentation.Controllers.ConversationController.GetUserConversations (PrivateMessenger.Presentation)'
2026-07-31 16:59:04.737 +06:00 [INF] Request finished HTTP/2 GET https://localhost:7024/api/conversations?userId=e1543e9f-a449-496f-9afc-c3ee6ae4b880 - 499 null application/json; charset=utf-8 25229.5551ms
2026-07-31 16:59:12.701 +06:00 [INF] Executing OkObjectResult, writing value of type 'System.Collections.Generic.List`1[[PrivateMessenger.Domain.Entities.Conversation, PrivateMessenger.Domain, Version=1.0.0.0, Culture=neutral, PublicKeyToken=null]]'.
2026-07-31 16:59:12.706 +06:00 [INF] Executed action PrivateMessenger.Presentation.Controllers.ConversationController.GetUserConversations (PrivateMessenger.Presentation) in 8115.9798ms
2026-07-31 16:59:12.714 +06:00 [INF] Executed endpoint 'PrivateMessenger.Presentation.Controllers.ConversationController.GetUserConversations (PrivateMessenger.Presentation)'
2026-07-31 16:59:12.718 +06:00 [INF] Request finished HTTP/2 GET https://localhost:7024/api/conversations?userId=e1543e9f-a449-496f-9afc-c3ee6ae4b880 - 200 null application/json; charset=utf-8 8197.127ms
2026-07-31 16:59:19.525 +06:00 [INF] Request starting HTTP/2 GET https://localhost:7024/api/messages/19570e4b-2d74-44b2-99e4-2ce8796e66c9 - null null
2026-07-31 16:59:19.534 +06:00 [INF] CORS policy execution successful.
2026-07-31 16:59:19.537 +06:00 [INF] Executing endpoint 'PrivateMessenger.Presentation.Controllers.MessageController.GetMessages (PrivateMessenger.Presentation)'
2026-07-31 16:59:19.563 +06:00 [INF] Route matched with {action = "GetMessages", controller = "Message"}. Executing controller action with signature System.Threading.Tasks.Task`1[Microsoft.AspNetCore.Mvc.IActionResult] GetMessages(System.Guid) on controller PrivateMessenger.Presentation.Controllers.MessageController (PrivateMessenger.Presentation).
2026-07-31 16:59:19.589 +06:00 [INF] Executing OkObjectResult, writing value of type 'System.Collections.Generic.List`1[[PrivateMessenger.Domain.Entities.Message, PrivateMessenger.Domain, Version=1.0.0.0, Culture=neutral, PublicKeyToken=null]]'.
2026-07-31 16:59:19.604 +06:00 [INF] Executed action PrivateMessenger.Presentation.Controllers.MessageController.GetMessages (PrivateMessenger.Presentation) in 35.704ms
2026-07-31 16:59:19.608 +06:00 [INF] Request starting HTTP/2 GET https://localhost:7024/api/messages/19570e4b-2d74-44b2-99e4-2ce8796e66c9 - null null
2026-07-31 16:59:19.609 +06:00 [INF] Executed endpoint 'PrivateMessenger.Presentation.Controllers.MessageController.GetMessages (PrivateMessenger.Presentation)'
2026-07-31 16:59:19.619 +06:00 [INF] CORS policy execution successful.
2026-07-31 16:59:19.622 +06:00 [INF] Request finished HTTP/2 GET https://localhost:7024/api/messages/19570e4b-2d74-44b2-99e4-2ce8796e66c9 - 200 null application/json; charset=utf-8 97.4373ms
2026-07-31 16:59:19.625 +06:00 [INF] Executing endpoint 'PrivateMessenger.Presentation.Controllers.MessageController.GetMessages (PrivateMessenger.Presentation)'
2026-07-31 16:59:19.638 +06:00 [INF] Route matched with {action = "GetMessages", controller = "Message"}. Executing controller action with signature System.Threading.Tasks.Task`1[Microsoft.AspNetCore.Mvc.IActionResult] GetMessages(System.Guid) on controller PrivateMessenger.Presentation.Controllers.MessageController (PrivateMessenger.Presentation).
2026-07-31 16:59:19.647 +06:00 [INF] Executing OkObjectResult, writing value of type 'System.Collections.Generic.List`1[[PrivateMessenger.Domain.Entities.Message, PrivateMessenger.Domain, Version=1.0.0.0, Culture=neutral, PublicKeyToken=null]]'.
2026-07-31 16:59:19.651 +06:00 [INF] Executed action PrivateMessenger.Presentation.Controllers.MessageController.GetMessages (PrivateMessenger.Presentation) in 7.5231ms
2026-07-31 16:59:19.655 +06:00 [INF] Executed endpoint 'PrivateMessenger.Presentation.Controllers.MessageController.GetMessages (PrivateMessenger.Presentation)'
2026-07-31 16:59:19.658 +06:00 [INF] Request finished HTTP/2 GET https://localhost:7024/api/messages/19570e4b-2d74-44b2-99e4-2ce8796e66c9 - 200 null application/json; charset=utf-8 49.5116ms
2026-07-31 16:59:23.101 +06:00 [INF] Request starting HTTP/2 OPTIONS https://localhost:7024/api/messages - null null
2026-07-31 16:59:23.110 +06:00 [INF] CORS policy execution successful.
2026-07-31 16:59:23.112 +06:00 [INF] Request finished HTTP/2 OPTIONS https://localhost:7024/api/messages - 204 null null 10.6137ms
2026-07-31 16:59:23.115 +06:00 [INF] Request starting HTTP/2 POST https://localhost:7024/api/messages - application/json 122
2026-07-31 16:59:23.125 +06:00 [INF] CORS policy execution successful.
2026-07-31 16:59:23.127 +06:00 [INF] Executing endpoint 'PrivateMessenger.Presentation.Controllers.MessageController.SendMessage (PrivateMessenger.Presentation)'
2026-07-31 16:59:23.147 +06:00 [INF] Route matched with {action = "SendMessage", controller = "Message"}. Executing controller action with signature System.Threading.Tasks.Task`1[Microsoft.AspNetCore.Mvc.IActionResult] SendMessage(PrivateMessenger.Presentation.Controllers.SendMessageRequest) on controller PrivateMessenger.Presentation.Controllers.MessageController (PrivateMessenger.Presentation).
2026-07-31 16:59:23.372 +06:00 [INF] Executing OkObjectResult, writing value of type 'PrivateMessenger.Domain.Entities.Message'.
2026-07-31 16:59:23.376 +06:00 [INF] Executed action PrivateMessenger.Presentation.Controllers.MessageController.SendMessage (PrivateMessenger.Presentation) in 222.0345ms
2026-07-31 16:59:23.381 +06:00 [INF] Executed endpoint 'PrivateMessenger.Presentation.Controllers.MessageController.SendMessage (PrivateMessenger.Presentation)'
2026-07-31 16:59:23.386 +06:00 [INF] Request finished HTTP/2 POST https://localhost:7024/api/messages - 200 null application/json; charset=utf-8 271.043ms
2026-07-31 16:59:27.986 +06:00 [INF] Request starting HTTP/2 GET https://localhost:7024/api/messages/19570e4b-2d74-44b2-99e4-2ce8796e66c9 - null null
2026-07-31 16:59:28.003 +06:00 [INF] CORS policy execution successful.
2026-07-31 16:59:28.005 +06:00 [INF] Executing endpoint 'PrivateMessenger.Presentation.Controllers.MessageController.GetMessages (PrivateMessenger.Presentation)'
2026-07-31 16:59:28.008 +06:00 [INF] Route matched with {action = "GetMessages", controller = "Message"}. Executing controller action with signature System.Threading.Tasks.Task`1[Microsoft.AspNetCore.Mvc.IActionResult] GetMessages(System.Guid) on controller PrivateMessenger.Presentation.Controllers.MessageController (PrivateMessenger.Presentation).
2026-07-31 16:59:28.020 +06:00 [INF] Executing OkObjectResult, writing value of type 'System.Collections.Generic.List`1[[PrivateMessenger.Domain.Entities.Message, PrivateMessenger.Domain, Version=1.0.0.0, Culture=neutral, PublicKeyToken=null]]'.
2026-07-31 16:59:28.025 +06:00 [INF] Executed action PrivateMessenger.Presentation.Controllers.MessageController.GetMessages (PrivateMessenger.Presentation) in 9.7424ms
2026-07-31 16:59:28.028 +06:00 [INF] Request starting HTTP/2 GET https://localhost:7024/api/messages/19570e4b-2d74-44b2-99e4-2ce8796e66c9 - null null
2026-07-31 16:59:28.032 +06:00 [INF] Executed endpoint 'PrivateMessenger.Presentation.Controllers.MessageController.GetMessages (PrivateMessenger.Presentation)'
2026-07-31 16:59:28.038 +06:00 [INF] CORS policy execution successful.
2026-07-31 16:59:28.041 +06:00 [INF] Request finished HTTP/2 GET https://localhost:7024/api/messages/19570e4b-2d74-44b2-99e4-2ce8796e66c9 - 200 null application/json; charset=utf-8 54.7015ms
2026-07-31 16:59:28.046 +06:00 [INF] Executing endpoint 'PrivateMessenger.Presentation.Controllers.MessageController.GetMessages (PrivateMessenger.Presentation)'
2026-07-31 16:59:28.060 +06:00 [INF] Route matched with {action = "GetMessages", controller = "Message"}. Executing controller action with signature System.Threading.Tasks.Task`1[Microsoft.AspNetCore.Mvc.IActionResult] GetMessages(System.Guid) on controller PrivateMessenger.Presentation.Controllers.MessageController (PrivateMessenger.Presentation).
2026-07-31 16:59:28.067 +06:00 [INF] Executing OkObjectResult, writing value of type 'System.Collections.Generic.List`1[[PrivateMessenger.Domain.Entities.Message, PrivateMessenger.Domain, Version=1.0.0.0, Culture=neutral, PublicKeyToken=null]]'.
2026-07-31 16:59:28.074 +06:00 [INF] Executed action PrivateMessenger.Presentation.Controllers.MessageController.GetMessages (PrivateMessenger.Presentation) in 8.919ms
2026-07-31 16:59:28.078 +06:00 [INF] Executed endpoint 'PrivateMessenger.Presentation.Controllers.MessageController.GetMessages (PrivateMessenger.Presentation)'
2026-07-31 16:59:28.081 +06:00 [INF] Request finished HTTP/2 GET https://localhost:7024/api/messages/19570e4b-2d74-44b2-99e4-2ce8796e66c9 - 200 null application/json; charset=utf-8 53.3135ms
2026-07-31 16:59:32.595 +06:00 [INF] Request starting HTTP/2 OPTIONS https://localhost:7024/api/messages - null null
2026-07-31 16:59:32.604 +06:00 [INF] CORS policy execution successful.
2026-07-31 16:59:32.606 +06:00 [INF] Request finished HTTP/2 OPTIONS https://localhost:7024/api/messages - 204 null null 11.3419ms
2026-07-31 16:59:32.609 +06:00 [INF] Request starting HTTP/2 POST https://localhost:7024/api/messages - application/json 129
2026-07-31 16:59:32.621 +06:00 [INF] CORS policy execution successful.
2026-07-31 16:59:32.624 +06:00 [INF] Executing endpoint 'PrivateMessenger.Presentation.Controllers.MessageController.SendMessage (PrivateMessenger.Presentation)'
2026-07-31 16:59:32.627 +06:00 [INF] Route matched with {action = "SendMessage", controller = "Message"}. Executing controller action with signature System.Threading.Tasks.Task`1[Microsoft.AspNetCore.Mvc.IActionResult] SendMessage(PrivateMessenger.Presentation.Controllers.SendMessageRequest) on controller PrivateMessenger.Presentation.Controllers.MessageController (PrivateMessenger.Presentation).
2026-07-31 16:59:32.640 +06:00 [INF] Executing OkObjectResult, writing value of type 'PrivateMessenger.Domain.Entities.Message'.
2026-07-31 16:59:32.645 +06:00 [INF] Executed action PrivateMessenger.Presentation.Controllers.MessageController.SendMessage (PrivateMessenger.Presentation) in 11.1161ms
2026-07-31 16:59:32.669 +06:00 [INF] Executed endpoint 'PrivateMessenger.Presentation.Controllers.MessageController.SendMessage (PrivateMessenger.Presentation)'
2026-07-31 16:59:32.673 +06:00 [INF] Request finished HTTP/2 POST https://localhost:7024/api/messages - 200 null application/json; charset=utf-8 63.1583ms
2026-07-31 17:03:42.397 +06:00 [INF] Now listening on: https://localhost:7024
2026-07-31 17:03:42.494 +06:00 [INF] Now listening on: http://localhost:5041
2026-07-31 17:03:42.654 +06:00 [INF] Application started. Press Ctrl+C to shut down.
2026-07-31 17:03:42.657 +06:00 [INF] Hosting environment: Development
2026-07-31 17:03:42.659 +06:00 [INF] Content root path: D:\Projects\2026\private-messenger\backend\PrivateMessenger.Presentation
2026-07-31 17:03:57.338 +06:00 [INF] Request starting HTTP/2 GET https://localhost:7024/api/conversations?userId=e1543e9f-a449-496f-9afc-c3ee6ae4b880 - null null
2026-07-31 17:03:57.337 +06:00 [INF] Request starting HTTP/2 OPTIONS https://localhost:7024/hubs/chat/negotiate?userId=e1543e9f-a449-496f-9afc-c3ee6ae4b880&negotiateVersion=1 - null null
2026-07-31 17:03:57.441 +06:00 [INF] CORS policy execution successful.
2026-07-31 17:03:57.441 +06:00 [INF] CORS policy execution successful.
2026-07-31 17:03:57.451 +06:00 [INF] Request finished HTTP/2 OPTIONS https://localhost:7024/hubs/chat/negotiate?userId=e1543e9f-a449-496f-9afc-c3ee6ae4b880&negotiateVersion=1 - 204 null null 118.9547ms
2026-07-31 17:03:57.456 +06:00 [INF] Executing endpoint 'PrivateMessenger.Presentation.Controllers.ConversationController.GetUserConversations (PrivateMessenger.Presentation)'
2026-07-31 17:03:57.475 +06:00 [INF] Request starting HTTP/2 POST https://localhost:7024/hubs/chat/negotiate?userId=e1543e9f-a449-496f-9afc-c3ee6ae4b880&negotiateVersion=1 - null 0
2026-07-31 17:03:57.489 +06:00 [INF] CORS policy execution successful.
2026-07-31 17:03:57.495 +06:00 [INF] Executing endpoint 'hubs/chat/negotiate'
2026-07-31 17:03:57.523 +06:00 [INF] Route matched with {action = "GetUserConversations", controller = "Conversation"}. Executing controller action with signature System.Threading.Tasks.Task`1[Microsoft.AspNetCore.Mvc.IActionResult] GetUserConversations(System.Guid) on controller PrivateMessenger.Presentation.Controllers.ConversationController (PrivateMessenger.Presentation).
2026-07-31 17:03:57.524 +06:00 [INF] Executed endpoint 'hubs/chat/negotiate'
2026-07-31 17:03:57.533 +06:00 [INF] Request finished HTTP/2 POST https://localhost:7024/hubs/chat/negotiate?userId=e1543e9f-a449-496f-9afc-c3ee6ae4b880&negotiateVersion=1 - 200 316 application/json 57.5873ms
2026-07-31 17:03:57.549 +06:00 [INF] Request starting HTTP/2 CONNECT https://localhost:7024/hubs/chat?userId=e1543e9f-a449-496f-9afc-c3ee6ae4b880&id=tgS9071PbXxocL45yjjAqg - null null
2026-07-31 17:03:57.557 +06:00 [INF] CORS policy execution successful.
2026-07-31 17:03:57.559 +06:00 [INF] Executing endpoint 'hubs/chat'
2026-07-31 17:03:57.575 +06:00 [WRN] You do not have a valid license key for the Lucky Penny software MediatR. This is allowed for development and testing scenarios. If you are running in production you are required to have a licensed version. Please visit https://luckypennysoftware.com to obtain a valid license.
2026-07-31 17:04:00.768 +06:00 [INF] Request starting HTTP/2 OPTIONS https://localhost:7024/hubs/chat/negotiate?userId=0503cc94-4a56-481a-8272-70b92be07c7c&negotiateVersion=1 - null null
2026-07-31 17:04:00.775 +06:00 [INF] Request starting HTTP/2 GET https://localhost:7024/api/conversations?userId=0503cc94-4a56-481a-8272-70b92be07c7c - null null
2026-07-31 17:04:00.827 +06:00 [INF] CORS policy execution successful.
2026-07-31 17:04:00.850 +06:00 [INF] Request finished HTTP/2 OPTIONS https://localhost:7024/hubs/chat/negotiate?userId=0503cc94-4a56-481a-8272-70b92be07c7c&negotiateVersion=1 - 204 null null 81.9004ms
2026-07-31 17:04:00.847 +06:00 [INF] CORS policy execution successful.
2026-07-31 17:04:00.873 +06:00 [INF] Executing endpoint 'PrivateMessenger.Presentation.Controllers.ConversationController.GetUserConversations (PrivateMessenger.Presentation)'
2026-07-31 17:04:00.882 +06:00 [INF] Route matched with {action = "GetUserConversations", controller = "Conversation"}. Executing controller action with signature System.Threading.Tasks.Task`1[Microsoft.AspNetCore.Mvc.IActionResult] GetUserConversations(System.Guid) on controller PrivateMessenger.Presentation.Controllers.ConversationController (PrivateMessenger.Presentation).
2026-07-31 17:04:00.883 +06:00 [INF] Request starting HTTP/2 POST https://localhost:7024/hubs/chat/negotiate?userId=0503cc94-4a56-481a-8272-70b92be07c7c&negotiateVersion=1 - null 0
2026-07-31 17:04:00.915 +06:00 [INF] CORS policy execution successful.
2026-07-31 17:04:00.918 +06:00 [INF] Executing endpoint 'hubs/chat/negotiate'
2026-07-31 17:04:00.928 +06:00 [INF] Executed endpoint 'hubs/chat/negotiate'
2026-07-31 17:04:00.931 +06:00 [INF] Request finished HTTP/2 POST https://localhost:7024/hubs/chat/negotiate?userId=0503cc94-4a56-481a-8272-70b92be07c7c&negotiateVersion=1 - 200 316 application/json 47.8852ms
2026-07-31 17:04:00.942 +06:00 [INF] Request starting HTTP/2 CONNECT https://localhost:7024/hubs/chat?userId=0503cc94-4a56-481a-8272-70b92be07c7c&id=Fj1VLNXYxFokL25ocbIkNA - null null
2026-07-31 17:04:00.961 +06:00 [INF] CORS policy execution successful.
2026-07-31 17:04:00.964 +06:00 [INF] Executing endpoint 'hubs/chat'
2026-07-31 17:04:02.243 +06:00 [INF] Executing OkObjectResult, writing value of type 'System.Collections.Generic.List`1[[PrivateMessenger.Domain.Entities.Conversation, PrivateMessenger.Domain, Version=1.0.0.0, Culture=neutral, PublicKeyToken=null]]'.
2026-07-31 17:04:02.306 +06:00 [INF] Executed action PrivateMessenger.Presentation.Controllers.ConversationController.GetUserConversations (PrivateMessenger.Presentation) in 1398.1302ms
2026-07-31 17:04:02.312 +06:00 [INF] Executed endpoint 'PrivateMessenger.Presentation.Controllers.ConversationController.GetUserConversations (PrivateMessenger.Presentation)'
2026-07-31 17:04:02.328 +06:00 [INF] Request finished HTTP/2 GET https://localhost:7024/api/conversations?userId=0503cc94-4a56-481a-8272-70b92be07c7c - 200 null application/json; charset=utf-8 1552.9239ms
2026-07-31 17:04:12.699 +06:00 [INF] Executed endpoint 'hubs/chat'
2026-07-31 17:04:12.796 +06:00 [INF] Request finished HTTP/2 CONNECT https://localhost:7024/hubs/chat?userId=e1543e9f-a449-496f-9afc-c3ee6ae4b880&id=tgS9071PbXxocL45yjjAqg - 200 null null 15245.2165ms
2026-07-31 17:04:12.895 +06:00 [INF] Request starting HTTP/2 OPTIONS https://localhost:7024/hubs/chat/negotiate?userId=e1543e9f-a449-496f-9afc-c3ee6ae4b880&negotiateVersion=1 - null null
2026-07-31 17:04:12.896 +06:00 [INF] Request starting HTTP/2 GET https://localhost:7024/api/conversations?userId=e1543e9f-a449-496f-9afc-c3ee6ae4b880 - null null
2026-07-31 17:04:12.909 +06:00 [INF] CORS policy execution successful.
2026-07-31 17:04:12.915 +06:00 [INF] CORS policy execution successful.
2026-07-31 17:04:12.919 +06:00 [INF] Request finished HTTP/2 OPTIONS https://localhost:7024/hubs/chat/negotiate?userId=e1543e9f-a449-496f-9afc-c3ee6ae4b880&negotiateVersion=1 - 204 null null 23.8736ms
2026-07-31 17:04:12.924 +06:00 [INF] Request starting HTTP/2 POST https://localhost:7024/hubs/chat/negotiate?userId=e1543e9f-a449-496f-9afc-c3ee6ae4b880&negotiateVersion=1 - null 0
2026-07-31 17:04:12.926 +06:00 [INF] Executing endpoint 'PrivateMessenger.Presentation.Controllers.ConversationController.GetUserConversations (PrivateMessenger.Presentation)'
2026-07-31 17:04:12.948 +06:00 [INF] CORS policy execution successful.
2026-07-31 17:04:12.957 +06:00 [INF] Route matched with {action = "GetUserConversations", controller = "Conversation"}. Executing controller action with signature System.Threading.Tasks.Task`1[Microsoft.AspNetCore.Mvc.IActionResult] GetUserConversations(System.Guid) on controller PrivateMessenger.Presentation.Controllers.ConversationController (PrivateMessenger.Presentation).
2026-07-31 17:04:12.959 +06:00 [INF] Executing endpoint 'hubs/chat/negotiate'
2026-07-31 17:04:12.976 +06:00 [INF] Executed endpoint 'hubs/chat/negotiate'
2026-07-31 17:04:12.980 +06:00 [INF] Request finished HTTP/2 POST https://localhost:7024/hubs/chat/negotiate?userId=e1543e9f-a449-496f-9afc-c3ee6ae4b880&negotiateVersion=1 - 200 316 application/json 56.1146ms
2026-07-31 17:04:13.006 +06:00 [INF] Request starting HTTP/2 CONNECT https://localhost:7024/hubs/chat?userId=e1543e9f-a449-496f-9afc-c3ee6ae4b880&id=0YUEPIcFQ3bgnFSyMEzNdQ - null null
2026-07-31 17:04:13.018 +06:00 [INF] CORS policy execution successful.
2026-07-31 17:04:13.021 +06:00 [INF] Executing endpoint 'hubs/chat'
2026-07-31 17:04:23.577 +06:00 [INF] Executing OkObjectResult, writing value of type 'System.Collections.Generic.List`1[[PrivateMessenger.Domain.Entities.Conversation, PrivateMessenger.Domain, Version=1.0.0.0, Culture=neutral, PublicKeyToken=null]]'.
2026-07-31 17:04:23.582 +06:00 [INF] Executing OkObjectResult, writing value of type 'System.Collections.Generic.List`1[[PrivateMessenger.Domain.Entities.Conversation, PrivateMessenger.Domain, Version=1.0.0.0, Culture=neutral, PublicKeyToken=null]]'.
2026-07-31 17:04:23.584 +06:00 [INF] Executed action PrivateMessenger.Presentation.Controllers.ConversationController.GetUserConversations (PrivateMessenger.Presentation) in 10612.1761ms
2026-07-31 17:04:23.592 +06:00 [INF] Executed action PrivateMessenger.Presentation.Controllers.ConversationController.GetUserConversations (PrivateMessenger.Presentation) in 26062.1963ms
2026-07-31 17:04:23.605 +06:00 [INF] Executed endpoint 'PrivateMessenger.Presentation.Controllers.ConversationController.GetUserConversations (PrivateMessenger.Presentation)'
2026-07-31 17:04:23.594 +06:00 [INF] Executed endpoint 'PrivateMessenger.Presentation.Controllers.ConversationController.GetUserConversations (PrivateMessenger.Presentation)'
2026-07-31 17:04:23.611 +06:00 [INF] Request finished HTTP/2 GET https://localhost:7024/api/conversations?userId=e1543e9f-a449-496f-9afc-c3ee6ae4b880 - 499 null application/json; charset=utf-8 26279.7429ms
2026-07-31 17:04:23.618 +06:00 [INF] Request finished HTTP/2 GET https://localhost:7024/api/conversations?userId=e1543e9f-a449-496f-9afc-c3ee6ae4b880 - 200 null application/json; charset=utf-8 10722.372ms
2026-07-31 17:04:26.709 +06:00 [INF] Request starting HTTP/2 OPTIONS https://localhost:7024/api/auth/login - null null
2026-07-31 17:04:26.717 +06:00 [INF] CORS policy execution successful.
2026-07-31 17:04:26.720 +06:00 [INF] Request finished HTTP/2 OPTIONS https://localhost:7024/api/auth/login - 204 null null 11.4983ms
2026-07-31 17:04:26.724 +06:00 [INF] Request starting HTTP/2 POST https://localhost:7024/api/auth/login - application/json 26
2026-07-31 17:04:26.742 +06:00 [INF] CORS policy execution successful.
2026-07-31 17:04:26.744 +06:00 [INF] Executing endpoint 'AuthController.Login (PrivateMessenger.Presentation)'
2026-07-31 17:04:26.772 +06:00 [INF] Route matched with {action = "Login", controller = "Auth"}. Executing controller action with signature System.Threading.Tasks.Task`1[Microsoft.AspNetCore.Mvc.IActionResult] Login(PrivateMessenger.Application.DTOs.LoginRequest) on controller AuthController (PrivateMessenger.Presentation).
2026-07-31 17:04:27.006 +06:00 [INF] Executing OkObjectResult, writing value of type '<>f__AnonymousType0`2[[System.Guid, System.Private.CoreLib, Version=10.0.0.0, Culture=neutral, PublicKeyToken=7cec85d7bea7798e],[System.String, System.Private.CoreLib, Version=10.0.0.0, Culture=neutral, PublicKeyToken=7cec85d7bea7798e]]'.
2026-07-31 17:04:27.017 +06:00 [INF] Executed action AuthController.Login (PrivateMessenger.Presentation) in 240.1203ms
2026-07-31 17:04:27.021 +06:00 [INF] Executed endpoint 'AuthController.Login (PrivateMessenger.Presentation)'
2026-07-31 17:04:27.024 +06:00 [INF] Request finished HTTP/2 POST https://localhost:7024/api/auth/login - 200 null application/json; charset=utf-8 300.2462ms
2026-07-31 17:04:27.055 +06:00 [INF] Request starting HTTP/2 GET https://localhost:7024/api/conversations?userId=c891c3a7-0ae1-4002-84b7-cdc4f55b5615 - null null
2026-07-31 17:04:27.062 +06:00 [INF] CORS policy execution successful.
2026-07-31 17:04:27.065 +06:00 [INF] Executing endpoint 'PrivateMessenger.Presentation.Controllers.ConversationController.GetUserConversations (PrivateMessenger.Presentation)'
2026-07-31 17:04:27.070 +06:00 [INF] Route matched with {action = "GetUserConversations", controller = "Conversation"}. Executing controller action with signature System.Threading.Tasks.Task`1[Microsoft.AspNetCore.Mvc.IActionResult] GetUserConversations(System.Guid) on controller PrivateMessenger.Presentation.Controllers.ConversationController (PrivateMessenger.Presentation).
2026-07-31 17:04:27.108 +06:00 [INF] Executing OkObjectResult, writing value of type 'System.Collections.Generic.List`1[[PrivateMessenger.Domain.Entities.Conversation, PrivateMessenger.Domain, Version=1.0.0.0, Culture=neutral, PublicKeyToken=null]]'.
2026-07-31 17:04:27.112 +06:00 [INF] Executed action PrivateMessenger.Presentation.Controllers.ConversationController.GetUserConversations (PrivateMessenger.Presentation) in 35.6802ms
2026-07-31 17:04:27.117 +06:00 [INF] Executed endpoint 'PrivateMessenger.Presentation.Controllers.ConversationController.GetUserConversations (PrivateMessenger.Presentation)'
2026-07-31 17:04:27.121 +06:00 [INF] Request finished HTTP/2 GET https://localhost:7024/api/conversations?userId=c891c3a7-0ae1-4002-84b7-cdc4f55b5615 - 200 null application/json; charset=utf-8 65.9253ms
2026-07-31 17:04:31.650 +06:00 [INF] Request starting HTTP/2 GET https://localhost:7024/api/users/search?query=ro&currentUserId=c891c3a7-0ae1-4002-84b7-cdc4f55b5615 - null null
2026-07-31 17:04:31.661 +06:00 [INF] CORS policy execution successful.
2026-07-31 17:04:31.666 +06:00 [INF] Executing endpoint 'PrivateMessenger.Presentation.Controllers.UserController.SearchUsers (PrivateMessenger.Presentation)'
2026-07-31 17:04:31.692 +06:00 [INF] Route matched with {action = "SearchUsers", controller = "User"}. Executing controller action with signature System.Threading.Tasks.Task`1[Microsoft.AspNetCore.Mvc.IActionResult] SearchUsers(System.String, System.Guid) on controller PrivateMessenger.Presentation.Controllers.UserController (PrivateMessenger.Presentation).
2026-07-31 17:04:32.675 +06:00 [INF] Executing OkObjectResult, writing value of type 'System.Collections.Generic.List`1[[PrivateMessenger.Domain.Entities.User, PrivateMessenger.Domain, Version=1.0.0.0, Culture=neutral, PublicKeyToken=null]]'.
2026-07-31 17:04:32.691 +06:00 [INF] Executed action PrivateMessenger.Presentation.Controllers.UserController.SearchUsers (PrivateMessenger.Presentation) in 991.5365ms
2026-07-31 17:04:32.696 +06:00 [INF] Executed endpoint 'PrivateMessenger.Presentation.Controllers.UserController.SearchUsers (PrivateMessenger.Presentation)'
2026-07-31 17:04:32.701 +06:00 [INF] Request finished HTTP/2 GET https://localhost:7024/api/users/search?query=ro&currentUserId=c891c3a7-0ae1-4002-84b7-cdc4f55b5615 - 200 null application/json; charset=utf-8 1051.3411ms
2026-07-31 17:04:32.896 +06:00 [INF] Request starting HTTP/2 GET https://localhost:7024/api/users/search?query=rimoy&currentUserId=c891c3a7-0ae1-4002-84b7-cdc4f55b5615 - null null
2026-07-31 17:04:32.904 +06:00 [INF] CORS policy execution successful.
2026-07-31 17:04:32.907 +06:00 [INF] Executing endpoint 'PrivateMessenger.Presentation.Controllers.UserController.SearchUsers (PrivateMessenger.Presentation)'
2026-07-31 17:04:32.917 +06:00 [INF] Route matched with {action = "SearchUsers", controller = "User"}. Executing controller action with signature System.Threading.Tasks.Task`1[Microsoft.AspNetCore.Mvc.IActionResult] SearchUsers(System.String, System.Guid) on controller PrivateMessenger.Presentation.Controllers.UserController (PrivateMessenger.Presentation).
2026-07-31 17:04:32.932 +06:00 [INF] Executing OkObjectResult, writing value of type 'System.Collections.Generic.List`1[[PrivateMessenger.Domain.Entities.User, PrivateMessenger.Domain, Version=1.0.0.0, Culture=neutral, PublicKeyToken=null]]'.
2026-07-31 17:04:32.942 +06:00 [INF] Executed action PrivateMessenger.Presentation.Controllers.UserController.SearchUsers (PrivateMessenger.Presentation) in 13.2905ms
2026-07-31 17:04:32.952 +06:00 [INF] Executed endpoint 'PrivateMessenger.Presentation.Controllers.UserController.SearchUsers (PrivateMessenger.Presentation)'
2026-07-31 17:04:32.956 +06:00 [INF] Request finished HTTP/2 GET https://localhost:7024/api/users/search?query=rimoy&currentUserId=c891c3a7-0ae1-4002-84b7-cdc4f55b5615 - 200 null application/json; charset=utf-8 60.0276ms
2026-07-31 17:04:34.059 +06:00 [INF] Request starting HTTP/2 OPTIONS https://localhost:7024/api/conversations/start - null null
2026-07-31 17:04:34.067 +06:00 [INF] CORS policy execution successful.
2026-07-31 17:04:34.072 +06:00 [INF] Request finished HTTP/2 OPTIONS https://localhost:7024/api/conversations/start - 204 null null 12.7989ms
2026-07-31 17:04:34.076 +06:00 [INF] Request starting HTTP/2 POST https://localhost:7024/api/conversations/start - application/json 110
2026-07-31 17:04:34.094 +06:00 [INF] CORS policy execution successful.
2026-07-31 17:04:34.097 +06:00 [INF] Executing endpoint 'PrivateMessenger.Presentation.Controllers.ConversationController.StartChat (PrivateMessenger.Presentation)'
2026-07-31 17:04:34.124 +06:00 [INF] Route matched with {action = "StartChat", controller = "Conversation"}. Executing controller action with signature System.Threading.Tasks.Task`1[Microsoft.AspNetCore.Mvc.IActionResult] StartChat(PrivateMessenger.Presentation.Controllers.StartChatRequest) on controller PrivateMessenger.Presentation.Controllers.ConversationController (PrivateMessenger.Presentation).
2026-07-31 17:04:34.216 +06:00 [INF] Executing OkObjectResult, writing value of type '<>f__AnonymousType1`1[[System.Guid, System.Private.CoreLib, Version=10.0.0.0, Culture=neutral, PublicKeyToken=7cec85d7bea7798e]]'.
2026-07-31 17:04:34.223 +06:00 [INF] Executed action PrivateMessenger.Presentation.Controllers.ConversationController.StartChat (PrivateMessenger.Presentation) in 90.6555ms
2026-07-31 17:04:34.228 +06:00 [INF] Executed endpoint 'PrivateMessenger.Presentation.Controllers.ConversationController.StartChat (PrivateMessenger.Presentation)'
2026-07-31 17:04:34.236 +06:00 [INF] Request finished HTTP/2 POST https://localhost:7024/api/conversations/start - 200 null application/json; charset=utf-8 160.0833ms
2026-07-31 17:04:34.247 +06:00 [INF] Request starting HTTP/2 GET https://localhost:7024/api/conversations?userId=c891c3a7-0ae1-4002-84b7-cdc4f55b5615 - null null
2026-07-31 17:04:34.276 +06:00 [INF] CORS policy execution successful.
2026-07-31 17:04:34.287 +06:00 [INF] Executing endpoint 'PrivateMessenger.Presentation.Controllers.ConversationController.GetUserConversations (PrivateMessenger.Presentation)'
2026-07-31 17:04:34.289 +06:00 [INF] Request starting HTTP/2 GET https://localhost:7024/api/messages/6b10ca3d-9f8e-475f-a240-595734fcab3a - null null
2026-07-31 17:04:34.291 +06:00 [INF] Route matched with {action = "GetUserConversations", controller = "Conversation"}. Executing controller action with signature System.Threading.Tasks.Task`1[Microsoft.AspNetCore.Mvc.IActionResult] GetUserConversations(System.Guid) on controller PrivateMessenger.Presentation.Controllers.ConversationController (PrivateMessenger.Presentation).
2026-07-31 17:04:34.300 +06:00 [INF] CORS policy execution successful.
2026-07-31 17:04:34.316 +06:00 [INF] Executing endpoint 'PrivateMessenger.Presentation.Controllers.MessageController.GetMessages (PrivateMessenger.Presentation)'
2026-07-31 17:04:34.320 +06:00 [INF] Executing OkObjectResult, writing value of type 'System.Collections.Generic.List`1[[PrivateMessenger.Domain.Entities.Conversation, PrivateMessenger.Domain, Version=1.0.0.0, Culture=neutral, PublicKeyToken=null]]'.
2026-07-31 17:04:34.328 +06:00 [INF] Executed action PrivateMessenger.Presentation.Controllers.ConversationController.GetUserConversations (PrivateMessenger.Presentation) in 21.6904ms
2026-07-31 17:04:34.335 +06:00 [INF] Executed endpoint 'PrivateMessenger.Presentation.Controllers.ConversationController.GetUserConversations (PrivateMessenger.Presentation)'
2026-07-31 17:04:34.342 +06:00 [INF] Request finished HTTP/2 GET https://localhost:7024/api/conversations?userId=c891c3a7-0ae1-4002-84b7-cdc4f55b5615 - 200 null application/json; charset=utf-8 94.9656ms
2026-07-31 17:04:34.344 +06:00 [INF] Route matched with {action = "GetMessages", controller = "Message"}. Executing controller action with signature System.Threading.Tasks.Task`1[Microsoft.AspNetCore.Mvc.IActionResult] GetMessages(System.Guid) on controller PrivateMessenger.Presentation.Controllers.MessageController (PrivateMessenger.Presentation).
2026-07-31 17:04:34.384 +06:00 [INF] Executing OkObjectResult, writing value of type 'System.Collections.Generic.List`1[[PrivateMessenger.Domain.Entities.Message, PrivateMessenger.Domain, Version=1.0.0.0, Culture=neutral, PublicKeyToken=null]]'.
2026-07-31 17:04:34.390 +06:00 [INF] Executed action PrivateMessenger.Presentation.Controllers.MessageController.GetMessages (PrivateMessenger.Presentation) in 29.4174ms
2026-07-31 17:04:34.393 +06:00 [INF] Request starting HTTP/2 GET https://localhost:7024/api/messages/6b10ca3d-9f8e-475f-a240-595734fcab3a - null null
2026-07-31 17:04:34.394 +06:00 [INF] Executed endpoint 'PrivateMessenger.Presentation.Controllers.MessageController.GetMessages (PrivateMessenger.Presentation)'
2026-07-31 17:04:34.401 +06:00 [INF] CORS policy execution successful.
2026-07-31 17:04:34.407 +06:00 [INF] Request finished HTTP/2 GET https://localhost:7024/api/messages/6b10ca3d-9f8e-475f-a240-595734fcab3a - 200 null application/json; charset=utf-8 118.2148ms
2026-07-31 17:04:34.412 +06:00 [INF] Executing endpoint 'PrivateMessenger.Presentation.Controllers.MessageController.GetMessages (PrivateMessenger.Presentation)'
2026-07-31 17:04:34.426 +06:00 [INF] Route matched with {action = "GetMessages", controller = "Message"}. Executing controller action with signature System.Threading.Tasks.Task`1[Microsoft.AspNetCore.Mvc.IActionResult] GetMessages(System.Guid) on controller PrivateMessenger.Presentation.Controllers.MessageController (PrivateMessenger.Presentation).
2026-07-31 17:04:34.438 +06:00 [INF] Executing OkObjectResult, writing value of type 'System.Collections.Generic.List`1[[PrivateMessenger.Domain.Entities.Message, PrivateMessenger.Domain, Version=1.0.0.0, Culture=neutral, PublicKeyToken=null]]'.
2026-07-31 17:04:34.441 +06:00 [INF] Executed action PrivateMessenger.Presentation.Controllers.MessageController.GetMessages (PrivateMessenger.Presentation) in 9.7151ms
2026-07-31 17:04:34.446 +06:00 [INF] Executed endpoint 'PrivateMessenger.Presentation.Controllers.MessageController.GetMessages (PrivateMessenger.Presentation)'
2026-07-31 17:04:34.454 +06:00 [INF] Request finished HTTP/2 GET https://localhost:7024/api/messages/6b10ca3d-9f8e-475f-a240-595734fcab3a - 200 null application/json; charset=utf-8 61.231ms
2026-07-31 17:04:38.467 +06:00 [INF] Request starting HTTP/2 OPTIONS https://localhost:7024/api/messages - null null
2026-07-31 17:04:38.476 +06:00 [INF] CORS policy execution successful.
2026-07-31 17:04:38.479 +06:00 [INF] Request finished HTTP/2 OPTIONS https://localhost:7024/api/messages - 204 null null 12.04ms
2026-07-31 17:04:38.482 +06:00 [INF] Request starting HTTP/2 POST https://localhost:7024/api/messages - application/json 122
2026-07-31 17:04:38.499 +06:00 [INF] CORS policy execution successful.
2026-07-31 17:04:38.501 +06:00 [INF] Executing endpoint 'PrivateMessenger.Presentation.Controllers.MessageController.SendMessage (PrivateMessenger.Presentation)'
2026-07-31 17:04:38.520 +06:00 [INF] Route matched with {action = "SendMessage", controller = "Message"}. Executing controller action with signature System.Threading.Tasks.Task`1[Microsoft.AspNetCore.Mvc.IActionResult] SendMessage(PrivateMessenger.Presentation.Controllers.SendMessageRequest) on controller PrivateMessenger.Presentation.Controllers.MessageController (PrivateMessenger.Presentation).
2026-07-31 17:04:38.564 +06:00 [INF] Executing OkObjectResult, writing value of type 'PrivateMessenger.Domain.Entities.Message'.
2026-07-31 17:04:38.573 +06:00 [INF] Executed action PrivateMessenger.Presentation.Controllers.MessageController.SendMessage (PrivateMessenger.Presentation) in 44.4542ms
2026-07-31 17:04:38.579 +06:00 [INF] Executed endpoint 'PrivateMessenger.Presentation.Controllers.MessageController.SendMessage (PrivateMessenger.Presentation)'
2026-07-31 17:04:38.583 +06:00 [INF] Request finished HTTP/2 POST https://localhost:7024/api/messages - 200 null application/json; charset=utf-8 100.3686ms
2026-07-31 17:04:48.238 +06:00 [INF] Executed endpoint 'hubs/chat'
2026-07-31 17:04:48.242 +06:00 [INF] Request finished HTTP/2 CONNECT https://localhost:7024/hubs/chat?userId=e1543e9f-a449-496f-9afc-c3ee6ae4b880&id=0YUEPIcFQ3bgnFSyMEzNdQ - 200 null null 35235.9242ms
2026-07-31 17:04:48.507 +06:00 [INF] Request starting HTTP/2 OPTIONS https://localhost:7024/hubs/chat/negotiate?userId=e1543e9f-a449-496f-9afc-c3ee6ae4b880&negotiateVersion=1 - null null
2026-07-31 17:04:48.509 +06:00 [INF] Request starting HTTP/2 GET https://localhost:7024/api/conversations?userId=e1543e9f-a449-496f-9afc-c3ee6ae4b880 - null null
2026-07-31 17:04:48.519 +06:00 [INF] CORS policy execution successful.
2026-07-31 17:04:48.534 +06:00 [INF] Request finished HTTP/2 OPTIONS https://localhost:7024/hubs/chat/negotiate?userId=e1543e9f-a449-496f-9afc-c3ee6ae4b880&negotiateVersion=1 - 204 null null 27.135ms
2026-07-31 17:04:48.529 +06:00 [INF] CORS policy execution successful.
2026-07-31 17:04:48.552 +06:00 [INF] Executing endpoint 'PrivateMessenger.Presentation.Controllers.ConversationController.GetUserConversations (PrivateMessenger.Presentation)'
2026-07-31 17:04:48.546 +06:00 [INF] Request starting HTTP/2 POST https://localhost:7024/hubs/chat/negotiate?userId=e1543e9f-a449-496f-9afc-c3ee6ae4b880&negotiateVersion=1 - null 0
2026-07-31 17:04:48.560 +06:00 [INF] Route matched with {action = "GetUserConversations", controller = "Conversation"}. Executing controller action with signature System.Threading.Tasks.Task`1[Microsoft.AspNetCore.Mvc.IActionResult] GetUserConversations(System.Guid) on controller PrivateMessenger.Presentation.Controllers.ConversationController (PrivateMessenger.Presentation).
2026-07-31 17:04:48.590 +06:00 [INF] CORS policy execution successful.
2026-07-31 17:04:48.604 +06:00 [INF] Executing endpoint 'hubs/chat/negotiate'
2026-07-31 17:04:48.608 +06:00 [INF] Executed endpoint 'hubs/chat/negotiate'
2026-07-31 17:04:48.611 +06:00 [INF] Request finished HTTP/2 POST https://localhost:7024/hubs/chat/negotiate?userId=e1543e9f-a449-496f-9afc-c3ee6ae4b880&negotiateVersion=1 - 200 316 application/json 66.2906ms
2026-07-31 17:04:48.621 +06:00 [INF] Request starting HTTP/2 CONNECT https://localhost:7024/hubs/chat?userId=e1543e9f-a449-496f-9afc-c3ee6ae4b880&id=P21e58nSrP7GIQgftTES7A - null null
2026-07-31 17:04:48.623 +06:00 [INF] Executing OkObjectResult, writing value of type 'System.Collections.Generic.List`1[[PrivateMessenger.Domain.Entities.Conversation, PrivateMessenger.Domain, Version=1.0.0.0, Culture=neutral, PublicKeyToken=null]]'.
2026-07-31 17:04:48.637 +06:00 [INF] CORS policy execution successful.
2026-07-31 17:04:48.642 +06:00 [INF] Executed action PrivateMessenger.Presentation.Controllers.ConversationController.GetUserConversations (PrivateMessenger.Presentation) in 45.5946ms
2026-07-31 17:04:48.647 +06:00 [INF] Executing endpoint 'hubs/chat'
2026-07-31 17:04:48.651 +06:00 [INF] Executed endpoint 'PrivateMessenger.Presentation.Controllers.ConversationController.GetUserConversations (PrivateMessenger.Presentation)'
2026-07-31 17:04:48.664 +06:00 [INF] Request finished HTTP/2 GET https://localhost:7024/api/conversations?userId=e1543e9f-a449-496f-9afc-c3ee6ae4b880 - 200 null application/json; charset=utf-8 154.6584ms
2026-07-31 17:04:50.461 +06:00 [INF] Executed endpoint 'hubs/chat'
2026-07-31 17:04:50.469 +06:00 [INF] Request finished HTTP/2 CONNECT https://localhost:7024/hubs/chat?userId=0503cc94-4a56-481a-8272-70b92be07c7c&id=Fj1VLNXYxFokL25ocbIkNA - 200 null null 49527.3666ms
2026-07-31 17:04:51.089 +06:00 [INF] Request starting HTTP/2 OPTIONS https://localhost:7024/hubs/chat/negotiate?userId=c891c3a7-0ae1-4002-84b7-cdc4f55b5615&negotiateVersion=1 - null null
2026-07-31 17:04:51.092 +06:00 [INF] Request starting HTTP/2 GET https://localhost:7024/api/conversations?userId=c891c3a7-0ae1-4002-84b7-cdc4f55b5615 - null null
2026-07-31 17:04:51.138 +06:00 [INF] CORS policy execution successful.
2026-07-31 17:04:51.170 +06:00 [INF] CORS policy execution successful.
2026-07-31 17:04:51.203 +06:00 [INF] Request finished HTTP/2 OPTIONS https://localhost:7024/hubs/chat/negotiate?userId=c891c3a7-0ae1-4002-84b7-cdc4f55b5615&negotiateVersion=1 - 204 null null 113.8633ms
2026-07-31 17:04:51.217 +06:00 [INF] Executing endpoint 'PrivateMessenger.Presentation.Controllers.ConversationController.GetUserConversations (PrivateMessenger.Presentation)'
2026-07-31 17:04:51.218 +06:00 [INF] Request starting HTTP/2 POST https://localhost:7024/hubs/chat/negotiate?userId=c891c3a7-0ae1-4002-84b7-cdc4f55b5615&negotiateVersion=1 - null 0
2026-07-31 17:04:51.245 +06:00 [INF] Route matched with {action = "GetUserConversations", controller = "Conversation"}. Executing controller action with signature System.Threading.Tasks.Task`1[Microsoft.AspNetCore.Mvc.IActionResult] GetUserConversations(System.Guid) on controller PrivateMessenger.Presentation.Controllers.ConversationController (PrivateMessenger.Presentation).
2026-07-31 17:04:51.259 +06:00 [INF] CORS policy execution successful.
2026-07-31 17:04:51.280 +06:00 [INF] Executing endpoint 'hubs/chat/negotiate'
2026-07-31 17:04:51.284 +06:00 [INF] Executed endpoint 'hubs/chat/negotiate'
2026-07-31 17:04:51.290 +06:00 [INF] Executing OkObjectResult, writing value of type 'System.Collections.Generic.List`1[[PrivateMessenger.Domain.Entities.Conversation, PrivateMessenger.Domain, Version=1.0.0.0, Culture=neutral, PublicKeyToken=null]]'.
2026-07-31 17:04:51.299 +06:00 [INF] Executed action PrivateMessenger.Presentation.Controllers.ConversationController.GetUserConversations (PrivateMessenger.Presentation) in 25.2131ms
2026-07-31 17:04:51.291 +06:00 [INF] Request finished HTTP/2 POST https://localhost:7024/hubs/chat/negotiate?userId=c891c3a7-0ae1-4002-84b7-cdc4f55b5615&negotiateVersion=1 - 200 316 application/json 72.8078ms
2026-07-31 17:04:51.301 +06:00 [INF] Request starting HTTP/2 CONNECT https://localhost:7024/hubs/chat?userId=c891c3a7-0ae1-4002-84b7-cdc4f55b5615&id=15NMxmqeIQIz9bmVfJ-ckg - null null
2026-07-31 17:04:51.309 +06:00 [INF] Executed endpoint 'PrivateMessenger.Presentation.Controllers.ConversationController.GetUserConversations (PrivateMessenger.Presentation)'
2026-07-31 17:04:51.338 +06:00 [INF] CORS policy execution successful.
2026-07-31 17:04:51.343 +06:00 [INF] Request finished HTTP/2 GET https://localhost:7024/api/conversations?userId=c891c3a7-0ae1-4002-84b7-cdc4f55b5615 - 200 null application/json; charset=utf-8 250.9126ms
2026-07-31 17:04:51.359 +06:00 [INF] Executing endpoint 'hubs/chat'
2026-07-31 17:04:54.196 +06:00 [INF] Request starting HTTP/2 GET https://localhost:7024/api/messages/6b10ca3d-9f8e-475f-a240-595734fcab3a - null null
2026-07-31 17:04:54.207 +06:00 [INF] CORS policy execution successful.
2026-07-31 17:04:54.210 +06:00 [INF] Executing endpoint 'PrivateMessenger.Presentation.Controllers.MessageController.GetMessages (PrivateMessenger.Presentation)'
2026-07-31 17:04:54.215 +06:00 [INF] Route matched with {action = "GetMessages", controller = "Message"}. Executing controller action with signature System.Threading.Tasks.Task`1[Microsoft.AspNetCore.Mvc.IActionResult] GetMessages(System.Guid) on controller PrivateMessenger.Presentation.Controllers.MessageController (PrivateMessenger.Presentation).
2026-07-31 17:04:54.240 +06:00 [INF] Executing OkObjectResult, writing value of type 'System.Collections.Generic.List`1[[PrivateMessenger.Domain.Entities.Message, PrivateMessenger.Domain, Version=1.0.0.0, Culture=neutral, PublicKeyToken=null]]'.
2026-07-31 17:04:54.244 +06:00 [INF] Executed action PrivateMessenger.Presentation.Controllers.MessageController.GetMessages (PrivateMessenger.Presentation) in 14.73ms
2026-07-31 17:04:54.247 +06:00 [INF] Request starting HTTP/2 GET https://localhost:7024/api/messages/6b10ca3d-9f8e-475f-a240-595734fcab3a - null null
2026-07-31 17:04:54.252 +06:00 [INF] Executed endpoint 'PrivateMessenger.Presentation.Controllers.MessageController.GetMessages (PrivateMessenger.Presentation)'
2026-07-31 17:04:54.260 +06:00 [INF] CORS policy execution successful.
2026-07-31 17:04:54.273 +06:00 [INF] Executing endpoint 'PrivateMessenger.Presentation.Controllers.MessageController.GetMessages (PrivateMessenger.Presentation)'
2026-07-31 17:04:54.264 +06:00 [INF] Request finished HTTP/2 GET https://localhost:7024/api/messages/6b10ca3d-9f8e-475f-a240-595734fcab3a - 200 null application/json; charset=utf-8 67.8018ms
2026-07-31 17:04:54.277 +06:00 [INF] Route matched with {action = "GetMessages", controller = "Message"}. Executing controller action with signature System.Threading.Tasks.Task`1[Microsoft.AspNetCore.Mvc.IActionResult] GetMessages(System.Guid) on controller PrivateMessenger.Presentation.Controllers.MessageController (PrivateMessenger.Presentation).
2026-07-31 17:04:54.303 +06:00 [INF] Executing OkObjectResult, writing value of type 'System.Collections.Generic.List`1[[PrivateMessenger.Domain.Entities.Message, PrivateMessenger.Domain, Version=1.0.0.0, Culture=neutral, PublicKeyToken=null]]'.
2026-07-31 17:04:54.307 +06:00 [INF] Executed action PrivateMessenger.Presentation.Controllers.MessageController.GetMessages (PrivateMessenger.Presentation) in 11.1434ms
2026-07-31 17:04:54.313 +06:00 [INF] Executed endpoint 'PrivateMessenger.Presentation.Controllers.MessageController.GetMessages (PrivateMessenger.Presentation)'
2026-07-31 17:04:54.320 +06:00 [INF] Request finished HTTP/2 GET https://localhost:7024/api/messages/6b10ca3d-9f8e-475f-a240-595734fcab3a - 200 null application/json; charset=utf-8 72.2285ms
2026-07-31 17:04:58.682 +06:00 [INF] Request starting HTTP/2 OPTIONS https://localhost:7024/api/messages - null null
2026-07-31 17:04:58.691 +06:00 [INF] CORS policy execution successful.
2026-07-31 17:04:58.694 +06:00 [INF] Request finished HTTP/2 OPTIONS https://localhost:7024/api/messages - 204 null null 11.1954ms
2026-07-31 17:04:58.697 +06:00 [INF] Request starting HTTP/2 POST https://localhost:7024/api/messages - application/json 130
2026-07-31 17:04:58.711 +06:00 [INF] CORS policy execution successful.
2026-07-31 17:04:58.718 +06:00 [INF] Executing endpoint 'PrivateMessenger.Presentation.Controllers.MessageController.SendMessage (PrivateMessenger.Presentation)'
2026-07-31 17:04:58.722 +06:00 [INF] Route matched with {action = "SendMessage", controller = "Message"}. Executing controller action with signature System.Threading.Tasks.Task`1[Microsoft.AspNetCore.Mvc.IActionResult] SendMessage(PrivateMessenger.Presentation.Controllers.SendMessageRequest) on controller PrivateMessenger.Presentation.Controllers.MessageController (PrivateMessenger.Presentation).
2026-07-31 17:04:58.738 +06:00 [INF] Executing OkObjectResult, writing value of type 'PrivateMessenger.Domain.Entities.Message'.
2026-07-31 17:04:58.741 +06:00 [INF] Executed action PrivateMessenger.Presentation.Controllers.MessageController.SendMessage (PrivateMessenger.Presentation) in 7.5027ms
2026-07-31 17:04:58.751 +06:00 [INF] Executed endpoint 'PrivateMessenger.Presentation.Controllers.MessageController.SendMessage (PrivateMessenger.Presentation)'
2026-07-31 17:04:58.756 +06:00 [INF] Request finished HTTP/2 POST https://localhost:7024/api/messages - 200 null application/json; charset=utf-8 59.2828ms
2026-07-31 17:05:01.427 +06:00 [INF] Request starting HTTP/2 GET https://localhost:7024/api/messages/6b10ca3d-9f8e-475f-a240-595734fcab3a - null null
2026-07-31 17:05:01.438 +06:00 [INF] CORS policy execution successful.
2026-07-31 17:05:01.440 +06:00 [INF] Executing endpoint 'PrivateMessenger.Presentation.Controllers.MessageController.GetMessages (PrivateMessenger.Presentation)'
2026-07-31 17:05:01.445 +06:00 [INF] Route matched with {action = "GetMessages", controller = "Message"}. Executing controller action with signature System.Threading.Tasks.Task`1[Microsoft.AspNetCore.Mvc.IActionResult] GetMessages(System.Guid) on controller PrivateMessenger.Presentation.Controllers.MessageController (PrivateMessenger.Presentation).
2026-07-31 17:05:01.476 +06:00 [INF] Executing OkObjectResult, writing value of type 'System.Collections.Generic.List`1[[PrivateMessenger.Domain.Entities.Message, PrivateMessenger.Domain, Version=1.0.0.0, Culture=neutral, PublicKeyToken=null]]'.
2026-07-31 17:05:01.485 +06:00 [INF] Executed action PrivateMessenger.Presentation.Controllers.MessageController.GetMessages (PrivateMessenger.Presentation) in 10.7263ms
2026-07-31 17:05:01.487 +06:00 [INF] Request starting HTTP/2 GET https://localhost:7024/api/messages/6b10ca3d-9f8e-475f-a240-595734fcab3a - null null
2026-07-31 17:05:01.492 +06:00 [INF] Executed endpoint 'PrivateMessenger.Presentation.Controllers.MessageController.GetMessages (PrivateMessenger.Presentation)'
2026-07-31 17:05:01.509 +06:00 [INF] Request finished HTTP/2 GET https://localhost:7024/api/messages/6b10ca3d-9f8e-475f-a240-595734fcab3a - 200 null application/json; charset=utf-8 81.4862ms
2026-07-31 17:05:01.503 +06:00 [INF] CORS policy execution successful.
2026-07-31 17:05:01.529 +06:00 [INF] Executing endpoint 'PrivateMessenger.Presentation.Controllers.MessageController.GetMessages (PrivateMessenger.Presentation)'
2026-07-31 17:05:01.533 +06:00 [INF] Route matched with {action = "GetMessages", controller = "Message"}. Executing controller action with signature System.Threading.Tasks.Task`1[Microsoft.AspNetCore.Mvc.IActionResult] GetMessages(System.Guid) on controller PrivateMessenger.Presentation.Controllers.MessageController (PrivateMessenger.Presentation).
2026-07-31 17:05:01.543 +06:00 [INF] Executing OkObjectResult, writing value of type 'System.Collections.Generic.List`1[[PrivateMessenger.Domain.Entities.Message, PrivateMessenger.Domain, Version=1.0.0.0, Culture=neutral, PublicKeyToken=null]]'.
2026-07-31 17:05:01.549 +06:00 [INF] Executed action PrivateMessenger.Presentation.Controllers.MessageController.GetMessages (PrivateMessenger.Presentation) in 9.0931ms
2026-07-31 17:05:01.554 +06:00 [INF] Executed endpoint 'PrivateMessenger.Presentation.Controllers.MessageController.GetMessages (PrivateMessenger.Presentation)'
2026-07-31 17:05:01.562 +06:00 [INF] Request finished HTTP/2 GET https://localhost:7024/api/messages/6b10ca3d-9f8e-475f-a240-595734fcab3a - 200 null application/json; charset=utf-8 74.7879ms
2026-07-31 17:05:05.572 +06:00 [INF] Request starting HTTP/2 OPTIONS https://localhost:7024/api/messages - null null
2026-07-31 17:05:05.580 +06:00 [INF] CORS policy execution successful.
2026-07-31 17:05:05.583 +06:00 [INF] Request finished HTTP/2 OPTIONS https://localhost:7024/api/messages - 204 null null 11.6329ms
2026-07-31 17:05:05.587 +06:00 [INF] Request starting HTTP/2 POST https://localhost:7024/api/messages - application/json 131
2026-07-31 17:05:05.605 +06:00 [INF] CORS policy execution successful.
2026-07-31 17:05:05.608 +06:00 [INF] Executing endpoint 'PrivateMessenger.Presentation.Controllers.MessageController.SendMessage (PrivateMessenger.Presentation)'
2026-07-31 17:05:05.613 +06:00 [INF] Route matched with {action = "SendMessage", controller = "Message"}. Executing controller action with signature System.Threading.Tasks.Task`1[Microsoft.AspNetCore.Mvc.IActionResult] SendMessage(PrivateMessenger.Presentation.Controllers.SendMessageRequest) on controller PrivateMessenger.Presentation.Controllers.MessageController (PrivateMessenger.Presentation).
2026-07-31 17:05:05.630 +06:00 [INF] Executing OkObjectResult, writing value of type 'PrivateMessenger.Domain.Entities.Message'.
2026-07-31 17:05:05.638 +06:00 [INF] Executed action PrivateMessenger.Presentation.Controllers.MessageController.SendMessage (PrivateMessenger.Presentation) in 11.7747ms
2026-07-31 17:05:05.652 +06:00 [INF] Executed endpoint 'PrivateMessenger.Presentation.Controllers.MessageController.SendMessage (PrivateMessenger.Presentation)'
2026-07-31 17:05:05.657 +06:00 [INF] Request finished HTTP/2 POST https://localhost:7024/api/messages - 200 null application/json; charset=utf-8 69.9734ms
2026-07-31 18:16:22.739 +06:00 [INF] Now listening on: https://localhost:7024
2026-07-31 18:16:22.862 +06:00 [INF] Now listening on: http://localhost:5041
2026-07-31 18:16:23.587 +06:00 [INF] Application started. Press Ctrl+C to shut down.
2026-07-31 18:16:23.590 +06:00 [INF] Hosting environment: Development
2026-07-31 18:16:23.592 +06:00 [INF] Content root path: D:\Projects\2026\private-messenger\backend\PrivateMessenger.Presentation
2026-07-31 18:17:20.505 +06:00 [INF] Request starting HTTP/2 GET https://localhost:7024/swagger - null null
2026-07-31 18:17:21.050 +06:00 [INF] Request finished HTTP/2 GET https://localhost:7024/swagger - 301 null null 554.74ms
2026-07-31 18:17:21.072 +06:00 [INF] Request starting HTTP/2 GET https://localhost:7024/swagger/index.html - null null
2026-07-31 18:17:21.424 +06:00 [INF] Request finished HTTP/2 GET https://localhost:7024/swagger/index.html - 200 null text/html;charset=utf-8 339.4818ms
2026-07-31 18:17:21.430 +06:00 [INF] Request starting HTTP/2 GET https://localhost:7024/swagger/swagger-ui.css - null null
2026-07-31 18:17:21.450 +06:00 [INF] Request starting HTTP/2 GET https://localhost:7024/swagger/index.css - null null
2026-07-31 18:17:21.452 +06:00 [INF] Request starting HTTP/2 GET https://localhost:7024/swagger/swagger-ui-bundle.js - null null
2026-07-31 18:17:21.453 +06:00 [INF] Request starting HTTP/2 GET https://localhost:7024/swagger/swagger-ui-standalone-preset.js - null null
2026-07-31 18:17:21.599 +06:00 [INF] Request finished HTTP/2 GET https://localhost:7024/swagger/index.css - 200 152 text/css 148.3491ms
2026-07-31 18:17:21.611 +06:00 [INF] Request starting HTTP/2 GET https://localhost:7024/_framework/aspnetcore-browser-refresh.js - null null
2026-07-31 18:17:21.612 +06:00 [INF] Request starting HTTP/2 GET https://localhost:7024/swagger/index.js - null null
2026-07-31 18:17:21.614 +06:00 [INF] Request starting HTTP/2 GET https://localhost:7024/_vs/browserLink - null null
2026-07-31 18:17:21.661 +06:00 [INF] Request finished HTTP/2 GET https://localhost:7024/swagger/swagger-ui.css - 200 26499 text/css 231.1162ms
2026-07-31 18:17:21.684 +06:00 [INF] Request finished HTTP/2 GET https://localhost:7024/swagger/swagger-ui-standalone-preset.js - 200 77731 text/javascript 231.4706ms
2026-07-31 18:17:21.692 +06:00 [INF] Request finished HTTP/2 GET https://localhost:7024/swagger/swagger-ui-bundle.js - 200 421507 text/javascript 239.4433ms
2026-07-31 18:17:21.719 +06:00 [INF] Request finished HTTP/2 GET https://localhost:7024/_framework/aspnetcore-browser-refresh.js - 200 14963 application/javascript; charset=utf-8 108.0337ms
2026-07-31 18:17:21.731 +06:00 [INF] Request finished HTTP/2 GET https://localhost:7024/swagger/index.js - 200 null application/javascript;charset=utf-8 118.1589ms
2026-07-31 18:17:22.026 +06:00 [INF] Request finished HTTP/2 GET https://localhost:7024/_vs/browserLink - 200 null text/javascript; charset=UTF-8 412.1907ms
2026-07-31 18:17:22.579 +06:00 [INF] Request starting HTTP/2 GET https://localhost:7024/swagger/v1/swagger.json - null null
2026-07-31 18:17:22.630 +06:00 [INF] Request starting HTTP/2 GET https://localhost:7024/swagger/favicon-32x32.png - null null
2026-07-31 18:17:23.153 +06:00 [INF] Request finished HTTP/2 GET https://localhost:7024/swagger/favicon-32x32.png - 200 628 image/png 523.2483ms
2026-07-31 18:17:23.187 +06:00 [INF] Request finished HTTP/2 GET https://localhost:7024/swagger/v1/swagger.json - 200 null application/json;charset=utf-8 607.5126ms
2026-07-31 18:17:34.330 +06:00 [INF] Request starting HTTP/2 GET https://localhost:7024/api/users/search?query=kader - null null
2026-07-31 18:17:34.368 +06:00 [INF] Executing endpoint 'PrivateMessenger.Presentation.Controllers.UserController.SearchUsers (PrivateMessenger.Presentation)'
2026-07-31 18:17:34.469 +06:00 [INF] Route matched with {action = "SearchUsers", controller = "User"}. Executing controller action with signature System.Threading.Tasks.Task`1[Microsoft.AspNetCore.Mvc.IActionResult] SearchUsers(System.String, System.Guid) on controller PrivateMessenger.Presentation.Controllers.UserController (PrivateMessenger.Presentation).
2026-07-31 18:17:34.530 +06:00 [WRN] You do not have a valid license key for the Lucky Penny software MediatR. This is allowed for development and testing scenarios. If you are running in production you are required to have a licensed version. Please visit https://luckypennysoftware.com to obtain a valid license.
2026-07-31 18:17:41.216 +06:00 [INF] Executing OkObjectResult, writing value of type 'System.Collections.Generic.List`1[[PrivateMessenger.Domain.Entities.User, PrivateMessenger.Domain, Version=1.0.0.0, Culture=neutral, PublicKeyToken=null]]'.
2026-07-31 18:17:41.283 +06:00 [INF] Executed action PrivateMessenger.Presentation.Controllers.UserController.SearchUsers (PrivateMessenger.Presentation) in 6787.7493ms
2026-07-31 18:17:41.291 +06:00 [INF] Executed endpoint 'PrivateMessenger.Presentation.Controllers.UserController.SearchUsers (PrivateMessenger.Presentation)'
2026-07-31 18:17:41.297 +06:00 [INF] Request finished HTTP/2 GET https://localhost:7024/api/users/search?query=kader - 200 null application/json; charset=utf-8 6967.2847ms
